evidence_id,source,domain,url,title,observed_evidence,classified_model,functional_clarity_1_5,minimalism_1_5,mobile_1_5,reduced_motion_1_5,cms_resilience_1_5,motion_cost_1_5,smyc_fit_1_5,verdict,evidence_confidence,decision_rationale,access_limitation,cohort
1,Autodesk,help.autodesk.com,https://help.autodesk.com/cloudhelp/2025/ENU/Revit-HaveYouTried/files/GUID-4C06C282-C106-4285-B677-1C5D3481717E.htm,Depth cueing,거리가 멀수록 선·톤의 강도를 낮추는 깊이 단서가 사용된다.,partial-visible,4,4,4,3,5,1,4,본문 원칙을 직접 재확인한 보충 근거,4/5,좌우 비활성 템플릿과 포켓 후면의 대비를 중앙보다 낮춰 원근감을 주는 근거.,기존 679행 검증 원장의 관찰 메모를 이번 질문에 맞게 재분류,reference-reclassification
2,Awwwards,awwwards.com,https://www.awwwards.com/sites/20-years-inspired-by-people,20 Years Inspired by People - Awwwards Honorable Mention,Awwwards 개별 사례 페이지의 title·meta description에서 확인된 키워드: 관련 기술 키워드 없음,partial-visible,4,4,4,3,5,1,4,배제,4/5,"마스크, 개구부, 레이어",기존 679행 검증 원장의 관찰 메모를 이번 질문에 맞게 재분류,reference-reclassification
3,Awwwards,awwwards.com,https://www.awwwards.com/sites/ai-in-design-report-2026,Ai in Design Report 2026 - Awwwards Honorable Mention,"Awwwards 개별 사례 페이지의 title·meta description에서 확인된 키워드: motion, editorial",hidden-offstage,3,4,2,3,3,3,4,채택,5/5,"전환, motion, 모션",기존 679행 검증 원장의 관찰 메모를 이번 질문에 맞게 재분류,reference-reclassification
4,Awwwards,awwwards.com,https://www.awwwards.com/sites/alethia,Alethia - Awwwards Honorable Mention,Awwwards 개별 사례 페이지의 title·meta description에서 확인된 키워드: interaction,hidden-offstage,3,4,2,3,3,3,4,채택,5/5,"전환, 모션, interaction",기존 679행 검증 원장의 관찰 메모를 이번 질문에 맞게 재분류,reference-reclassification
5,Awwwards,awwwards.com,https://www.awwwards.com/sites/artem-shcherbakov,Artem Shcherbakov - Awwwards SOTD,"Awwwards 개별 사례 페이지의 title·meta description에서 확인된 키워드: webgl, transition, interactive, portfolio, typography",hidden-offstage,3,4,2,3,3,4,4,채택,5/5,"transition, 전환, 모션",기존 679행 검증 원장의 관찰 메모를 이번 질문에 맞게 재분류,reference-reclassification
6,Awwwards,awwwards.com,https://www.awwwards.com/sites/bla-station,Blå Station - Awwwards Honorable Mention,"Awwwards 개별 사례 페이지의 title·meta description에서 확인된 키워드: editorial, performance",center-only,5,5,4,5,5,1,5,보조 채택,5/5,"미니멀, editorial, 여백, 접근성",기존 679행 검증 원장의 관찰 메모를 이번 질문에 맞게 재분류,reference-reclassification
7,Awwwards,awwwards.com,https://www.awwwards.com/sites/ciao-energy-launch-website,CIAO ENERGY - LAUNCH WEBSITE - Awwwards SOTD,"Awwwards 개별 사례 페이지의 title·meta description에서 확인된 키워드: 3d, three.js, immersive, interactive",layered-stack,3,2,2,3,3,4,2,채택,5/5,"3d, immersive",기존 679행 검증 원장의 관찰 메모를 이번 질문에 맞게 재분류,reference-reclassification
8,Awwwards,awwwards.com,https://www.awwwards.com/sites/crxtianhub-portfolio,CRXTIANHUB — PORTFOLIO - Awwwards Honorable Mention,Awwwards 개별 사례 페이지의 title·meta description에서 확인된 키워드: portfolio,center-only,5,5,4,5,5,1,5,보조 채택,5/5,"미니멀, 여백",기존 679행 검증 원장의 관찰 메모를 이번 질문에 맞게 재분류,reference-reclassification
9,Awwwards,awwwards.com,https://www.awwwards.com/sites/cobloc,Cobloc - Awwwards Honorable Mention,Awwwards 개별 사례 페이지의 title·meta description에서 확인된 키워드: architecture,partial-visible,4,4,4,3,5,1,4,채택,5/5,"가림, 개구부, architect, 건축, 깊이, 레이어",기존 679행 검증 원장의 관찰 메모를 이번 질문에 맞게 재분류,reference-reclassification
10,Awwwards,awwwards.com,https://www.awwwards.com/sites/ducati-superleggera-v4,Ducati Superleggera V4 - Awwwards Honorable Mention,Awwwards 개별 사례 페이지의 title·meta description에서 확인된 키워드: immersive,partial-visible,4,4,4,3,5,2,4,채택,5/5,"가림, 개구부, 건축, 깊이, 레이어",기존 679행 검증 원장의 관찰 메모를 이번 질문에 맞게 재분류,reference-reclassification
11,Awwwards,awwwards.com,https://www.awwwards.com/sites/hiroto-sato,Hiroto Sato - Awwwards SOTD,"Awwwards 개별 사례 페이지의 title·meta description에서 확인된 키워드: 3d, motion, interactive, portfolio",hidden-offstage,3,4,2,3,3,4,4,채택,5/5,"전환, motion, 모션",기존 679행 검증 원장의 관찰 메모를 이번 질문에 맞게 재분류,reference-reclassification
12,Awwwards,awwwards.com,https://www.awwwards.com/sites/house-of-honey-1,House of Honey - Awwwards SOTD,Awwwards 개별 사례 페이지의 title·meta description에서 확인된 키워드: editorial,center-only,5,5,4,5,5,1,5,보조 채택,5/5,"미니멀, editorial, 여백",기존 679행 검증 원장의 관찰 메모를 이번 질문에 맞게 재분류,reference-reclassification
13,Awwwards,awwwards.com,https://www.awwwards.com/sites/kononenko-architectural-bureau,Kononenko Architectural Bureau - Awwwards Honorable Mention,"Awwwards 개별 사례 페이지의 title·meta description에서 확인된 키워드: architectural, minimal, typography",partial-visible,4,5,4,3,5,1,5,채택,5/5,"가림, 개구부, architect, 건축, 깊이, 레이어",기존 679행 검증 원장의 관찰 메모를 이번 질문에 맞게 재분류,reference-reclassification
14,Awwwards,awwwards.com,https://www.awwwards.com/sites/longbow,Longbow - Awwwards SOTD,"Awwwards 개별 사례 페이지의 title·meta description에서 확인된 키워드: animation, typography, clean",center-only,5,5,4,5,5,1,5,채택,5/5,"미니멀, clean, typography",기존 679행 검증 원장의 관찰 메모를 이번 질문에 맞게 재분류,reference-reclassification
15,Awwwards,awwwards.com,https://www.awwwards.com/sites/made-with-gsap-1,Made With Gsap - Awwwards SOTD,Awwwards 개별 사례 페이지의 title·meta description에서 확인된 키워드: gsap,partial-visible,4,4,4,3,5,1,4,채택,5/5,"가림, 개구부, 건축, 깊이, 레이어",기존 679행 검증 원장의 관찰 메모를 이번 질문에 맞게 재분류,reference-reclassification
16,Awwwards,awwwards.com,https://www.awwwards.com/sites/made-in-may,Made in May - Awwwards Honorable Mention,"Awwwards 개별 사례 페이지의 title·meta description에서 확인된 키워드: transition, interaction",hidden-offstage,3,4,2,3,3,3,4,채택,5/5,"transition, 전환, 모션, interaction",기존 679행 검증 원장의 관찰 메모를 이번 질문에 맞게 재분류,reference-reclassification
17,Awwwards,awwwards.com,https://www.awwwards.com/sites/mr-day,Mr Day - Awwwards Honorable Mention,"Awwwards 개별 사례 페이지의 title·meta description에서 확인된 키워드: architecture, animation",partial-visible,4,4,4,3,5,1,4,채택,5/5,"가림, 개구부, architect, 건축, 깊이, 레이어",기존 679행 검증 원장의 관찰 메모를 이번 질문에 맞게 재분류,reference-reclassification
18,Awwwards,awwwards.com,https://www.awwwards.com/sites/nexola-agencys-website,NEXOLA - Agency’s Website - Awwwards Honorable Mention,"Awwwards 개별 사례 페이지의 title·meta description에서 확인된 키워드: animation, portfolio",layered-stack,3,4,2,3,3,4,4,채택,3/5,"Awwwards 개별 사례 페이지의 title·meta description에서 확인된 키워드: animation, portfolio",기존 679행 검증 원장의 관찰 메모를 이번 질문에 맞게 재분류,reference-reclassification
19,Awwwards,awwwards.com,https://www.awwwards.com/sites/normal-is-boring,NORMAL IS BORING - Awwwards SOTD,Awwwards 개별 사례 페이지의 title·meta description에서 확인된 키워드: motion,hidden-offstage,3,4,2,3,3,3,4,채택,5/5,"전환, motion, 모션",기존 679행 검증 원장의 관찰 메모를 이번 질문에 맞게 재분류,reference-reclassification
20,Awwwards,awwwards.com,https://www.awwwards.com/sites/no-art,No Art - Awwwards Honorable Mention,"Awwwards 개별 사례 페이지의 title·meta description에서 확인된 키워드: immersive, interactive",layered-stack,3,2,2,3,3,4,2,채택,4/5,immersive,기존 679행 검증 원장의 관찰 메모를 이번 질문에 맞게 재분류,reference-reclassification
21,Awwwards,awwwards.com,https://www.awwwards.com/sites/noomo-showcase,Noomo Showcase - Awwwards SOTD,Awwwards 개별 사례 페이지의 title·meta description에서 확인된 키워드: immersive,layered-stack,3,2,2,3,3,4,2,채택,4/5,immersive,기존 679행 검증 원장의 관찰 메모를 이번 질문에 맞게 재분류,reference-reclassification
22,Awwwards,awwwards.com,https://www.awwwards.com/sites/obys-r-experiment-space,Obys® Experiment Space - Awwwards SOTD,Awwwards 개별 사례 페이지의 title·meta description에서 확인된 키워드: interactive,partial-visible,4,4,4,3,5,1,4,채택,5/5,"가림, 개구부, 건축, 깊이, 레이어",기존 679행 검증 원장의 관찰 메모를 이번 질문에 맞게 재분류,reference-reclassification
23,Awwwards,awwwards.com,https://www.awwwards.com/sites/oobe-xr,Oobe-Xr - Awwwards Honorable Mention,Awwwards 개별 사례 페이지의 title·meta description에서 확인된 키워드: immersive,layered-stack,3,2,2,3,3,4,2,채택,4/5,immersive,기존 679행 검증 원장의 관찰 메모를 이번 질문에 맞게 재분류,reference-reclassification
24,Awwwards,awwwards.com,https://www.awwwards.com/sites/planetooote-digital-obsession,PLANETOOOTE :Digital Obsession - Awwwards Honorable Mention,Awwwards 개별 사례 페이지의 title·meta description에서 확인된 키워드: immersive,layered-stack,3,2,2,3,3,4,2,채택,4/5,immersive,기존 679행 검증 원장의 관찰 메모를 이번 질문에 맞게 재분류,reference-reclassification
25,Awwwards,awwwards.com,https://www.awwwards.com/sites/pelizzari-studio-2,Pelizzari Studio - Awwwards Honorable Mention,Awwwards 개별 사례 페이지의 title·meta description에서 확인된 키워드: architecture,partial-visible,4,4,4,3,5,1,4,채택,5/5,"가림, 개구부, architect, 건축, 깊이, 레이어",기존 679행 검증 원장의 관찰 메모를 이번 질문에 맞게 재분류,reference-reclassification
26,Awwwards,awwwards.com,https://www.awwwards.com/sites/radian,Radian - Awwwards SOTD,"Awwwards 개별 사례 페이지의 title·meta description에서 확인된 키워드: scroll, interaction",hidden-offstage,3,4,2,3,3,3,4,채택,5/5,"전환, 모션, interaction",기존 679행 검증 원장의 관찰 메모를 이번 질문에 맞게 재분류,reference-reclassification
27,Awwwards,awwwards.com,https://www.awwwards.com/sites/sstr-friction-reduction,SSTR - Friction Reduction - Awwwards Honorable Mention,"Awwwards 개별 사례 페이지의 title·meta description에서 확인된 키워드: 3d, motion, minimal, editorial, grid",center-only,5,5,4,5,5,1,5,채택,5/5,"minimal, 미니멀, editorial",기존 679행 검증 원장의 관찰 메모를 이번 질문에 맞게 재분류,reference-reclassification
28,Awwwards,awwwards.com,https://www.awwwards.com/sites/spotify-wrapped-party,Spotify Wrapped Party - Awwwards SOTD,Awwwards 개별 사례 페이지의 title·meta description에서 확인된 키워드: layer,partial-visible,4,4,4,3,5,1,4,채택,5/5,"마스크, 가림, 개구부, 건축, 깊이, layer, 레이어",기존 679행 검증 원장의 관찰 메모를 이번 질문에 맞게 재분류,reference-reclassification
29,Awwwards,awwwards.com,https://www.awwwards.com/sites/trionn-2,TRIONN - Awwwards SOTD,"Awwwards 개별 사례 페이지의 title·meta description에서 확인된 키워드: three.js, motion, gsap",hidden-offstage,3,4,2,3,3,3,4,채택,5/5,"전환, motion, 모션",기존 679행 검증 원장의 관찰 메모를 이번 질문에 맞게 재분류,reference-reclassification
30,Awwwards,awwwards.com,https://www.awwwards.com/sites/viacheslav-novoseltsev,Viacheslav Novoseltsev - Awwwards Honorable Mention,Awwwards 개별 사례 페이지의 title·meta description에서 확인된 키워드: portfolio,layered-stack,3,4,2,3,3,4,4,보조 채택,3/5,Awwwards 개별 사례 페이지의 title·meta description에서 확인된 키워드: portfolio,기존 679행 검증 원장의 관찰 메모를 이번 질문에 맞게 재분류,reference-reclassification
31,Awwwards,awwwards.com,https://www.awwwards.com/sites/yungbld-creative-studio,YUNGBLD CREATIVE STUDIO - Awwwards Honorable Mention,Awwwards 개별 사례 페이지의 title·meta description에서 확인된 키워드: animation,partial-visible,4,4,4,3,5,1,4,채택,5/5,"가림, 개구부, 건축, 깊이, 레이어",기존 679행 검증 원장의 관찰 메모를 이번 질문에 맞게 재분류,reference-reclassification
32,Awwwards,awwwards.com,https://www.awwwards.com/sites/kettal-com,kettal.com - Awwwards Honorable Mention,Awwwards 개별 사례 페이지의 title·meta description에서 확인된 키워드: immersive,layered-stack,3,2,2,3,3,4,2,채택,4/5,immersive,기존 679행 검증 원장의 관찰 메모를 이번 질문에 맞게 재분류,reference-reclassification
33,Awwwards,awwwards.com,https://www.awwwards.com/sites/apini-studio,àpini studio - Awwwards Honorable Mention,Awwwards 개별 사례 페이지의 title·meta description에서 확인된 키워드: clean,center-only,5,5,4,5,5,1,5,보조 채택,5/5,"미니멀, 여백, clean",기존 679행 검증 원장의 관찰 메모를 이번 질문에 맞게 재분류,reference-reclassification
34,Codrops,tympanus.net,https://tympanus.net/codrops/2025/05/27/animated-product-grid-preview-with-gsap-clip-path/,Animated Product Grid Preview with GSAP & Clip-Path,"Codrops 공식 WordPress API 제목·초록에서 확인된 키워드: clip, interactive, gsap, grid",partial-visible,4,5,4,3,5,1,5,채택,5/5,"마스크, 가림, 개구부, 건축, 깊이, 레이어",기존 679행 검증 원장의 관찰 메모를 이번 질문에 맞게 재분류,reference-reclassification
35,Codrops,tympanus.net,https://tympanus.net/codrops/2026/03/31/arnaud-roccas-portfolio-from-a-gsap-powered-motion-system-to-fluid-webgl/,Arnaud Rocca’s Portfolio: From a GSAP-Powered Motion System to Fluid WebGL,"Codrops 공식 WordPress API 제목·초록에서 확인된 키워드: webgl, animation, motion, transition, interaction, portfolio",hidden-offstage,3,4,2,3,3,4,4,채택,5/5,"transition, 전환, motion, 모션, interaction",기존 679행 검증 원장의 관찰 메모를 이번 질문에 맞게 재분류,reference-reclassification
36,Codrops,tympanus.net,https://tympanus.net/codrops/2025/11/20/behind-the-kai-design-dept-experience-webgl-line-blur-video-scrubbing-and-3d-animation/,"Behind the KAI Design Dept. Experience: WebGL Line Blur, Video Scrubbing, and 3D Animation","Codrops 공식 WordPress API 제목·초록에서 확인된 키워드: 3d, webgl, animation",layered-stack,3,2,2,3,3,4,2,채택,5/5,"3d, webgl",기존 679행 검증 원장의 관찰 메모를 이번 질문에 맞게 재분류,reference-reclassification
37,Codrops,tympanus.net,https://tympanus.net/codrops/2026/07/27/between-print-and-digital-the-making-of-mersis-website/,Between Print and Digital: The Making of MERSI’s Website,"Codrops 공식 WordPress API 제목·초록에서 확인된 키워드: immersive, architectural, motion, interactive, editorial, quiet",center-only,5,5,4,5,5,1,5,채택,5/5,"미니멀, editorial",기존 679행 검증 원장의 관찰 메모를 이번 질문에 맞게 재분류,reference-reclassification
38,Codrops,tympanus.net,https://tympanus.net/codrops/2025/08/06/building-aether-1-sound-without-boundaries/,Building Aether 1: Sound Without Boundaries,"A case study on Aether 1, where 3D, sound, and WebGL merge into an unbounded experience.",layered-stack,3,2,2,3,3,4,2,"채택: 단일 소실점, 후면-콘텐츠-전면 마스크 순서 검증에 사용",5/5,"3d, webgl",기존 679행 검증 원장의 관찰 메모를 이번 질문에 맞게 재분류,reference-reclassification
39,Codrops,tympanus.net,https://tympanus.net/codrops/2026/02/26/building-async-page-transitions-in-vanilla-javascript/,Building Async Page Transitions in Vanilla JavaScript,"Learn how to build a lightweight SPA router with true async crossfade page transitions using Vanilla JavaScript, GSAP, and Vite — no framework required.",center-only,5,5,4,5,5,1,5,"부분 채택: 3상태 순환·전환 타이밍 참고, 과도한 장식 모션은 배제",4/5,"fade, crossfade",기존 679행 검증 원장의 관찰 메모를 이번 질문에 맞게 재분류,reference-reclassification
40,Codrops,tympanus.net,https://tympanus.net/codrops/2025/04/08/3d-world-in-the-browser-with-blender-and-three-js/,Building a Fully-Featured 3D World in the Browser with Blender and Three.js,"Go behind the scenes of an immersive 3D museum built with Blender and Three.js, and explore the creative process, technical decisions, and browser-ready workflow that brought it to life.",layered-stack,3,2,2,3,3,4,2,"채택: 단일 소실점, 후면-콘텐츠-전면 마스크 순서 검증에 사용",5/5,"3d, immersive",기존 679행 검증 원장의 관찰 메모를 이번 질문에 맞게 재분류,reference-reclassification
41,Codrops,tympanus.net,https://tympanus.net/codrops/2025/10/29/building-a-layered-zoom-scroll-effect-with-gsap-scrollsmoother-and-scrolltrigger/,Building a Layered Zoom Scroll Effect with GSAP ScrollSmoother and ScrollTrigger,"Codrops 공식 WordPress API 제목·초록에서 확인된 키워드: depth, layer, layered, animation, scroll, gsap",partial-visible,4,4,4,3,5,1,4,채택,5/5,"마스크, 가림, 개구부, 건축, depth, 깊이, layer, 레이어",기존 679행 검증 원장의 관찰 메모를 이번 질문에 맞게 재분류,reference-reclassification
42,Codrops,tympanus.net,https://tympanus.net/codrops/2026/03/09/building-a-scroll-reactive-3d-gallery-with-three-js-velocity-and-mood-based-backgrounds/,"Building a Scroll-Reactive 3D Gallery with Three.js, Velocity, and Mood-Based Backgrounds","Codrops 공식 WordPress API 제목·초록에서 확인된 키워드: depth, 3d, webgl, three.js, layer, layered, gallery, motion, scroll",layered-stack,3,2,2,3,3,4,2,채택,5/5,"3d, webgl, depth, layered",기존 679행 검증 원장의 관찰 메모를 이번 질문에 맞게 재분류,reference-reclassification
43,Codrops,tympanus.net,https://tympanus.net/codrops/2026/02/02/building-a-scroll-revealed-webgl-gallery-with-gsap-three-js-astro-and-barba-js/,"Building a Scroll-Revealed WebGL Gallery with GSAP, Three.js, Astro and Barba.js","Codrops 공식 WordPress API 제목·초록에서 확인된 키워드: webgl, three.js, reveal, gallery, transition, scroll, gsap",hidden-offstage,3,4,2,3,3,4,4,채택,5/5,"reveal, transition, 전환, 모션, 마스크",기존 679행 검증 원장의 관찰 메모를 이번 질문에 맞게 재분류,reference-reclassification
44,Codrops,tympanus.net,https://tympanus.net/codrops/2023/04/27/building-a-webgl-carousel-with-react-three-fiber-and-gsap/,Building a WebGL Carousel with React Three Fiber and GSAP,"Learn how to create an interactive 3D carousel using WebGL, React Three Fiber, and GSAP with this step-by-step tutorial.",layered-stack,3,2,2,3,3,4,2,"채택: 단일 소실점, 후면-콘텐츠-전면 마스크 순서 검증에 사용",5/5,"3d, webgl, carousel",기존 679행 검증 원장의 관찰 메모를 이번 질문에 맞게 재분류,reference-reclassification
45,Codrops,tympanus.net,https://tympanus.net/codrops/2026/07/30/building-an-infinite-gsap-scroll-gallery-with-parallax-and-flip-transitions/,Building an Infinite GSAP Scroll Gallery with Parallax and Flip Transitions,"Codrops 공식 WordPress API 제목·초록에서 확인된 키워드: reveal, gallery, infinite, animation, transition, scroll, gsap",hidden-offstage,3,4,2,3,3,4,4,채택,5/5,"reveal, transition, 전환, 모션, 마스크",기존 679행 검증 원장의 관찰 메모를 이번 질문에 맞게 재분류,reference-reclassification
46,Codrops,tympanus.net,https://tympanus.net/codrops/2026/07/09/building-an-interactive-wave-propagation-cube-grid-with-three-js/,Building an Interactive Wave Propagation Cube Grid with Three.js,"Codrops 공식 WordPress API 제목·초록에서 확인된 키워드: 3d, three.js, interactive, minimal, grid",center-only,5,5,4,5,5,1,5,채택,5/5,"minimal, 미니멀",기존 679행 검증 원장의 관찰 메모를 이번 질문에 맞게 재분류,reference-reclassification
47,Codrops,tympanus.net,https://tympanus.net/codrops/2025/03/03/css-meets-voxel-art-building-a-rendering-engine-with-stacked-grids/,CSS Meets Voxel Art: Building a Rendering Engine with Stacked Grids,"Learn how transforms, perspective, and stacked grids can create a fully addressable 3D space and push the boundaries of what’s possible with pure CSS.",layered-stack,3,3,2,3,3,4,3,"채택: 단일 소실점, 후면-콘텐츠-전면 마스크 순서 검증에 사용",5/5,"stack, 3d, perspective",기존 679행 검증 원장의 관찰 메모를 이번 질문에 맞게 재분류,reference-reclassification
48,Codrops,tympanus.net,https://tympanus.net/codrops/2025/11/10/crafting-generative-css-worlds/,Crafting Generative CSS Worlds,Learn how stacked grids and 3D transforms can bring heightmaps to life using nothing but the power of CSS.,layered-stack,3,3,2,3,3,4,3,"채택: 단일 소실점, 후면-콘텐츠-전면 마스크 순서 검증에 사용",5/5,"stack, 3d",기존 679행 검증 원장의 관찰 메모를 이번 질문에 맞게 재분류,reference-reclassification
49,Codrops,tympanus.net,https://tympanus.net/codrops/2025/09/18/creating-an-immersive-3d-weather-visualization-with-react-three-fiber/,Creating an Immersive 3D Weather Visualization with React Three Fiber,"Codrops 공식 WordPress API 제목·초록에서 확인된 키워드: 3d, immersive, interactive",layered-stack,3,2,2,3,3,4,2,채택,5/5,"3d, immersive",기존 679행 검증 원장의 관찰 메모를 이번 질문에 맞게 재분류,reference-reclassification
50,Codrops,tympanus.net,https://tympanus.net/codrops/2026/05/02/designing-against-the-gallery-a-two-year-journey-to-a-layered-portfolio-experience/,Designing Against the Gallery: A Two-Year Journey to a Layered Portfolio Experience,"Codrops 공식 WordPress API 제목·초록에서 확인된 키워드: layer, layered, gallery, portfolio",partial-visible,4,5,4,3,5,1,5,채택,5/5,"마스크, 가림, 개구부, 건축, 깊이, layer, 레이어, gallery",기존 679행 검증 원장의 관찰 메모를 이번 질문에 맞게 재분류,reference-reclassification
51,Codrops,tympanus.net,https://tympanus.net/codrops/2025/06/25/designing-truekind-a-skincare-brands-journey-through-moodboards-motion-and-meaning/,"Designing TrueKind: A Skincare Brand’s Journey Through Moodboards, Motion, and Meaning","Codrops 공식 WordPress API 제목·초록에서 확인된 키워드: reveal, motion, gsap",hidden-offstage,3,4,2,3,3,3,4,채택,5/5,"reveal, 전환, motion, 모션, 마스크",기존 679행 검증 원장의 관찰 메모를 이번 질문에 맞게 재분류,reference-reclassification
52,Codrops,tympanus.net,https://tympanus.net/codrops/2025/01/24/developer-spotlight-mario-sanchez-maselli/,Developer Spotlight: Mario Sanchez Maselli,"Meet Mario, developer &#038; co-founder of Non-Linear Studio. Specializing in interactive design, animation, 3D, WebGL, &#038; creative development.",layered-stack,3,2,2,3,3,4,2,"채택: 단일 소실점, 후면-콘텐츠-전면 마스크 순서 검증에 사용",5/5,"3d, webgl",기존 679행 검증 원장의 관찰 메모를 이번 질문에 맞게 재분류,reference-reclassification
53,Codrops,tympanus.net,https://tympanus.net/codrops/2026/03/24/digital-craft-wild-soul-building-san-ritas-topographic-web-experience/,"Digital Craft, Wild Soul: Building San Rita’s Topographic Web Experience","Codrops 공식 WordPress API 제목·초록에서 확인된 키워드: 3d, immersive, motion, portfolio",layered-stack,3,3,2,3,3,4,3,채택,5/5,"3d, immersive",기존 679행 검증 원장의 관찰 메모를 이번 질문에 맞게 재분류,reference-reclassification
54,Codrops,tympanus.net,https://tympanus.net/codrops/2012/04/30/fluid-css3-slideshow-with-parallax-effect/,Fluid CSS3 Slideshow with Parallax Effect | Codrops,"개별 페이지의 title·meta·공개 본문에서 확인된 키워드: depth, 3d, webgl, three.js, clip, reveal, window, carousel, slider, slideshow, animation, transition, scroll, interaction, portfolio, grid, performance",hidden-offstage,4,4,2,3,3,4,4,채택,5/5,"reveal, transition, 전환, slide, 모션, interaction, 마스크, clip",기존 679행 검증 원장의 관찰 메모를 이번 질문에 맞게 재분류,reference-reclassification
55,Codrops,tympanus.net,https://tympanus.net/codrops/2025/10/03/fluid-worlds-and-layered-visions-tomoya-okadas-digital-craft/,Fluid Worlds and Layered Visions: Tomoya Okada’s Digital Craft,"Codrops 공식 WordPress API 제목·초록에서 확인된 키워드: immersive, layer, layered, motion",partial-visible,4,4,4,3,5,2,4,채택,5/5,"마스크, 가림, 개구부, 건축, 깊이, layer, 레이어",기존 679행 검증 원장의 관찰 메모를 이번 질문에 맞게 재분류,reference-reclassification
56,Codrops,tympanus.net,https://tympanus.net/codrops/2026/02/24/from-flat-to-spatial-creating-a-3d-product-grid-with-react-three-fiber/,From Flat to Spatial: Creating a 3D Product Grid with React Three Fiber,"Codrops 공식 WordPress API 제목·초록에서 확인된 키워드: spatial, 3d, animation, grid, performance",center-only,5,5,4,5,5,1,5,채택,5/5,"미니멀, 접근성",기존 679행 검증 원장의 관찰 메모를 이번 질문에 맞게 재분류,reference-reclassification
57,Codrops,tympanus.net,https://tympanus.net/codrops/2026/05/06/from-shader-uniforms-to-clip-path-wipes-how-gsap-drives-my-portfolio/,From Shader Uniforms to Clip-Path Wipes: How GSAP Drives My Portfolio,"Codrops 공식 WordPress API 제목·초록에서 확인된 키워드: clip, reveal, gsap, portfolio",hidden-offstage,3,4,2,3,3,3,4,채택,5/5,"reveal, 전환, 모션, 마스크, clip, wipe",기존 679행 검증 원장의 관찰 메모를 이번 질문에 맞게 재분류,reference-reclassification
58,Codrops,tympanus.net,https://tympanus.net/codrops/2025/10/08/how-to-animate-webgl-shaders-with-gsap-ripples-reveals-and-dynamic-blur-effects/,"How to Animate WebGL Shaders with GSAP: Ripples, Reveals, and Dynamic Blur Effects","Codrops 공식 WordPress API 제목·초록에서 확인된 키워드: webgl, reveal, gsap",hidden-offstage,3,4,2,3,3,4,4,채택,5/5,"reveal, 전환, 모션, 마스크",기존 679행 검증 원장의 관찰 메모를 이번 질문에 맞게 재분류,reference-reclassification
59,Codrops,tympanus.net,https://tympanus.net/codrops/2025/11/19/how-to-build-cinematic-3d-scroll-experiences-with-gsap/,How to Build Cinematic 3D Scroll Experiences with GSAP,"Codrops 공식 WordPress API 제목·초록에서 확인된 키워드: 3d, webgl, three.js, immersive, motion, scroll, gsap",layered-stack,3,2,2,3,3,4,2,채택,5/5,"3d, webgl, immersive",기존 679행 검증 원장의 관찰 메모를 이번 질문에 맞게 재분류,reference-reclassification
60,Codrops,tympanus.net,https://tympanus.net/codrops/2025/10/13/how-to-build-an-immersive-3d-circular-carousel-in-wordpress-using-droip/,How to Build an Immersive 3D Circular Carousel in WordPress Using Droip,"Codrops 공식 WordPress API 제목·초록에서 확인된 키워드: 3d, immersive, carousel",layered-stack,3,2,2,3,3,4,2,채택,5/5,"3d, carousel, immersive",기존 679행 검증 원장의 관찰 메모를 이번 질문에 맞게 재분류,reference-reclassification
61,Codrops,tympanus.net,https://tympanus.net/codrops/2013/02/27/image-techniques-for-creating-depth-in-web-design/,Image Techniques for Creating Depth in Web Design | Codrops,"개별 페이지의 title·meta·공개 본문에서 확인된 키워드: perspective, depth, 3d, webgl, layer, clip, window, animation, motion, transition, scroll, portfolio, grid, performance",partial-visible,4,5,4,3,5,2,5,채택,5/5,"마스크, 가림, 개구부, 건축, depth, 깊이, perspective, layer, 레이어",기존 679행 검증 원장의 관찰 메모를 이번 질문에 맞게 재분류,reference-reclassification
62,Codrops,tympanus.net,https://tympanus.net/codrops/2026/06/29/inside-bisous-designing-an-editorial-experience-for-cinematic-cgi/,Inside Bisous: Designing an Editorial Experience for Cinematic CGI,"A behind-the-scenes look at how editorial composition, purposeful motion, and minimalist design create a portfolio that lets cinematic CGI take the spotlight.",center-only,5,5,4,5,5,1,5,"부분 채택: 3상태 순환·전환 타이밍 참고, 과도한 장식 모션은 배제",4/5,"minimal, editorial, 에디토리얼",기존 679행 검증 원장의 관찰 메모를 이번 질문에 맞게 재분류,reference-reclassification
63,Codrops,tympanus.net,https://tympanus.net/codrops/2026/03/05/inside-corentin-bernadous-portfolio-swiss-inspired-layouts-webgl-geometry-and-thoughtful-motion/,"Inside Corentin Bernadou’s Portfolio: Swiss-Inspired Layouts, WebGL Geometry, and Thoughtful Motion","Codrops 공식 WordPress API 제목·초록에서 확인된 키워드: webgl, motion, editorial, portfolio",center-only,5,5,4,5,5,1,5,채택,5/5,"미니멀, editorial",기존 679행 검증 원장의 관찰 메모를 이번 질문에 맞게 재분류,reference-reclassification
64,Codrops,tympanus.net,https://tympanus.net/codrops/2026/04/20/interactive-storytelling-for-the-web-building-immersive-stories-with-timelines-3d-and-layered-scenes/,"Interactive Storytelling for the Web: Building Immersive Stories with Timelines, 3D, and Layered Scenes","Codrops 공식 WordPress API 제목·초록에서 확인된 키워드: 3d, immersive, layer, layered, motion, interaction, interactive",layered-stack,3,2,2,3,3,4,2,채택,5/5,"3d, layered, immersive",기존 679행 검증 원장의 관찰 메모를 이번 질문에 맞게 재분류,reference-reclassification
65,Codrops,tympanus.net,https://tympanus.net/codrops/2025/08/28/interactive-video-projection-mapping-with-three-js/,Interactive Video Projection Mapping with Three.js,"Codrops 공식 WordPress API 제목·초록에서 확인된 키워드: 3d, three.js, mask, motion, interactive, grid",partial-visible,4,5,4,3,5,2,5,채택,5/5,"mask, 마스크, 가림, 개구부, 건축, 깊이, 레이어",기존 679행 검증 원장의 관찰 메모를 이번 질문에 맞게 재분류,reference-reclassification
66,Codrops,tympanus.net,https://tympanus.net/codrops/2026/02/18/joffrey-spitzer-portfolio-a-minimalist-astro-gsap-build-with-reveals-flip-transitions-and-subtle-motion/,"Joffrey Spitzer Portfolio: A Minimalist Astro + GSAP Build with Reveals, Flip Transitions and Subtle Motion","Codrops 공식 WordPress API 제목·초록에서 확인된 키워드: reveal, animation, motion, transition, gsap, minimal, portfolio",hidden-offstage,3,4,2,3,3,3,4,채택,5/5,"reveal, transition, 전환, motion, 모션, 마스크",기존 679행 검증 원장의 관찰 메모를 이번 질문에 맞게 재분류,reference-reclassification
67,Codrops,tympanus.net,https://tympanus.net/codrops/2019/01/24/layer-motion-slideshow/,Layer Motion Slideshow,A CSS Grid-based slideshow template with a layer motion effect on the main image and title.,hidden-offstage,3,4,2,3,3,3,4,"채택: 단일 소실점, 후면-콘텐츠-전면 마스크 순서 검증에 사용",5/5,"slide, motion, 모션, 마스크",기존 679행 검증 원장의 관찰 메모를 이번 질문에 맞게 재분류,reference-reclassification
68,Codrops,tympanus.net,https://tympanus.net/codrops/2026/02/04/making-motion-behave-inside-vladyslav-penevs-production-ready-interaction-systems/,Making Motion Behave: Inside Vladyslav Penev’s Production-Ready Interaction Systems,"Codrops 공식 WordPress API 제목·초록에서 확인된 키워드: 3d, webgl, motion, interaction",hidden-offstage,3,4,2,3,3,4,4,채택,5/5,"전환, motion, 모션, interaction",기존 679행 검증 원장의 관찰 메모를 이번 질문에 맞게 재분류,reference-reclassification
69,Codrops,tympanus.net,https://tympanus.net/codrops/2025/11/21/one-canvas-to-rule-them-all-how-ink-games-new-site-handles-complex-3d/,One Canvas to Rule Them All: How INK Games’ New Site Handles Complex 3D,"Codrops 공식 WordPress API 제목·초록에서 확인된 키워드: 3d, webgl, layer, layered, animation, scroll",layered-stack,3,2,2,3,3,4,2,채택,5/5,"3d, webgl, layered",기존 679행 검증 원장의 관찰 메모를 이번 질문에 맞게 재분류,reference-reclassification
70,Codrops,tympanus.net,https://tympanus.net/codrops/2011/01/03/parallax-slider/,Parallax Slider with jQuery | Codrops,"개별 페이지의 title·meta·공개 본문에서 확인된 키워드: perspective, depth, 3d, webgl, clip, window, slider, slideshow, horizontal, animation, motion, transition, scroll, portfolio, grid, performance",layered-stack,4,3,2,3,3,4,3,채택,5/5,"3d, webgl, perspective, depth, slider, parallax",기존 679행 검증 원장의 관찰 메모를 이번 질문에 맞게 재분류,reference-reclassification
71,Codrops,tympanus.net,https://tympanus.net/codrops/2026/03/27/pell-mell-crafting-a-visual-exploration-platform-with-editorial-rhythm/,Pell Mell: Crafting a Visual Exploration Platform with Editorial Rhythm,"Codrops 공식 WordPress API 제목·초록에서 확인된 키워드: immersive, scroll, interaction, editorial, performance",center-only,5,5,4,5,5,1,5,채택,5/5,"미니멀, editorial, 접근성",기존 679행 검증 원장의 관찰 메모를 이번 질문에 맞게 재분류,reference-reclassification
72,Codrops,tympanus.net,https://tympanus.net/codrops/2026/02/17/reactive-depth-building-a-scroll-driven-3d-image-tube-with-react-three-fiber/,Reactive Depth: Building a Scroll-Driven 3D Image Tube with React Three Fiber,"Codrops 공식 WordPress API 제목·초록에서 확인된 키워드: depth, 3d, infinite, loop, motion, scroll",layered-stack,3,3,2,3,3,4,3,채택,5/5,"3d, depth",기존 679행 검증 원장의 관찰 메모를 이번 질문에 맞게 재분류,reference-reclassification
73,Codrops,tympanus.net,https://tympanus.net/codrops/2026/03/11/svg-mask-transitions-on-scroll-with-gsap-and-scrolltrigger/,SVG Mask Transitions on Scroll with GSAP and ScrollTrigger,"Codrops 공식 WordPress API 제목·초록에서 확인된 키워드: mask, reveal, transition, scroll, gsap, grid",hidden-offstage,3,4,2,3,3,3,4,채택,5/5,"reveal, transition, 전환, 모션, mask, 마스크",기존 679행 검증 원장의 관찰 메모를 이번 질문에 맞게 재분류,reference-reclassification
74,Codrops,tympanus.net,https://tympanus.net/codrops/2026/07/15/the-architecture-behind-trionn-coordinating-gsap-three-js-lenis-and-web-audio/,"The Architecture Behind Trionn: Coordinating GSAP, Three.js, Lenis, and Web Audio","Codrops 공식 WordPress API 제목·초록에서 확인된 키워드: three.js, architecture, layer, animation, interaction, gsap",partial-visible,4,4,4,3,5,1,4,채택,5/5,"마스크, 가림, 개구부, architect, 건축, 깊이, layer, 레이어",기존 679행 검증 원장의 관찰 메모를 이번 질문에 맞게 재분류,reference-reclassification
75,Codrops,tympanus.net,https://tympanus.net/codrops/2026/05/28/the-never-ending-story-building-a-seamless-infinite-scroll-experience-with-gsap-lenis/,The Never Ending Story: Building a Seamless Infinite Scroll Experience with GSAP & Lenis,"Codrops 공식 WordPress API 제목·초록에서 확인된 키워드: depth, layer, layered, infinite, scroll, gsap, parallax",partial-visible,4,4,4,3,5,2,4,채택,5/5,"마스크, 가림, 개구부, 건축, depth, 깊이, layer, 레이어",기존 679행 검증 원장의 관찰 메모를 이번 질문에 맞게 재분류,reference-reclassification
76,Codrops,tympanus.net,https://tympanus.net/codrops/2025/10/14/the-underdogs-crown-clay-boans-3d-playground-of-design-motion-and-gsap-magic/,"The Underdog’s Crown: Clay Boan’s 3D Playground of Design, Motion, and GSAP Magic","Codrops 공식 WordPress API 제목·초록에서 확인된 키워드: 3d, webgl, animation, motion, gsap, portfolio",layered-stack,3,3,2,3,3,4,3,채택,5/5,"3d, webgl",기존 679행 검증 원장의 관찰 메모를 이번 질문에 맞게 재분류,reference-reclassification
77,Codrops,tympanus.net,https://tympanus.net/codrops/2026/03/04/webgl-for-designers-creating-interactive-shader-driven-graphics-directly-in-the-browser/,"WebGL for Designers: Creating Interactive, Shader-Driven Graphics Directly in the Browser","Codrops 공식 WordPress API 제목·초록에서 확인된 키워드: webgl, layer, interactive",partial-visible,4,4,4,3,5,2,4,채택,5/5,"마스크, 가림, 개구부, 건축, 깊이, layer, 레이어",기존 679행 검증 원장의 관찰 메모를 이번 질문에 맞게 재분류,reference-reclassification
78,Codrops,tympanus.net,https://tympanus.net/codrops/css_reference/perspective/,perspective | Codrops,"개별 페이지의 title·meta·공개 본문에서 확인된 키워드: perspective, depth, 3d, webgl, layer, mask, clip, window, loop, animation, motion, transition, scroll, portfolio, grid, performance",partial-visible,4,5,4,3,5,2,5,채택,5/5,"mask, 마스크, 가림, 개구부, 건축, depth, 깊이, perspective, layer, 레이어",기존 679행 검증 원장의 관찰 메모를 이번 질문에 맞게 재분류,reference-reclassification
79,Codrops,tympanus.net,https://tympanus.net/codrops/?p=21765,perspective-origin | Codrops,"개별 페이지의 title·meta·공개 본문에서 확인된 키워드: perspective, 3d, webgl, three.js, mask, clip, window, loop, horizontal, animation, motion, transition, scroll, portfolio, grid, performance",hidden-offstage,4,4,2,3,3,4,4,채택,5/5,"transition, 전환, motion, 모션, mask, 마스크, clip",기존 679행 검증 원장의 관찰 메모를 이번 질문에 맞게 재분류,reference-reclassification
80,Codrops,tympanus.net,https://tympanus.net/codrops/css_reference/transform/,transform | Codrops,"개별 페이지의 title·meta·공개 본문에서 확인된 키워드: perspective, depth, 3d, webgl, mask, clip, window, horizontal, animation, transition, scroll, interaction, portfolio, grid, performance",partial-visible,4,5,4,3,5,2,5,채택,5/5,"mask, 마스크, 가림, 개구부, 건축, depth, 깊이, perspective, 레이어",기존 679행 검증 원장의 관찰 메모를 이번 질문에 맞게 재분류,reference-reclassification
81,Figma,www.figma.com,https://www.figma.com/best-practices/groups-versus-frames/,Groups versus frames,프레임은 클리핑·제약·레이아웃을 가진 구조적 컨테이너다.,partial-visible,4,4,4,3,5,1,4,본문 원칙을 직접 재확인한 보충 근거,5/5,좌우 포켓을 단순 잘라내기가 아니라 독립 프레임과 전면 가리개로 구성해야 한다는 근거.,기존 679행 검증 원장의 관찰 메모를 이번 질문에 맞게 재분류,reference-reclassification
82,Figma Help,help.figma.com,https://help.figma.com/hc/en-us/articles/360041488473-Apply-effects-to-layers,Apply effects to layers,레이어별 그림자·블러·투명도 효과를 독립적으로 적용할 수 있다.,partial-visible,4,4,4,3,5,1,4,본문 원칙을 직접 재확인한 보충 근거,5/5,"후면 벽, 포켓 안쪽, 전면 립의 명암을 분리해 깊이를 만들 수 있다는 구현 근거.",기존 679행 검증 원장의 관찰 메모를 이번 질문에 맞게 재분류,reference-reclassification
83,Figma Help,help.figma.com,https://help.figma.com/hc/en-us/articles/360040450253-Masks,Masks in Figma,마스크는 원본 오브젝트를 비파괴적으로 보존한 채 보이는 영역만 제한한다.,partial-visible,4,4,4,3,5,1,4,본문 원칙을 직접 재확인한 보충 근거,5/5,포켓 전면 가리개와 전체 템플릿을 별도 레이어로 유지해야 한다는 직접 도구 근거.,기존 679행 검증 원장의 관찰 메모를 이번 질문에 맞게 재분류,reference-reclassification
84,NIH PMC,pmc.ncbi.nlm.nih.gov,https://pmc.ncbi.nlm.nih.gov/articles/PMC3485797/,Depth perception from occlusion,부분 가림은 상대 깊이를 강하게 지각시키는 단안 단서다.,partial-visible,4,4,4,3,5,1,4,본문 원칙을 직접 재확인한 보충 근거,5/5,과도한 원근 회전 없이도 일부 노출과 가림만으로 깊이를 만들 수 있다는 근거.,기존 679행 검증 원장의 관찰 메모를 이번 질문에 맞게 재분류,reference-reclassification
85,NIH PMC,pmc.ncbi.nlm.nih.gov,https://pmc.ncbi.nlm.nih.gov/articles/PMC5871781/,Occlusion contours and border ownership,가림 윤곽과 경계 소유권은 앞·뒤 물체의 깊이 해석에 핵심 단서를 제공한다.,partial-visible,4,4,4,3,5,1,4,본문 원칙을 직접 재확인한 보충 근거,5/5,전면 건축 레이어가 템플릿 가장자리를 덮어야 내부에 들어간 것으로 읽힌다는 시지각 근거.,기존 679행 검증 원장의 관찰 메모를 이번 질문에 맞게 재분류,reference-reclassification
86,NIH PMC,pmc.ncbi.nlm.nih.gov,https://pmc.ncbi.nlm.nih.gov/articles/PMC5731627/,T-junctions and depth order,T-junction은 가려진 윤곽과 가리는 윤곽의 깊이 순서를 전달한다.,partial-visible,4,4,4,3,5,1,4,본문 원칙을 직접 재확인한 보충 근거,5/5,좌우 템플릿의 일부를 전면 포켓 경계가 덮을 때 깊이가 자연스럽게 생기는 근거.,기존 679행 검증 원장의 관찰 메모를 이번 질문에 맞게 재분류,reference-reclassification
87,W3C WAI,www.w3.org,https://www.w3.org/WAI/ARIA/apg/patterns/carousel/,ARIA Authoring Practices Guide: Carousel Pattern,일반적인 캐러셀은 한 번에 한 슬라이드를 표시하고 이전·다음 제어 및 비활성 슬라이드 숨김을 명확히 한다.,center-only,5,5,4,5,5,1,5,본문 원칙을 직접 재확인한 보충 근거,5/5,중앙 단일 항목과 명시적 제어가 가장 예측 가능한 접근성 기준이라는 근거.,기존 679행 검증 원장의 관찰 메모를 이번 질문에 맞게 재분류,reference-reclassification
88,W3C WAI,www.w3.org,https://www.w3.org/WAI/tutorials/carousels/animations/,Carousel animations,전환 중 현재·다음 슬라이드가 함께 보일 수 있으나 활성 상태와 보조기술 노출을 명확히 관리해야 한다.,hidden-offstage,3,4,2,3,3,3,4,본문 원칙을 직접 재확인한 보충 근거,5/5,숨김 항목이 진입할 때 시각·접근성 상태를 동기화해야 한다는 근거.,기존 679행 검증 원장의 관찰 메모를 이번 질문에 맞게 재분류,reference-reclassification
89,W3C WAI,www.w3.org,https://www.w3.org/WAI/tutorials/carousels/,Carousels Tutorial,캐러셀 콘텐츠는 발견하기 어려울 수 있으므로 명확한 탐색·상태·정지 제어가 필요하다.,center-only,5,5,4,5,5,1,5,본문 원칙을 직접 재확인한 보충 근거,5/5,모바일·감소 모션에서는 중앙 단일 항목과 인덱스·버튼을 유지해야 한다는 근거.,기존 679행 검증 원장의 관찰 메모를 이번 질문에 맞게 재분류,reference-reclassification
90,W3C WAI,www.w3.org,https://www.w3.org/WAI/WCAG22/Understanding/animation-from-interactions.html,Understanding Animation from Interactions,상호작용으로 시작되는 비필수 이동 애니메이션은 끌 수 있어야 하며 prefers-reduced-motion을 지원할 수 있다.,hidden-offstage,3,4,2,3,3,3,4,본문 원칙을 직접 재확인한 보충 근거,5/5,완전 숨김 뒤 장거리 슬라이드 진입을 기본값으로 쓰기 어려운 접근성 근거.,기존 679행 검증 원장의 관찰 메모를 이번 질문에 맞게 재분류,reference-reclassification
91,W3C WAI,www.w3.org,https://www.w3.org/WAI/WCAG22/Understanding/on-input.html,Understanding On Input,입력에 따른 맥락 변화는 사용자가 예측할 수 있어야 한다.,center-only,5,5,4,5,5,1,5,본문 원칙을 직접 재확인한 보충 근거,5/5,텍스트·날짜·장소·활성 인덱스를 템플릿과 동시에 교체해야 한다는 근거.,기존 679행 검증 원장의 관찰 메모를 이번 질문에 맞게 재분류,reference-reclassification
92,figma.com,figma.com,https://www.figma.com/resource-library/ai-website-examples/,"29 AI Website Examples for SaaS, E-commerce, + More | Figma","메타: Explore 29 AI website examples across industries like SaaS, tech, and retail. See how AI handles complex hierarchy and use these files to start your Web design. / 관찰 소제목: What you can do in figma | Explore all products | Additional product resources | Use cases",center-only,5,5,4,5,5,1,5,검토,3/5,"큐레이션, 시각 위계",기존 679행 검증 원장의 관찰 메모를 이번 질문에 맞게 재분류,reference-reclassification
93,figma.com,figma.com,https://www.figma.com/community/file/1524448265587210925/figmastica-free-1-0,Figmastica FREE 1.0 | Figma,메타: 👉 30+ Variants of Components 👉 3800+ All components 👉 20+ Sections & blocks 👉 30+ Text styles 👉 60+ Variables 👉 50+ Design tokens 👉 Autolayout 4.0+Variants Available for everyone! ,center-only,5,5,4,5,5,1,5,검토,3/5,"큐레이션, 시각 위계",기존 679행 검증 원장의 관찰 메모를 이번 질문에 맞게 재분류,reference-reclassification
94,figma.com,figma.com,https://www.figma.com/prototyping/,Free Prototyping Tool: Build Interactive Prototype Designs | Figma,메타: Use our free online prototyping tool to build realistic experiences in one live file to ensure your designs are always up to date. / 관찰 소제목: What you can do in figma | Explore all products | Additional product resources | Use cases,center-only,5,5,4,5,5,1,5,검토,3/5,"큐레이션, 시각 위계",기존 679행 검증 원장의 관찰 메모를 이번 질문에 맞게 재분류,reference-reclassification
95,figma.com,figma.com,https://www.figma.com/community/file/1337383844852052585/parallax-scrolling-example,Parallax-Scrolling-Example | Figma,메타: Simple prototype showing parallax animation,hidden-offstage,3,4,2,3,3,4,4,검토,3/5,"전환, 모션",기존 679행 검증 원장의 관찰 메모를 이번 질문에 맞게 재분류,reference-reclassification
96,figma.com,figma.com,https://www.figma.com/blog/introducing-figma-sites/,Publish Your Designs On The Web With Figma Sites | Figma Blog,"메타: Today, we’re launching Figma Sites, an all-in-one tool for you to design and build custom, responsive websites. / 관찰 소제목: Featured Topics | News | Design systems | Explore topics",center-only,5,5,4,5,5,1,5,검토,3/5,"큐레이션, 시각 위계",기존 679행 검증 원장의 관찰 메모를 이번 질문에 맞게 재분류,reference-reclassification
97,muz.li,muz.li,https://muz.li/blog/weekly-designers-update-443/,Weekly Designers Update #443 | Muzli Blog,"메타: Web design inspiration, weekly recap / 관찰 소제목: Weekly Designers Update #443 | Web design inspiration | Add depth and illusion to sites on Wix Studio | Metalab | We Make Interfaces",layered-stack,3,3,2,3,3,4,3,검토,3/5,"3d, depth",기존 679행 검증 원장의 관찰 메모를 이번 질문에 맞게 재분류,reference-reclassification
98,muz.li,muz.li,https://muz.li/blog/weekly-designers-update-470/,Weekly Designers Update #470 | Muzli Blog,"메타: Web design inspiration, weekly recap / 관찰 소제목: Weekly Designers Update #470 | Hello Designers, | Web design inspiration | Federico Pian / Portfolio 2024",center-only,5,5,4,5,5,1,5,검토,4/5,"미니멀, 에디토리얼, 여백",기존 679행 검증 원장의 관찰 메모를 이번 질문에 맞게 재분류,reference-reclassification
99,muz.li,muz.li,https://muz.li/blog/weekly-designers-update-475/,Weekly Designers Update #475 | Muzli Blog,"메타: Web design inspiration, weekly recap / 관찰 소제목: Weekly Designers Update #475 | Web design inspiration | Monkey Talkie — Creative Video Agency | The Line Studio — Animation Studio London",hidden-offstage,3,4,2,3,3,3,4,검토,3/5,"전환, 모션",기존 679행 검증 원장의 관찰 메모를 이번 질문에 맞게 재분류,reference-reclassification
100,muz.li,muz.li,https://muz.li/blog/weekly-designers-update-484/,Weekly Designers Update #484 | Muzli Blog,"메타: Web design inspiration, weekly recap / 관찰 소제목: Weekly Designers Update #484 | From Muzli Picks | Immersive Garden | Your Creative | Award Winning Melbourne Digital & Design Agency",layered-stack,3,2,2,3,3,4,2,검토,3/5,"3d, immersive",기존 679행 검증 원장의 관찰 메모를 이번 질문에 맞게 재분류,reference-reclassification
101,muz.li,muz.li,https://muz.li/blog/weekly-designers-update-497/,Weekly Designers Update #497 | Muzli Blog,"메타: Web design inspiration, weekly recap / 관찰 소제목: Weekly Designers Update #497 | Your weekly dose of design inspiration, featuring the hottest projects, must-have tools, and game-changing products. | 🔥 Must-See Design Picks | Altermind — Immersive Design at Its Best",layered-stack,3,2,2,3,3,4,2,검토,3/5,"3d, immersive",기존 679행 검증 원장의 관찰 메모를 이번 질문에 맞게 재분류,reference-reclassification
102,muz.li,muz.li,https://muz.li/blog/weekly-designers-update-499/,Weekly Designers Update #499 | Muzli Blog,"메타: Web design inspiration, weekly recap / 관찰 소제목: Weekly Designers Update #499 | 🔥 Must-See Design Picks | Basement Studio — A Virtual Space with Real-World Attitude | Navigate — Engaging Illustrations and Subtle Scroll Animations",hidden-offstage,3,4,2,3,3,3,4,검토,3/5,"전환, 모션",기존 679행 검증 원장의 관찰 메모를 이번 질문에 맞게 재분류,reference-reclassification
103,muz.li,muz.li,https://muz.li/blog/weekly-designers-update-501/,Weekly Designers Update #501 | Muzli Blog,"메타: Weekly inspiration featuring futuristic portfolios, smart tools, and creative design twists. / 관찰 소제목: Weekly Designers Update #501 | 🔥 Must-See Design Picks | UI8 Studio | Kode Immersive",layered-stack,3,2,2,3,3,4,2,검토,3/5,"3d, immersive",기존 679행 검증 원장의 관찰 메모를 이번 질문에 맞게 재분류,reference-reclassification
104,muz.li,muz.li,https://muz.li/blog/weekly-designers-update-502/,Weekly Designers Update #502 | Muzli Blog,"메타: Weekly inspiration packed with bold portfolios, smart tools, creative trends – and plenty more to explore. / 관찰 소제목: Weekly Designers Update #502 | 🔥 Must-See Design Picks | Valentime: A Cinematic Scroll Journey with Immersive 3D Design | Aurelien Vigne: A Playable Portfolio in a 3D Theater World",layered-stack,3,2,2,3,3,4,2,검토,3/5,"3d, immersive",기존 679행 검증 원장의 관찰 메모를 이번 질문에 맞게 재분류,reference-reclassification
105,muz.li,muz.li,https://muz.li/blog/weekly-designers-update-508/,Weekly Designers Update #508 | Muzli Blog,"메타: A weekly roundup of standout web design, bold experiments, fresh tools, and what the design world is buzzing about right now. / 관찰 소제목: Weekly Designers Update #508 | 🔥 Must-See Design Pick | Montfort — Corporate Showcase | Karim Saab — Portfolio",center-only,5,5,4,5,5,1,5,검토,4/5,"미니멀, 에디토리얼, 여백",기존 679행 검증 원장의 관찰 메모를 이번 질문에 맞게 재분류,reference-reclassification
106,muz.li,muz.li,https://muz.li/blog/weekly-designers-update-510/,Weekly Designers Update #510 | Muzli Blog,"메타: Weekly inspiration packed with bold portfolios, smart tools, creative trends – and plenty more to explore. / 관찰 소제목: Weekly Designers Update #510 | 🔥 Must-See Design Picks | Teh Tarik Nation — 80 Years of Tradition in Every Sip | Studio Herrström — Creative Studio",center-only,5,5,4,5,5,1,5,검토,4/5,"미니멀, 에디토리얼, 여백",기존 679행 검증 원장의 관찰 메모를 이번 질문에 맞게 재분류,reference-reclassification
107,muz.li,muz.li,https://muz.li/blog/weekly-designers-update-511/,Weekly Designers Update #511 | Muzli Blog,"메타: Weekly inspiration packed with bold portfolios, smart tools, creative trends – and plenty more to explore. / 관찰 소제목: Weekly Designers Update #511 | Your weekly dose of design inspiration, featuring the hottest projects, must-have tools, and game-changing products. | 🔥 Must-See Design Picks | Naya Studio — Floral Design Studio",center-only,5,5,4,5,5,1,5,검토,4/5,"미니멀, 에디토리얼, 여백",기존 679행 검증 원장의 관찰 메모를 이번 질문에 맞게 재분류,reference-reclassification
108,muz.li,muz.li,https://muz.li/blog/weekly-designers-update-513/,Weekly Designers Update #513 | Muzli Blog,"메타: Your weekly dose of design inspiration, featuring the hottest projects, must-have tools, and game-changing products. / 관찰 소제목: Weekly Designers Update #513 | 🏆 Muzli Community Uploads | Tore S. Bentsen — Portfolio | SWANK — Creative Design Concept",center-only,5,5,4,5,5,1,5,검토,4/5,"미니멀, 에디토리얼, 여백",기존 679행 검증 원장의 관찰 메모를 이번 질문에 맞게 재분류,reference-reclassification
109,muz.li,muz.li,https://muz.li/blog/weekly-designers-update-514/,Weekly Designers Update #514 | Muzli Blog,"메타: Weekly inspiration packed with bold portfolios, smart tools, creative trends – and plenty more to explore. / 관찰 소제목: Weekly Designers Update #514 | 🏆 Muzli Community Uploads | DODD // Website | 🔥 Must-See Design Picks",center-only,5,5,4,5,5,1,5,검토,4/5,"미니멀, 에디토리얼, 여백",기존 679행 검증 원장의 관찰 메모를 이번 질문에 맞게 재분류,reference-reclassification
110,muz.li,muz.li,https://muz.li/blog/weekly-designers-update-519/,Weekly Designers Update #519 | Muzli Blog,"메타: Weekly inspiration packed with bold portfolios, smart tools, creative trends – and plenty more to explore. / 관찰 소제목: Weekly Designers Update #519 | Your weekly dose of design inspiration, featuring the hottest projects, must-have tools, and game-changing products. | 🏆 Muzli Community Uploads | Geex | UI/UX Design, Branding & Developmen",partial-visible,4,5,4,3,5,1,5,검토,3/5,레이어,기존 679행 검증 원장의 관찰 메모를 이번 질문에 맞게 재분류,reference-reclassification
111,muz.li,muz.li,https://muz.li/blog/weekly-designers-update-520/,Weekly Designers Update #520 | Muzli Blog,"메타: Weekly inspiration packed with bold portfolios, smart tools, creative trends – and plenty more to explore. / 관찰 소제목: Weekly Designers Update #520 | Your weekly dose of design inspiration, featuring the hottest projects, must-have tools, and game-changing products. | 🏆 Muzli Community Uploads | Hover Exploration №002",hidden-offstage,3,4,2,3,3,3,4,검토,3/5,"전환, 모션",기존 679행 검증 원장의 관찰 메모를 이번 질문에 맞게 재분류,reference-reclassification
112,muz.li,muz.li,https://muz.li/blog/weekly-designers-update-526/,Weekly Designers Update #526 | Muzli Blog,"메타: Weekly inspiration packed with bold portfolios, smart tools, creative trends, and plenty more to explore. / 관찰 소제목: Weekly Designers Update #526 | Your weekly dose of design inspiration, featuring the hottest projects, must-have tools, and game-changing products. | 🏆 Muzli Community Uploads | Iventions",partial-visible,4,5,4,3,5,1,5,검토,3/5,레이어,기존 679행 검증 원장의 관찰 메모를 이번 질문에 맞게 재분류,reference-reclassification
113,muz.li,muz.li,https://muz.li/blog/weekly-designers-update-529/,Weekly Designers Update #529 | Muzli Blog,"메타: A curated roundup of cutting-edge design projects, tools, and trends, your weekly creative boost from Muzli. / 관찰 소제목: Weekly Designers Update #529 | 🏆 Muzli Community Uploads | Nas Illmatic | Design Trends 2026: Where AI Meets Emotion",hidden-offstage,3,4,2,3,3,3,4,검토,3/5,"전환, motion, 모션",기존 679행 검증 원장의 관찰 메모를 이번 질문에 맞게 재분류,reference-reclassification
114,muz.li,muz.li,https://muz.li/blog/weekly-designers-update-533/,Weekly Designers Update #533 | Muzli Blog,"메타: Weekly inspiration packed with bold portfolios, smart tools, creative trends – and plenty more to explore. / 관찰 소제목: Weekly Designers Update #533 | Your weekly dose of design inspiration, featuring the hottest projects, must-have tools, and game-changing products. | 🏆 Muzli Community Uploads | Amaterasu",partial-visible,4,5,4,3,5,1,5,검토,3/5,레이어,기존 679행 검증 원장의 관찰 메모를 이번 질문에 맞게 재분류,reference-reclassification
115,muz.li,muz.li,https://muz.li/blog/weekly-designers-update-534/,Weekly Designers Update #534 | Muzli Blog,"메타: Weekly inspiration packed with bold portfolios, smart tools, creative trends – and plenty more to explore. / 관찰 소제목: Weekly Designers Update #534 | Your weekly dose of design inspiration, featuring the hottest projects, must-have tools, and game-changing products. | 🔥 Must-See Design Picks | NYC Music OS",partial-visible,4,5,4,3,5,1,5,검토,3/5,레이어,기존 679행 검증 원장의 관찰 메모를 이번 질문에 맞게 재분류,reference-reclassification
116,muz.li,muz.li,https://muz.li/blog/weekly-designers-update-535/,Weekly Designers Update #535 | Muzli Blog,"메타: Weekly inspiration packed with bold portfolios, smart tools, creative trends – and plenty more to explore. / 관찰 소제목: Weekly Designers Update #535 | 🔥 Must-See Design Picks | The Pendragon Cycle — Rise of the Merlin | Google Santa Tracker",partial-visible,4,5,4,3,5,1,5,검토,3/5,레이어,기존 679행 검증 원장의 관찰 메모를 이번 질문에 맞게 재분류,reference-reclassification
117,muz.li,muz.li,https://muz.li/blog/weekly-designers-update-541/,Weekly Designers Update #541 | Muzli Blog,"메타: Weekly inspiration featuring futuristic portfolios, smart tools, and creative design twists. / 관찰 소제목: Weekly Designers Update #541 | Your weekly dose of design inspiration, featuring the hottest projects, must-have tools, and game-changing products. | 🔥 Must-See Design Picks | Jason Bergh",partial-visible,4,5,4,3,5,1,5,검토,3/5,레이어,기존 679행 검증 원장의 관찰 메모를 이번 질문에 맞게 재분류,reference-reclassification
118,muz.li,muz.li,https://muz.li/blog/weekly-designers-update-543/,Weekly Designers Update #543 | Muzli Blog,"메타: Muzli Weekly: The cutting edge of design, from viral portfolios to the next generation of AI-powered tools. Discover the projects and products shaping... / 관찰 소제목: Weekly Designers Update #543 | Your weekly dose of design inspiration, featuring the hottest projects, must-have tools, and game-changing products. | 🔥 Must-See Design Picks | SuperSkills",center-only,5,5,4,5,5,1,5,검토,4/5,"미니멀, 에디토리얼, 여백",기존 679행 검증 원장의 관찰 메모를 이번 질문에 맞게 재분류,reference-reclassification
119,muz.li,muz.li,https://muz.li/blog/weekly-designers-update-547/,Weekly Designers Update #547 | Muzli Blog,"메타: Your weekly dose of design inspiration, featuring the hottest projects, must-have tools, and game-changing products. / 관찰 소제목: Weekly Designers Update #547 | 🔥 Must-See Design Picks | Inertia Studios | Arnaud Rocca — Portfolio",center-only,5,5,4,5,5,1,5,검토,4/5,"미니멀, 에디토리얼, 여백",기존 679행 검증 원장의 관찰 메모를 이번 질문에 맞게 재분류,reference-reclassification
120,muz.li,muz.li,https://muz.li/blog/weekly-designers-update-562/,Weekly Designers Update #562 | Muzli Blog,"메타: Your weekly dose of design inspiration, featuring the hottest projects, must-have tools, and game-changing products. / 관찰 소제목: Weekly Designers Update #562 | 🔥 Must-See Design Picks | Noomo Showcase — Immersive 3D & WebGL Work | VERO",layered-stack,3,2,2,3,3,4,2,검토,4/5,"3d, webgl, immersive",기존 679행 검증 원장의 관찰 메모를 이번 질문에 맞게 재분류,reference-reclassification
121,onepagelove.com,onepagelove.com,https://onepagelove.com/allagi,Allagi — One Page Website Award,"메타: Beautifully minimal catalog browsing experience in this One Pager for artist Allagi. / 관찰 소제목: Allagi | Similar One Page Websites | Framer - Build better sites, faster | The Deep End",center-only,5,5,4,5,5,1,5,검토,5/5,"minimal, 미니멀, 에디토리얼, 여백",기존 679행 검증 원장의 관찰 메모를 이번 질문에 맞게 재분류,reference-reclassification
122,onepagelove.com,onepagelove.com,https://onepagelove.com/alterg-resources,AlterG Resources — One Page Website Award,"메타: Lovely logomark integration (using a masked blur effect) in the hero of this landing page (built with Webflow) for AlterG Resources. / 관찰 소제목: AlterG Resources | Similar One Page Websites | Framer - Build better sites, faster | Architecture of Socialist-Era Belgrade",partial-visible,4,4,4,3,5,1,4,검토,5/5,"mask, 가림, 개구부, architect, 건축",기존 679행 검증 원장의 관찰 메모를 이번 질문에 맞게 재분류,reference-reclassification
123,onepagelove.com,onepagelove.com,https://onepagelove.com/anatolii-grashchenko,Anatolii Grashchenko — One Page Website Award,"메타: Unique personal One Pager for creative technologist Anatolii Grashchenko, featuring a 3D scan of him working and live vitals streamed from his smartwatch. / 관찰 소제목: Anatolii Grashchenko | Similar One Page Websites | Framer - Build better sites, faster | Sky Clock",partial-visible,4,4,4,3,5,2,4,검토,4/5,"가림, 깊이, 공간",기존 679행 검증 원장의 관찰 메모를 이번 질문에 맞게 재분류,reference-reclassification
124,onepagelove.com,onepagelove.com,https://onepagelove.com/belgrade-architecture,Architecture of Socialist-Era Belgrade — One Page Website Award,"메타: Storytelling One Pager (built with Webflow) paying homage to the Architecture of Socialist-Era Belgrade. / 관찰 소제목: Architecture of Socialist-Era Belgrade | Similar One Page Websites | Framer - Build better sites, faster | Neuropelvic Surgery",partial-visible,4,4,4,3,5,1,4,검토,5/5,"가림, 개구부, architect, 건축",기존 679행 검증 원장의 관찰 메모를 이번 질문에 맞게 재분류,reference-reclassification
125,onepagelove.com,onepagelove.com,https://onepagelove.com/atishay-tuli,Atishay Tuli — One Page Website Award,"메타: What a joyful experience having a minimal/creative mode switcher in this One Pager (built with Framer) for Atishay Tuli. Fun! / 관찰 소제목: Atishay Tuli | Similar One Page Websites | Framer - Build better sites, faster | SimpleSketche",center-only,5,5,4,5,5,1,5,검토,5/5,"minimal, 미니멀, 에디토리얼, 여백",기존 679행 검증 원장의 관찰 메모를 이번 질문에 맞게 재분류,reference-reclassification
126,onepagelove.com,onepagelove.com,https://onepagelove.com/belen-jones,Belen Jones — One Page Website Award,"메타: Unique, brutalist One Pager for Belen Jones – featuring a 3D cube rotating projects. / 관찰 소제목: Belen Jones | Similar One Page Websites | Framer - Build better sites, faster | SimpleSketche",partial-visible,4,4,4,3,5,2,4,검토,4/5,"가림, 깊이, 공간",기존 679행 검증 원장의 관찰 메모를 이번 질문에 맞게 재분류,reference-reclassification
127,onepagelove.com,onepagelove.com,https://onepagelove.com/digital-original-xr,Digital Original XR — One Page Website Award,"메타: Incredibly impressive meta quest demo that activates as you scroll this One Pager for Digital Original XR. The app experience lets users view art in virtual and mixed reality, brow / 관찰 소제목: Digital Original XR | Similar One Page Websites | Framer - Build better sites, faster | Housemait",hidden-offstage,3,4,2,3,3,3,4,검토,3/5,"전환, 모션",기존 679행 검증 원장의 관찰 메모를 이번 질문에 맞게 재분류,reference-reclassification
128,onepagelove.com,onepagelove.com,https://onepagelove.com/experience-lab,Experience.Lab — One Page Website Award,"메타: Motion-led One Pager (built with Framer) for Experience.Lab – Publicis Groupe Japan’s hub delivering solutions across APAC. Really love how they integrated the team members on hove / 관찰 소제목: Experience.Lab | Similar One Page Websites | Framer - Build better sites, faster | Mainline Next.js Next.js Template built with Tailwind CSS",hidden-offstage,3,4,2,3,3,3,4,검토,3/5,"전환, motion, 모션",기존 679행 검증 원장의 관찰 메모를 이번 질문에 맞게 재분류,reference-reclassification
129,onepagelove.com,onepagelove.com,https://onepagelove.com/flex-digital,Flex Digital — One Page Website Award,"메타: Good breathing room in this One Page portfolio for Flex Digital. / 관찰 소제목: Flex Digital | Similar One Page Websites | Framer - Build better sites, faster | SimpleSketche",center-only,5,5,4,5,5,1,5,검토,4/5,"미니멀, 에디토리얼, 여백",기존 679행 검증 원장의 관찰 메모를 이번 질문에 맞게 재분류,reference-reclassification
130,onepagelove.com,onepagelove.com,https://onepagelove.com/fourmula,Fourmula — One Page Website Award,"메타: One Pager (built with Webflow) for an AI product generator tool called Fourmula. Always a fan of an interactive onboarding before scrolling, well played. / 관찰 소제목: Fourmula | Similar One Page Websites | Framer - Build better sites, faster | Housemait",hidden-offstage,3,4,2,3,3,3,4,검토,3/5,"전환, 모션",기존 679행 검증 원장의 관찰 메모를 이번 질문에 맞게 재분류,reference-reclassification
131,onepagelove.com,onepagelove.com,https://onepagelove.com/frontend-supply,Frontend Supply™ — One Page Website Award,"메타: Neat One Page portfolio for Frontend Supply, a frontend-subscription service for startups, led by Doğukan. / 관찰 소제목: Frontend Supply™ | Similar One Page Websites | Framer - Build better sites, faster | SimpleSketche",center-only,5,5,4,5,5,1,5,검토,4/5,"미니멀, 에디토리얼, 여백",기존 679행 검증 원장의 관찰 메모를 이번 질문에 맞게 재분류,reference-reclassification
132,onepagelove.com,onepagelove.com,https://onepagelove.com/george-wood,George Wood — One Page Website Award,"메타: Minimal One Pager for George Wood – an interface and product designer based in Nottingham. You can customise the entire site using the settings panel and George even added a little / 관찰 소제목: George Wood | Similar One Page Websites | Framer - Build better sites, faster | SimpleSketche",center-only,5,5,4,5,5,1,5,검토,5/5,"minimal, 미니멀, 에디토리얼, 여백",기존 679행 검증 원장의 관찰 메모를 이번 질문에 맞게 재분류,reference-reclassification
133,onepagelove.com,onepagelove.com,https://onepagelove.com/glyphs-grids,Glyphs & Grids — One Page Website Award,"메타: Playful inline icon animations bring charm to the storytelling in this launching soon page for Glyphs & Grids, a macOS font manager. / 관찰 소제목: Glyphs & Grids | Similar One Page Websites | Framer - Build better sites, faster | Housemait",hidden-offstage,3,4,2,3,3,3,4,검토,3/5,"전환, 모션",기존 679행 검증 원장의 관찰 메모를 이번 질문에 맞게 재분류,reference-reclassification
134,onepagelove.com,onepagelove.com,https://onepagelove.com/hebbia,Hebbia — One Page Website Award,"메타: Unique elements and creative ideas throughout this One Page portfolio for Hebbia Design Studio. / 관찰 소제목: Hebbia | Similar One Page Websites | Framer - Build better sites, faster | SimpleSketche",center-only,5,5,4,5,5,1,5,검토,4/5,"미니멀, 에디토리얼, 여백",기존 679행 검증 원장의 관찰 메모를 이번 질문에 맞게 재분류,reference-reclassification
135,onepagelove.com,onepagelove.com,https://onepagelove.com/housemait,Housemait — One Page Website Award,"메타: Long-scrolling Landing Page for Housemait, an app to help family calendars, meals, shopping and chores, with an AI assistant accessible through WhatsApp. / 관찰 소제목: Housemait | Similar One Page Websites | Framer - Build better sites, faster | Triple Kingdom",hidden-offstage,3,4,2,3,3,3,4,검토,3/5,"전환, 모션",기존 679행 검증 원장의 관찰 메모를 이번 질문에 맞게 재분류,reference-reclassification
136,onepagelove.com,onepagelove.com,https://onepagelove.com/johny-vino,Johny Vino — One Page Website Award,"메타: Slick One Page portfolio for Johny Vino, showcasing his product and UX/UI design work within horizontal sliders. / 관찰 소제목: Johny Vino | Similar One Page Websites | Framer - Build better sites, faster | SimpleSketche",hidden-offstage,3,4,2,3,3,3,4,검토,3/5,"전환, slide",기존 679행 검증 원장의 관찰 메모를 이번 질문에 맞게 재분류,reference-reclassification
137,onepagelove.com,onepagelove.com,https://onepagelove.com/landmark,Landmark — One Page Website Award,"메타: Smart One Pager (built using WordPress) for Landmark, showcasing their real estate services and property portfolio. Big domain this (alre.com) – Landmark is the operating brand of  / 관찰 소제목: Landmark | Similar One Page Websites | Framer - Build better sites, faster | SimpleSketche",center-only,5,5,4,5,5,1,5,검토,4/5,"미니멀, 에디토리얼, 여백",기존 679행 검증 원장의 관찰 메모를 이번 질문에 맞게 재분류,reference-reclassification
138,onepagelove.com,onepagelove.com,https://onepagelove.com/lovably,Lovably — One Page Website Award,"메타: Wonderful minimal direction in this One Pager (built with Webflow) for Lovably, a New York brand strategy and design studio celebrating 12 years in business. / 관찰 소제목: Lovably | Similar One Page Websites | Framer - Build better sites, faster | Mainline Next.js Next.js Template built with Tailwind CSS",center-only,5,5,4,5,5,1,5,검토,5/5,"minimal, 미니멀, 에디토리얼, 여백",기존 679행 검증 원장의 관찰 메모를 이번 질문에 맞게 재분류,reference-reclassification
139,onepagelove.com,onepagelove.com,https://onepagelove.com/marina-rachello,Marina Rachello — One Page Website Award,"메타: Vibrant, bold type throughout this One Page portfolio for visual designer, Marina Rachello. / 관찰 소제목: Marina Rachello | Similar One Page Websites | Framer - Build better sites, faster | SimpleSketche",center-only,5,5,4,5,5,1,5,검토,4/5,"미니멀, 에디토리얼, 여백",기존 679행 검증 원장의 관찰 메모를 이번 질문에 맞게 재분류,reference-reclassification
140,onepagelove.com,onepagelove.com,https://onepagelove.com/materials,Materials¹ — One Page Website Award,"메타: Gorgeous morph of the hero object as you scroll this One Pager promoting the Materials¹ abstract design pack. / 관찰 소제목: Materials¹ | Similar One Page Websites | Framer - Build better sites, faster | Housemait",hidden-offstage,3,4,2,3,3,3,4,검토,3/5,"전환, 모션",기존 679행 검증 원장의 관찰 메모를 이번 질문에 맞게 재분류,reference-reclassification
141,onepagelove.com,onepagelove.com,https://onepagelove.com/matthew-chudnovski,Matthew Chudnovski — One Page Website Award,"메타: Fun touch with the audio commentary function, within this One Page portfolio for marketing and creative director, Matthew Chudnovski. Also note how he loads up projects (via footer / 관찰 소제목: Matthew Chudnovski | Similar One Page Websites | Framer - Build better sites, faster | SimpleSketche",center-only,5,5,4,5,5,1,5,검토,4/5,"미니멀, 에디토리얼, 여백",기존 679행 검증 원장의 관찰 메모를 이번 질문에 맞게 재분류,reference-reclassification
142,onepagelove.com,onepagelove.com,https://onepagelove.com/michael-pumo,Michael Pumo — One Page Website Award,"메타: One Page portfolio (built using Storyblok CMS) for London-based freelance web designer and frontend developer, Michael Pumo. / 관찰 소제목: Michael Pumo | Similar One Page Websites | Framer - Build better sites, faster | SimpleSketche",partial-visible,4,5,4,3,5,1,5,검토,3/5,레이어,기존 679행 검증 원장의 관찰 메모를 이번 질문에 맞게 재분류,reference-reclassification
143,onepagelove.com,onepagelove.com,https://onepagelove.com/monolog,Monolog — One Page Website Award,"메타: Brilliant attention to detail and obvious care woven throughout this One Page portfolio (built with Webflow) for Monolog, the studio led by Huy “By Huy” Nguyen. / 관찰 소제목: Monolog | Similar One Page Websites | Framer - Build better sites, faster | Mainline Next.js Next.js Template built with Tailwind CSS",partial-visible,4,5,4,3,5,1,5,검토,3/5,레이어,기존 679행 검증 원장의 관찰 메모를 이번 질문에 맞게 재분류,reference-reclassification
144,onepagelove.com,onepagelove.com,https://onepagelove.com/neuropelvic-surgery,Neuropelvic Surgery — One Page Website Award,"메타: Informational One Pager about Neuropelvic Surgery that provides pelvic health treatments and surgical solutions for women. / 관찰 소제목: Neuropelvic Surgery | Similar One Page Websites | Framer - Build better sites, faster | Architecture of Socialist-Era Belgrade",partial-visible,4,4,4,3,5,1,4,검토,5/5,"가림, 개구부, architect, 건축",기존 679행 검증 원장의 관찰 메모를 이번 질문에 맞게 재분류,reference-reclassification
145,onepagelove.com,onepagelove.com,https://onepagelove.com/og-generator,OG Image Generator - One Page Love,"메타: Paste a URL — get three designer-grade Open Graph cards in seconds. Edit any field and download the result as a JPG, ready for your <head>. / 관찰 소제목: OG Image Generator | Try a recent One Pager | ' + e.label + ' ' + e.sel + '",layered-stack,4,3,2,3,3,4,3,검토,2/5,cards,기존 679행 검증 원장의 관찰 메모를 이번 질문에 맞게 재분류,reference-reclassification
146,onepagelove.com,onepagelove.com,https://onepagelove.com/pattern-breaking,Pattern Breaking — One Page Website Award,"메타: Storytelling One Pager for Pattern Breaking – an experimental project exposing manipulative tactics used by fast fashion websites to pressure customers into unnecessary purchases.  / 관찰 소제목: Pattern Breaking | Similar One Page Websites | Framer - Build better sites, faster | Shopify Editions – Spring 2026",hidden-offstage,3,4,2,3,3,3,4,검토,3/5,"전환, 모션",기존 679행 검증 원장의 관찰 메모를 이번 질문에 맞게 재분류,reference-reclassification
147,onepagelove.com,onepagelove.com,https://onepagelove.com/rcl,Right-Click Logo — One Page Website Award,"메타: One Pager with a ready-to-use prompt for adding a right-click brand menu to your website logo. The interactive demo includes a real-time menu builder, so you can also preview and c / 관찰 소제목: Right-Click Logo | Similar One Page Websites | Framer - Build better sites, faster | Housemait",partial-visible,4,4,4,3,5,1,4,검토,5/5,"가림, 개구부, 건축",기존 679행 검증 원장의 관찰 메모를 이번 질문에 맞게 재분류,reference-reclassification
148,onepagelove.com,onepagelove.com,https://onepagelove.com/sarah-matt-wedding,Sarah & Matt Wedding — One Page Website Award,"메타: Beautifully crafted One Pager sharing details about the wedding celebration of Sarah & Matt, taking place at Excelsior in Lancaster, Pennsylvania. The interactive hero, 3D invitati / 관찰 소제목: Sarah & Matt Wedding | Similar One Page Websites | Framer - Build better sites, faster | Rendez-vous Francéclat",layered-stack,3,3,2,3,3,4,3,검토,3/5,3d,기존 679행 검증 원장의 관찰 메모를 이번 질문에 맞게 재분류,reference-reclassification
149,onepagelove.com,onepagelove.com,https://onepagelove.com/simplesketche,SimpleSketche — One Page Website Award,"메타: An incredible 3D cube portfolio showcasing SimpleSketche, the 3D design services of Yankun Yang. / 관찰 소제목: SimpleSketche | Similar One Page Websites | Framer - Build better sites, faster | Marina Rachello",layered-stack,3,3,2,3,3,4,3,검토,3/5,3d,기존 679행 검증 원장의 관찰 메모를 이번 질문에 맞게 재분류,reference-reclassification
150,onepagelove.com,onepagelove.com,https://onepagelove.com/invoicemon,invoicemon — One Page Website Award,"메타: Brilliant scroll-to-demo interactive experience in this One Pager for invoicemon, a free browser-based invoice generator. ps. Mighil was kind enough to give OPL readers a 50% disco / 관찰 소제목: invoicemon | Similar One Page Websites | Framer - Build better sites, faster | Billow",hidden-offstage,3,4,2,3,3,3,4,검토,3/5,"전환, 모션",기존 679행 검증 원장의 관찰 메모를 이번 질문에 맞게 재분류,reference-reclassification
151,onepagelove.com,onepagelove.com,https://onepagelove.com/ma,鳥獣戯間 — One Page Website Award,"메타: Experimental, case-study One Pager on “Ma” (間) — the Japanese concept of negative space. The Site Page site explores how a story can unfold in emptiness, using Chōjū-giga (the 12th / 관찰 소제목: 鳥獣戯間 | Similar One Page Websites | Framer - Build better sites, faster | History of Software Design",hidden-offstage,3,4,2,3,3,3,4,검토,3/5,"전환, 모션",기존 679행 검증 원장의 관찰 메모를 이번 질문에 맞게 재분류,reference-reclassification
152,tympanus.net,tympanus.net,https://tympanus.net/codrops/2023/12/01/creating-a-3d-perspective-carousel-with-css/,creating-a-3d-perspective-carousel-with-css,메타: 설명 없음,layered-stack,4,3,2,3,3,4,3,검토,4/5,"3d, perspective, carousel",기존 679행 검증 원장의 관찰 메모를 이번 질문에 맞게 재분류,reference-reclassification
153,Awwwards,www.awwwards.com,https://www.awwwards.com/sites/21-hrs-on-the-moon,21 Hrs On The Moon - Awwwards SOTD,Awwwards 개별 사례 페이지의 title·meta description에서 확인된 키워드: 관련 기술 키워드 없음,excluded,1,1,2,3,3,3,1,배제,낮음,공개 근거에서 비활성 캐러셀 항목의 노출 방식을 확정할 수 없음,title·meta·공개 본문 관찰 기준,sources-a
154,Awwwards,www.awwwards.com,https://www.awwwards.com/sites/2xa-studio,2xA Studio - Awwwards SOTD,Awwwards 개별 사례 페이지의 title·meta description에서 확인된 키워드: 관련 기술 키워드 없음,excluded,1,1,2,3,3,3,1,배제,낮음,공개 근거에서 비활성 캐러셀 항목의 노출 방식을 확정할 수 없음,title·meta·공개 본문 관찰 기준,sources-a
155,Awwwards,www.awwwards.com,https://www.awwwards.com/sites/apoha,Apoha - Awwwards Honorable Mention,Awwwards 개별 사례 페이지의 title·meta description에서 확인된 키워드: 관련 기술 키워드 없음,excluded,1,1,2,3,3,3,1,배제,낮음,공개 근거에서 비활성 캐러셀 항목의 노출 방식을 확정할 수 없음,title·meta·공개 본문 관찰 기준,sources-a
156,Awwwards,www.awwwards.com,https://www.awwwards.com/sites/brunello-cucinelli-ai-e-com,Brunello Cucinelli - AI E-com - Awwwards SOTD,Awwwards 개별 사례 페이지의 title·meta description에서 확인된 키워드: 관련 기술 키워드 없음,excluded,1,1,2,3,3,3,1,배제,낮음,공개 근거에서 비활성 캐러셀 항목의 노출 방식을 확정할 수 없음,title·meta·공개 본문 관찰 기준,sources-a
157,Awwwards,www.awwwards.com,https://www.awwwards.com/sites/bucks-sauce,Bucks Sauce - Awwwards SOTD,Awwwards 개별 사례 페이지의 title·meta description에서 확인된 키워드: 관련 기술 키워드 없음,excluded,1,1,2,3,3,3,1,배제,낮음,공개 근거에서 비활성 캐러셀 항목의 노출 방식을 확정할 수 없음,title·meta·공개 본문 관찰 기준,sources-a
158,Awwwards,www.awwwards.com,https://www.awwwards.com/sites/catalyst-behavioral,Catalyst Behavioral - Awwwards Honorable Mention,Awwwards 개별 사례 페이지의 title·meta description에서 확인된 키워드: 관련 기술 키워드 없음,excluded,1,1,2,3,3,3,1,배제,낮음,공개 근거에서 비활성 캐러셀 항목의 노출 방식을 확정할 수 없음,title·meta·공개 본문 관찰 기준,sources-a
159,Awwwards,www.awwwards.com,https://www.awwwards.com/sites/coffeetech-r,CoffeeTech® - Awwwards SOTD,Awwwards 개별 사례 페이지의 title·meta description에서 확인된 키워드: 관련 기술 키워드 없음,excluded,1,1,2,3,3,3,1,배제,낮음,공개 근거에서 비활성 캐러셀 항목의 노출 방식을 확정할 수 없음,title·meta·공개 본문 관찰 기준,sources-a
160,Awwwards,www.awwwards.com,https://www.awwwards.com/sites/cula-technologies,Cula Technologies - Awwwards Honorable Mention,Awwwards 개별 사례 페이지의 title·meta description에서 확인된 키워드: 관련 기술 키워드 없음,excluded,1,1,2,3,3,3,1,배제,낮음,공개 근거에서 비활성 캐러셀 항목의 노출 방식을 확정할 수 없음,title·meta·공개 본문 관찰 기준,sources-a
161,Awwwards,www.awwwards.com,https://www.awwwards.com/sites/dawn-website-refresh,Dawn | Website Refresh - Awwwards Honorable Mention,Awwwards 개별 사례 페이지의 title·meta description에서 확인된 키워드: 관련 기술 키워드 없음,excluded,1,1,2,3,3,3,1,배제,낮음,공개 근거에서 비활성 캐러셀 항목의 노출 방식을 확정할 수 없음,title·meta·공개 본문 관찰 기준,sources-a
162,Awwwards,www.awwwards.com,https://www.awwwards.com/sites/depo-luxe,Depo Luxe - Awwwards SOTD,Awwwards 개별 사례 페이지의 title·meta description에서 확인된 키워드: 관련 기술 키워드 없음,excluded,1,1,2,3,3,3,1,배제,낮음,공개 근거에서 비활성 캐러셀 항목의 노출 방식을 확정할 수 없음,title·meta·공개 본문 관찰 기준,sources-a
163,Awwwards,www.awwwards.com,https://www.awwwards.com/sites/displace-agency,Displace Agency - Awwwards Honorable Mention,Awwwards 개별 사례 페이지의 title·meta description에서 확인된 키워드: 관련 기술 키워드 없음,excluded,1,1,2,3,3,3,1,배제,낮음,공개 근거에서 비활성 캐러셀 항목의 노출 방식을 확정할 수 없음,title·meta·공개 본문 관찰 기준,sources-a
164,Awwwards,www.awwwards.com,https://www.awwwards.com/sites/dragonfly-redux,Dragonfly Redux - Awwwards SOTD,Awwwards 개별 사례 페이지의 title·meta description에서 확인된 키워드: 관련 기술 키워드 없음,excluded,1,1,2,3,3,3,1,배제,낮음,공개 근거에서 비활성 캐러셀 항목의 노출 방식을 확정할 수 없음,title·meta·공개 본문 관찰 기준,sources-a
165,Awwwards,www.awwwards.com,https://www.awwwards.com/sites/eleos,Eleos - Awwwards Honorable Mention,Awwwards 개별 사례 페이지의 title·meta description에서 확인된 키워드: 관련 기술 키워드 없음,excluded,1,1,2,3,3,3,1,배제,낮음,공개 근거에서 비활성 캐러셀 항목의 노출 방식을 확정할 수 없음,title·meta·공개 본문 관찰 기준,sources-a
166,Awwwards,www.awwwards.com,https://www.awwwards.com/sites/glitch-grit,Glitch&Grit - Awwwards SOTD,Awwwards 개별 사례 페이지의 title·meta description에서 확인된 키워드: 관련 기술 키워드 없음,excluded,1,1,2,3,3,3,1,배제,낮음,공개 근거에서 비활성 캐러셀 항목의 노출 방식을 확정할 수 없음,title·meta·공개 본문 관찰 기준,sources-a
167,Awwwards,www.awwwards.com,https://www.awwwards.com/sites/gregor-collienne,Gregor Collienne - Awwwards Honorable Mention,Awwwards 개별 사례 페이지의 title·meta description에서 확인된 키워드: 관련 기술 키워드 없음,excluded,1,1,2,3,3,3,1,배제,낮음,공개 근거에서 비활성 캐러셀 항목의 노출 방식을 확정할 수 없음,title·meta·공개 본문 관찰 기준,sources-a
168,Awwwards,www.awwwards.com,https://www.awwwards.com/sites/hearst-exhibit-2026,Hearst Exhibit 2026 - Awwwards SOTD,Awwwards 개별 사례 페이지의 title·meta description에서 확인된 키워드: 관련 기술 키워드 없음,excluded,1,1,2,3,3,3,1,배제,낮음,공개 근거에서 비활성 캐러셀 항목의 노출 방식을 확정할 수 없음,title·meta·공개 본문 관찰 기준,sources-a
169,Awwwards,www.awwwards.com,https://www.awwwards.com/sites/heco-partners-1,Heco Partners - Awwwards Honorable Mention,Awwwards 개별 사례 페이지의 title·meta description에서 확인된 키워드: 관련 기술 키워드 없음,excluded,1,1,2,3,3,3,1,배제,낮음,공개 근거에서 비활성 캐러셀 항목의 노출 방식을 확정할 수 없음,title·meta·공개 본문 관찰 기준,sources-a
170,Awwwards,www.awwwards.com,https://www.awwwards.com/sites/hilden-kaira,Hildén & Kaira - Awwwards SOTD,Awwwards 개별 사례 페이지의 title·meta description에서 확인된 키워드: 관련 기술 키워드 없음,excluded,1,1,2,3,3,3,1,배제,낮음,공개 근거에서 비활성 캐러셀 항목의 노출 방식을 확정할 수 없음,title·meta·공개 본문 관찰 기준,sources-a
171,Awwwards,www.awwwards.com,https://www.awwwards.com/sites/izanami,IZANAMI - Awwwards SOTD,Awwwards 개별 사례 페이지의 title·meta description에서 확인된 키워드: 관련 기술 키워드 없음,excluded,1,1,2,3,3,3,1,배제,낮음,공개 근거에서 비활성 캐러셀 항목의 노출 방식을 확정할 수 없음,title·meta·공개 본문 관찰 기준,sources-a
172,Awwwards,www.awwwards.com,https://www.awwwards.com/sites/julien-calot,Julien Calot - Awwwards SOTD,Awwwards 개별 사례 페이지의 title·meta description에서 확인된 키워드: 관련 기술 키워드 없음,excluded,1,1,2,3,3,3,1,배제,낮음,공개 근거에서 비활성 캐러셀 항목의 노출 방식을 확정할 수 없음,title·meta·공개 본문 관찰 기준,sources-a
173,Awwwards,www.awwwards.com,https://www.awwwards.com/sites/lacoste-polo-factory,Lacoste — Polo Factory - Awwwards SOTD,Awwwards 개별 사례 페이지의 title·meta description에서 확인된 키워드: 관련 기술 키워드 없음,excluded,1,1,2,3,3,3,1,배제,낮음,공개 근거에서 비활성 캐러셀 항목의 노출 방식을 확정할 수 없음,title·meta·공개 본문 관찰 기준,sources-a
174,Awwwards,www.awwwards.com,https://www.awwwards.com/sites/lama-lama-2,Lama Lama - Awwwards SOTD,Awwwards 개별 사례 페이지의 title·meta description에서 확인된 키워드: 관련 기술 키워드 없음,excluded,1,1,2,3,3,3,1,배제,낮음,공개 근거에서 비활성 캐러셀 항목의 노출 방식을 확정할 수 없음,title·meta·공개 본문 관찰 기준,sources-a
175,Awwwards,www.awwwards.com,https://www.awwwards.com/sites/linka,Linka - Awwwards Honorable Mention,Awwwards 개별 사례 페이지의 title·meta description에서 확인된 키워드: 관련 기술 키워드 없음,excluded,1,1,2,3,3,3,1,배제,낮음,공개 근거에서 비활성 캐러셀 항목의 노출 방식을 확정할 수 없음,title·meta·공개 본문 관찰 기준,sources-a
176,Awwwards,www.awwwards.com,https://www.awwwards.com/sites/monolog,MONOLOG - Awwwards SOTD,Awwwards 개별 사례 페이지의 title·meta description에서 확인된 키워드: 관련 기술 키워드 없음,excluded,1,1,2,3,3,3,1,배제,낮음,공개 근거에서 비활성 캐러셀 항목의 노출 방식을 확정할 수 없음,title·meta·공개 본문 관찰 기준,sources-a
177,Awwwards,www.awwwards.com,https://www.awwwards.com/sites/max-kalinsky,Max Kalinsky - Awwwards Honorable Mention,Awwwards 개별 사례 페이지의 title·meta description에서 확인된 키워드: 관련 기술 키워드 없음,excluded,1,1,2,3,3,3,1,배제,낮음,공개 근거에서 비활성 캐러셀 항목의 노출 방식을 확정할 수 없음,title·meta·공개 본문 관찰 기준,sources-a
178,Awwwards,www.awwwards.com,https://www.awwwards.com/sites/orbea,ORBEA - Awwwards Honorable Mention,Awwwards 개별 사례 페이지의 title·meta description에서 확인된 키워드: 관련 기술 키워드 없음,excluded,1,1,2,3,3,3,1,배제,낮음,공개 근거에서 비활성 캐러셀 항목의 노출 방식을 확정할 수 없음,title·meta·공개 본문 관찰 기준,sources-a
179,Awwwards,www.awwwards.com,https://www.awwwards.com/sites/pp-neue-montreal,PP Neue Montreal - Awwwards SOTD,Awwwards 개별 사례 페이지의 title·meta description에서 확인된 키워드: 관련 기술 키워드 없음,excluded,1,1,2,3,3,3,1,배제,낮음,공개 근거에서 비활성 캐러셀 항목의 노출 방식을 확정할 수 없음,title·meta·공개 본문 관찰 기준,sources-a
180,Awwwards,www.awwwards.com,https://www.awwwards.com/sites/partizan,Partizan - Awwwards SOTD,Awwwards 개별 사례 페이지의 title·meta description에서 확인된 키워드: 관련 기술 키워드 없음,excluded,1,1,2,3,3,3,1,배제,낮음,공개 근거에서 비활성 캐러셀 항목의 노출 방식을 확정할 수 없음,title·meta·공개 본문 관찰 기준,sources-a
181,Awwwards,www.awwwards.com,https://www.awwwards.com/sites/pizza-amici,Pizza Amici - Awwwards Honorable Mention,Awwwards 개별 사례 페이지의 title·meta description에서 확인된 키워드: 관련 기술 키워드 없음,excluded,1,1,2,3,3,3,1,배제,낮음,공개 근거에서 비활성 캐러셀 항목의 노출 방식을 확정할 수 없음,title·meta·공개 본문 관찰 기준,sources-a
182,Awwwards,www.awwwards.com,https://www.awwwards.com/sites/risk,RISK - Awwwards SOTD,Awwwards 개별 사례 페이지의 title·meta description에서 확인된 키워드: 관련 기술 키워드 없음,excluded,1,1,2,3,3,3,1,배제,낮음,공개 근거에서 비활성 캐러셀 항목의 노출 방식을 확정할 수 없음,title·meta·공개 본문 관찰 기준,sources-a
183,Awwwards,www.awwwards.com,https://www.awwwards.com/sites/serotoninn,Serotoninn - Awwwards Honorable Mention,Awwwards 개별 사례 페이지의 title·meta description에서 확인된 키워드: 관련 기술 키워드 없음,excluded,1,1,2,3,3,3,1,배제,낮음,공개 근거에서 비활성 캐러셀 항목의 노출 방식을 확정할 수 없음,title·meta·공개 본문 관찰 기준,sources-a
184,Awwwards,www.awwwards.com,https://www.awwwards.com/sites/studio-ol,Studio OL - Awwwards Honorable Mention,Awwwards 개별 사례 페이지의 title·meta description에서 확인된 키워드: 관련 기술 키워드 없음,excluded,1,1,2,3,3,3,1,배제,낮음,공개 근거에서 비활성 캐러셀 항목의 노출 방식을 확정할 수 없음,title·meta·공개 본문 관찰 기준,sources-a
185,Awwwards,www.awwwards.com,https://www.awwwards.com/sites/units,Units - Awwwards SOTD,Awwwards 개별 사례 페이지의 title·meta description에서 확인된 키워드: 관련 기술 키워드 없음,excluded,1,1,2,3,3,3,1,배제,낮음,공개 근거에서 비활성 캐러셀 항목의 노출 방식을 확정할 수 없음,title·meta·공개 본문 관찰 기준,sources-a
186,Awwwards,www.awwwards.com,https://www.awwwards.com/sites/vectr,Vectr - Awwwards SOTD,Awwwards 개별 사례 페이지의 title·meta description에서 확인된 키워드: 관련 기술 키워드 없음,excluded,1,1,2,3,3,3,1,배제,낮음,공개 근거에서 비활성 캐러셀 항목의 노출 방식을 확정할 수 없음,title·meta·공개 본문 관찰 기준,sources-a
187,Awwwards,www.awwwards.com,https://www.awwwards.com/sites/vero-new-york,Vero New-York - Awwwards Honorable Mention,Awwwards 개별 사례 페이지의 title·meta description에서 확인된 키워드: 관련 기술 키워드 없음,excluded,1,1,2,3,3,3,1,배제,낮음,공개 근거에서 비활성 캐러셀 항목의 노출 방식을 확정할 수 없음,title·meta·공개 본문 관찰 기준,sources-a
188,Awwwards,www.awwwards.com,https://www.awwwards.com/sites/wembi,Wembi - Awwwards SOTD,Awwwards 개별 사례 페이지의 title·meta description에서 확인된 키워드: performance,excluded,1,1,2,3,3,3,1,배제,낮음,공개 근거에서 비활성 캐러셀 항목의 노출 방식을 확정할 수 없음,title·meta·공개 본문 관찰 기준,sources-a
189,Awwwards,www.awwwards.com,https://www.awwwards.com/sites/ylem,YLEM - Awwwards Honorable Mention,Awwwards 개별 사례 페이지의 title·meta description에서 확인된 키워드: 관련 기술 키워드 없음,excluded,1,1,2,3,3,3,1,배제,낮음,공개 근거에서 비활성 캐러셀 항목의 노출 방식을 확정할 수 없음,title·meta·공개 본문 관찰 기준,sources-a
190,Awwwards,www.awwwards.com,https://www.awwwards.com/sites/https-www-mosaicist-com,https://www.mosaicist.com/ - Awwwards Honorable Mention,Awwwards 개별 사례 페이지의 title·meta description에서 확인된 키워드: 관련 기술 키워드 없음,excluded,1,1,2,3,3,3,1,배제,낮음,공개 근거에서 비활성 캐러셀 항목의 노출 방식을 확정할 수 없음,title·meta·공개 본문 관찰 기준,sources-a
191,Codrops,tympanus.net,https://tympanus.net/codrops/2026/04/22/a-playful-clip-menu-with-gsaps-easereverse/,A Playful Clip Menu with GSAP’s easeReverse,"Codrops 공식 WordPress API 제목·초록에서 확인된 키워드: clip, animation, gsap",hidden-offstage,4,2,2,3,3,3,2,조건부 배제,높음,활성 템플릿 외 항목은 개구부 밖 또는 마스크 뒤에 완전히 숨기고 전환 시에만 진입,title·meta·공개 본문 관찰 기준,sources-a
192,Codrops,tympanus.net,https://tympanus.net/codrops/2025/11/05/animating-a-3d-scene-with-splines-new-timeline-tool/,Animating a 3D Scene with Spline’s New Timeline Tool,"Codrops 공식 WordPress API 제목·초록에서 확인된 키워드: 3d, animation",layered-stack,3,4,2,3,3,4,4,조건부 채택,높음,템플릿을 Z축·크기·그림자로 중첩하고 중앙 항목을 전면으로 승격,title·meta·공개 본문 관찰 기준,sources-a
193,Codrops,tympanus.net,https://tympanus.net/codrops/2025/05/20/behind-the-curtain-building-aurels-grand-theater-from-design-to-code/,Behind the Curtain: Building Aurel’s Grand Theater from Design to Code,"Codrops 공식 WordPress API 제목·초록에서 확인된 키워드: three.js, animation, gsap, portfolio",excluded,1,1,2,3,3,3,1,배제,낮음,공개 근거에서 비활성 캐러셀 항목의 노출 방식을 확정할 수 없음,title·meta·공개 본문 관찰 기준,sources-a
194,Codrops,tympanus.net,https://tympanus.net/codrops/2026/07/23/building-cerebrium-making-serverless-infrastructure-tangible/,Building Cerebrium: Making Serverless Infrastructure Tangible,"Codrops 공식 WordPress API 제목·초록에서 확인된 키워드: 3d, webgl, interactive",layered-stack,3,4,2,3,3,4,4,조건부 채택,중간,템플릿을 Z축·크기·그림자로 중첩하고 중앙 항목을 전면으로 승격,title·meta·공개 본문 관찰 기준,sources-a
195,Codrops,tympanus.net,https://tympanus.net/codrops/2026/06/10/building-horeca-advanced-motion-design-in-webflow-without-the-performance-trade-offs/,Building Horeca: Advanced Motion Design in Webflow Without the Performance Trade-Offs,"Codrops 공식 WordPress API 제목·초록에서 확인된 키워드: architecture, animation, motion, scroll, performance",excluded,1,1,2,3,3,3,1,배제,낮음,공개 근거에서 비활성 캐러셀 항목의 노출 방식을 확정할 수 없음,title·meta·공개 본문 관찰 기준,sources-a
196,Codrops,tympanus.net,https://tympanus.net/codrops/2025/05/31/building-interactive-3d-cards-in-webflow-with-three-js/,Building Interactive 3D Cards in Webflow with Three.js,"Codrops 공식 WordPress API 제목·초록에서 확인된 키워드: 3d, three.js, interactive",layered-stack,3,4,2,3,3,4,4,조건부 채택,높음,템플릿을 Z축·크기·그림자로 중첩하고 중앙 항목을 전면으로 승격,title·meta·공개 본문 관찰 기준,sources-a
197,Codrops,tympanus.net,https://tympanus.net/codrops/2026/07/22/building-ridgeline-engineering-a-real-time-3d-experience-in-webflow/,Building Ridgeline: Engineering a Real-Time 3D Experience in Webflow,"Codrops 공식 WordPress API 제목·초록에서 확인된 키워드: 3d, architectural, animation, performance",layered-stack,3,4,2,3,3,4,4,조건부 채택,높음,템플릿을 Z축·크기·그림자로 중첩하고 중앙 항목을 전면으로 승격,title·meta·공개 본문 관찰 기준,sources-a
198,Codrops,tympanus.net,https://tympanus.net/codrops/2026/03/18/building-seamless-3d-transitions-with-webflow-gsap-and-three-js/,"Building Seamless 3D Transitions with Webflow, GSAP, and Three.js","Codrops 공식 WordPress API 제목·초록에서 확인된 키워드: 3d, three.js, transition, gsap",layered-stack,3,4,2,3,3,4,4,조건부 채택,높음,템플릿을 Z축·크기·그림자로 중첩하고 중앙 항목을 전면으로 승격,title·meta·공개 본문 관찰 기준,sources-a
199,Codrops,tympanus.net,https://tympanus.net/codrops/2025/11/29/building-the-monolith-composable-rendering-systems-for-a-13-scene-webgl-epic/,Building The Monolith: Composable Rendering Systems for a 13-Scene WebGL Epic,"Codrops 공식 WordPress API 제목·초록에서 확인된 키워드: webgl, transition",excluded,1,1,2,3,3,3,1,배제,낮음,공개 근거에서 비활성 캐러셀 항목의 노출 방식을 확정할 수 없음,title·meta·공개 본문 관찰 기준,sources-a
200,Codrops,tympanus.net,https://tympanus.net/codrops/2025/12/08/building-with-perfect-pitch-how-fiddle-digital-composes-high-performance-digital-experiences/,Building With Perfect Pitch: How Fiddle.Digital Composes High-Performance Digital Experiences,"Codrops 공식 WordPress API 제목·초록에서 확인된 키워드: immersive, reveal, performance",layered-stack,3,4,2,3,3,4,4,조건부 채택,중간,템플릿을 Z축·크기·그림자로 중첩하고 중앙 항목을 전면으로 승격,title·meta·공개 본문 관찰 기준,sources-a
201,Codrops,tympanus.net,https://tympanus.net/codrops/2025/11/11/building-a-3d-infinite-carousel-with-reactive-background-gradients/,Building a 3D Infinite Carousel with Reactive Background Gradients,"Codrops 공식 WordPress API 제목·초록에서 확인된 키워드: 3d, carousel, infinite",partial-visible,4,5,4,3,5,3,5,채택,높음,중앙 활성 템플릿은 완전 노출하고 좌우 비활성 템플릿의 일부를 남겨 다음·이전 방향을 예고,title·meta·공개 본문 관찰 기준,sources-a
202,Codrops,tympanus.net,https://tympanus.net/codrops/2026/03/23/building-a-dual-scene-fluid-x-ray-reveal-effect-in-three-js/,Building a Dual-Scene Fluid X-Ray Reveal Effect in Three.js,"Codrops 공식 WordPress API 제목·초록에서 확인된 키워드: three.js, reveal",excluded,1,1,2,3,3,3,1,배제,낮음,공개 근거에서 비활성 캐러셀 항목의 노출 방식을 확정할 수 없음,title·meta·공개 본문 관찰 기준,sources-a
203,Codrops,tympanus.net,https://tympanus.net/codrops/2026/05/26/building-a-scroll-driven-3d-cube-gallery-in-webflow-with-gsap/,Building a Scroll-Driven 3D Cube Gallery in Webflow with GSAP,"Codrops 공식 WordPress API 제목·초록에서 확인된 키워드: 3d, gallery, animation, scroll, gsap",partial-visible,4,5,4,3,5,3,5,채택,높음,중앙 활성 템플릿은 완전 노출하고 좌우 비활성 템플릿의 일부를 남겨 다음·이전 방향을 예고,title·meta·공개 본문 관찰 기준,sources-a
204,Codrops,tympanus.net,https://tympanus.net/codrops/2026/07/07/building-a-scroll-driven-3d-gallery-using-a-blender-camera-path-with-three-js-and-gsap/,Building a Scroll-Driven 3D Gallery Using a Blender Camera Path with Three.js and GSAP,"Codrops 공식 WordPress API 제목·초록에서 확인된 키워드: 3d, three.js, gallery, scroll, gsap",partial-visible,4,5,4,3,5,3,5,채택,높음,중앙 활성 템플릿은 완전 노출하고 좌우 비활성 템플릿의 일부를 남겨 다음·이전 방향을 예고,title·meta·공개 본문 관찰 기준,sources-a
205,Codrops,tympanus.net,https://tympanus.net/codrops/2026/02/10/building-an-endless-procedural-snake-with-three-js-and-webgl/,Building an Endless Procedural Snake with Three.js and WebGL,"Codrops 공식 WordPress API 제목·초록에서 확인된 키워드: webgl, three.js, motion",excluded,1,1,2,3,3,3,1,배제,낮음,공개 근거에서 비활성 캐러셀 항목의 노출 방식을 확정할 수 없음,title·meta·공개 본문 관찰 기준,sources-a
206,Codrops,tympanus.net,https://tympanus.net/codrops/2025/06/17/building-an-infinite-marquee-along-an-svg-path-with-react-motion/,Building an Infinite Marquee Along an SVG Path with React & Motion,"Codrops 공식 WordPress API 제목·초록에서 확인된 키워드: infinite, motion",partial-visible,4,5,4,3,5,3,5,채택,높음,중앙 활성 템플릿은 완전 노출하고 좌우 비활성 템플릿의 일부를 남겨 다음·이전 방향을 예고,title·meta·공개 본문 관찰 기준,sources-a
207,Codrops,tympanus.net,https://tympanus.net/codrops/2025/06/11/building-an-infinite-parallax-grid-with-gsap-and-seamless-tiling/,Building an Infinite Parallax Grid with GSAP and Seamless Tiling,"Codrops 공식 WordPress API 제목·초록에서 확인된 키워드: infinite, animation, motion, scroll, gsap, grid",partial-visible,4,5,4,3,5,3,5,채택,높음,중앙 활성 템플릿은 완전 노출하고 좌우 비활성 템플릿의 일부를 남겨 다음·이전 방향을 예고,title·meta·공개 본문 관찰 기준,sources-a
208,Codrops,tympanus.net,https://tympanus.net/codrops/2025/06/18/coding-a-3d-audio-visualizer-with-three-js-gsap-web-audio-api/,"Coding a 3D Audio Visualizer with Three.js, GSAP & Web Audio API","Codrops 공식 WordPress API 제목·초록에서 확인된 키워드: 3d, three.js, motion, gsap",layered-stack,3,4,2,3,3,4,4,조건부 채택,높음,템플릿을 Z축·크기·그림자로 중첩하고 중앙 항목을 전면으로 승격,title·meta·공개 본문 관찰 기준,sources-a
209,Codrops,tympanus.net,https://tympanus.net/codrops/2026/02/23/composite-rendering-the-brilliance-behind-inspiring-webgl-transitions/,Composite Rendering: The Brilliance Behind Inspiring WebGL Transitions,"Codrops 공식 WordPress API 제목·초록에서 확인된 키워드: webgl, transition",excluded,1,1,2,3,3,3,1,배제,낮음,공개 근거에서 비활성 캐러셀 항목의 노출 방식을 확정할 수 없음,title·meta·공개 본문 관찰 기준,sources-a
210,Codrops,tympanus.net,https://tympanus.net/codrops/2025/12/04/crafting-nature-beyond-technology-a-project-from-roots-to-leaves/,Crafting Nature Beyond Technology: A Project from Roots to Leaves,"Codrops 공식 WordPress API 제목·초록에서 확인된 키워드: webgl, animation",excluded,1,1,2,3,3,3,1,배제,낮음,공개 근거에서 비활성 캐러셀 항목의 노출 방식을 확정할 수 없음,title·meta·공개 본문 관찰 기준,sources-a
211,Codrops,tympanus.net,https://tympanus.net/codrops/2025/11/04/creating-3d-scroll-driven-text-animations-with-css-and-gsap/,Creating 3D Scroll-Driven Text Animations with CSS and GSAP,"Codrops 공식 WordPress API 제목·초록에서 확인된 키워드: 3d, animation, scroll, gsap, performance",layered-stack,3,4,2,3,3,4,4,조건부 채택,높음,템플릿을 Z축·크기·그림자로 중첩하고 중앙 항목을 전면으로 승격,title·meta·공개 본문 관찰 기준,sources-a
212,Codrops,tympanus.net,https://tympanus.net/codrops/2025/11/26/creating-wavy-infinite-carousels-in-react-three-fiber-with-glsl-shaders/,Creating Wavy Infinite Carousels in React Three Fiber with GLSL Shaders,"Codrops 공식 WordPress API 제목·초록에서 확인된 키워드: 3d, carousel, infinite, scroll",center-only-fade,5,3,4,5,5,2,3,보조안,높음,중앙 프레임 한 곳에서 콘텐츠를 교체하며 비활성 항목은 opacity로 제거,title·meta·공개 본문 관찰 기준,sources-a
213,Codrops,tympanus.net,https://tympanus.net/codrops/2026/02/19/creating-a-smooth-horizontal-parallax-gallery-from-dom-to-webgl/,Creating a Smooth Horizontal Parallax Gallery: From DOM to WebGL,"Codrops 공식 WordPress API 제목·초록에서 확인된 키워드: webgl, three.js, gallery, horizontal, parallax",partial-visible,4,5,4,3,5,3,5,채택,높음,중앙 활성 템플릿은 완전 노출하고 좌우 비활성 템플릿의 일부를 남겨 다음·이전 방향을 예고,title·meta·공개 본문 관찰 기준,sources-a
214,Codrops,tympanus.net,https://tympanus.net/codrops/2025/08/07/designer-spotlight-julie-marting/,Designer Spotlight: Julie Marting,"Codrops 공식 WordPress API 제목·초록에서 확인된 키워드: immersive, interactive",layered-stack,3,4,2,3,3,4,4,조건부 채택,중간,템플릿을 Z축·크기·그림자로 중첩하고 중앙 항목을 전면으로 승격,title·meta·공개 본문 관찰 기준,sources-a
215,Codrops,tympanus.net,https://tympanus.net/codrops/2025/06/12/developer-spotlight-robin-payot/,Developer Spotlight: Robin Payot,"Codrops 공식 WordPress API 제목·초록에서 확인된 키워드: webgl, animation, interactive",excluded,1,1,2,3,3,3,1,배제,낮음,공개 근거에서 비활성 캐러셀 항목의 노출 방식을 확정할 수 없음,title·meta·공개 본문 관찰 기준,sources-a
216,Codrops,tympanus.net,https://tympanus.net/codrops/2026/06/18/exploring-3d-image-rotations-on-scroll/,Exploring 3D Image Rotations on Scroll,"Codrops 공식 WordPress API 제목·초록에서 확인된 키워드: 3d, scroll",layered-stack,3,4,2,3,3,4,4,조건부 채택,높음,템플릿을 Z축·크기·그림자로 중첩하고 중앙 항목을 전면으로 승격,title·meta·공개 본문 관찰 기준,sources-a
217,Codrops,tympanus.net,https://tympanus.net/codrops/2025/08/20/exporting-a-cloth-simulation-from-blender-to-an-interactive-three-js-scene/,Exporting a Cloth Simulation from Blender to an Interactive Three.js Scene,"Codrops 공식 WordPress API 제목·초록에서 확인된 키워드: three.js, animation, interactive",excluded,1,1,2,3,3,3,1,배제,낮음,공개 근거에서 비활성 캐러셀 항목의 노출 방식을 확정할 수 없음,title·meta·공개 본문 관찰 기준,sources-a
218,Codrops,tympanus.net,https://tympanus.net/codrops/2026/04/21/false-earth-from-webgl-limits-to-a-webgpu-driven-world/,False Earth: From WebGL Limits to a WebGPU-Driven World,"Codrops 공식 WordPress API 제목·초록에서 확인된 키워드: webgl, three.js, infinite, interactive",partial-visible,4,5,4,3,5,3,5,채택,중간,중앙 활성 템플릿은 완전 노출하고 좌우 비활성 템플릿의 일부를 남겨 다음·이전 방향을 예고,title·meta·공개 본문 관찰 기준,sources-a
219,Codrops,tympanus.net,https://tympanus.net/codrops/2026/02/27/gabriel-norman-from-gaming-culture-to-high-end-interactive-experiences/,Gabriel Norman: From Gaming Culture to High-End Interactive Experiences,"Codrops 공식 WordPress API 제목·초록에서 확인된 키워드: immersive, motion, interactive",layered-stack,3,4,2,3,3,4,4,조건부 채택,중간,템플릿을 Z축·크기·그림자로 중첩하고 중앙 항목을 전면으로 승격,title·meta·공개 본문 관찰 기준,sources-a
220,Codrops,tympanus.net,https://tympanus.net/codrops/2025/07/09/how-to-create-kinetic-image-animations-with-react-three-fiber/,How To Create Kinetic Image Animations with React Three Fiber,"Codrops 공식 WordPress API 제목·초록에서 확인된 키워드: 3d, animation, motion",layered-stack,3,4,2,3,3,4,4,조건부 채택,중간,템플릿을 Z축·크기·그림자로 중첩하고 중앙 항목을 전면으로 승격,title·meta·공개 본문 관찰 기준,sources-a
221,Codrops,tympanus.net,https://tympanus.net/codrops/2025/06/09/how-to-create-interactive-droplet-like-metaballs-with-three-js-and-glsl/,"How to Create Interactive, Droplet-like Metaballs with Three.js and GLSL","Codrops 공식 WordPress API 제목·초록에서 확인된 키워드: three.js, interactive",excluded,1,1,2,3,3,3,1,배제,낮음,공개 근거에서 비활성 캐러셀 항목의 노출 방식을 확정할 수 없음,title·meta·공개 본문 관찰 기준,sources-a
222,Codrops,tympanus.net,https://tympanus.net/codrops/2025/06/05/how-to-create-responsive-and-seo-friendly-webgl-text/,How to Create Responsive and SEO-friendly WebGL Text,"Codrops 공식 WordPress API 제목·초록에서 확인된 키워드: webgl, animation, scroll",excluded,1,1,2,3,3,3,1,배제,낮음,공개 근거에서 비활성 캐러셀 항목의 노출 방식을 확정할 수 없음,title·meta·공개 본문 관찰 기준,sources-a
223,Codrops,tympanus.net,https://tympanus.net/codrops/2025/07/22/interactive-text-destruction-with-three-js-webgpu-and-tsl/,"Interactive Text Destruction with Three.js, WebGPU, and TSL","Codrops 공식 WordPress API 제목·초록에서 확인된 키워드: 3d, three.js, interactive",layered-stack,3,4,2,3,3,4,4,조건부 채택,중간,템플릿을 Z축·크기·그림자로 중첩하고 중앙 항목을 전면으로 승격,title·meta·공개 본문 관찰 기준,sources-a
224,Codrops,tympanus.net,https://tympanus.net/codrops/2025/07/30/interactive-webgl-backgrounds-a-quick-guide-to-bayer-dithering/,Interactive WebGL Backgrounds: A Quick Guide to Bayer Dithering,"Codrops 공식 WordPress API 제목·초록에서 확인된 키워드: webgl, interactive",excluded,1,1,2,3,3,3,1,배제,낮음,공개 근거에서 비활성 캐러셀 항목의 노출 방식을 확정할 수 없음,title·meta·공개 본문 관찰 기준,sources-a
225,Codrops,tympanus.net,https://tympanus.net/codrops/2025/06/30/invisible-forces-the-making-of-phantom-lands-interactive-grid-and-3d-face-particle-system/,Invisible Forces: The Making of Phantom.land’s Interactive Grid and 3D Face Particle System,"Codrops 공식 WordPress API 제목·초록에서 확인된 키워드: 3d, interactive, gsap, grid",layered-stack,3,4,2,3,3,4,4,조건부 채택,높음,템플릿을 Z축·크기·그림자로 중첩하고 중앙 항목을 전면으로 승격,title·meta·공개 본문 관찰 기준,sources-a
226,Codrops,tympanus.net,https://tympanus.net/codrops/2025/11/27/letting-the-creative-process-shape-a-webgl-portfolio/,Letting the Creative Process Shape a WebGL Portfolio,"Codrops 공식 WordPress API 제목·초록에서 확인된 키워드: webgl, three.js, gsap, portfolio",excluded,1,1,2,3,3,3,1,배제,낮음,공개 근거에서 비활성 캐러셀 항목의 노출 방식을 확정할 수 없음,title·meta·공개 본문 관찰 기준,sources-a
227,Codrops,tympanus.net,https://tympanus.net/codrops/2026/07/21/magnetic-commerce-building-the-dash-creative-website/,Magnetic Commerce: Building the Dash Creative Website,"Codrops 공식 WordPress API 제목·초록에서 확인된 키워드: webgl, animation, interaction",excluded,1,1,2,3,3,3,1,배제,낮음,공개 근거에서 비활성 캐러셀 항목의 노출 방식을 확정할 수 없음,title·meta·공개 본문 관찰 기준,sources-a
228,Codrops,tympanus.net,https://tympanus.net/codrops/2025/04/21/mastering-carousels-with-gsap-from-basics-to-advanced-animation/,Mastering Carousels with GSAP: From Basics to Advanced Animation,"Codrops 공식 WordPress API 제목·초록에서 확인된 키워드: 3d, carousel, animation, scroll, interaction, gsap",partial-visible,4,5,4,3,5,3,5,채택,높음,중앙 활성 템플릿은 완전 노출하고 좌우 비활성 템플릿의 일부를 남겨 다음·이전 방향을 예고,title·meta·공개 본문 관찰 기준,sources-a
229,Codrops,tympanus.net,https://tympanus.net/codrops/2026/04/28/more-than-a-portfolio-building-a-scroll-driven-3d-world-with-something-to-say/,More Than a Portfolio: Building a Scroll-Driven 3D World with Something to Say,"Codrops 공식 WordPress API 제목·초록에서 확인된 키워드: 3d, webgl, three.js, scroll, gsap, portfolio",layered-stack,3,4,2,3,3,4,4,조건부 채택,높음,템플릿을 Z축·크기·그림자로 중첩하고 중앙 항목을 전면으로 승격,title·meta·공개 본문 관찰 기준,sources-a
230,Codrops,tympanus.net,https://tympanus.net/codrops/2025/05/07/on-scroll-3d-carousel/,On-Scroll 3D Carousel,"Codrops 공식 WordPress API 제목·초록에서 확인된 키워드: 3d, carousel, animation, scroll",partial-visible,4,5,4,3,5,3,5,채택,높음,중앙 활성 템플릿은 완전 노출하고 좌우 비활성 템플릿의 일부를 남겨 다음·이전 방향을 예고,title·meta·공개 본문 관찰 기준,sources-a
231,Codrops,tympanus.net,https://tympanus.net/codrops/2025/10/07/ponpon-mania-how-webgl-and-gsap-bring-a-comic-sheeps-dream-to-life/,Ponpon Mania: How WebGL and GSAP Bring a Comic Sheep’s Dream to Life,"Codrops 공식 WordPress API 제목·초록에서 확인된 키워드: webgl, animation, interactive, gsap",excluded,1,1,2,3,3,3,1,배제,낮음,공개 근거에서 비활성 캐러셀 항목의 노출 방식을 확정할 수 없음,title·meta·공개 본문 관찰 기준,sources-a
232,Codrops,tympanus.net,https://tympanus.net/codrops/2025/09/10/reality-meets-emotion-the-3d-storytelling-of-celia-lopez/,Reality meets Emotion: The 3D Storytelling of Célia Lopez,"Codrops 공식 WordPress API 제목·초록에서 확인된 키워드: 3d, motion",layered-stack,3,4,2,3,3,4,4,조건부 채택,높음,템플릿을 Z축·크기·그림자로 중첩하고 중앙 항목을 전면으로 승격,title·meta·공개 본문 관찰 기준,sources-a
233,Codrops,tympanus.net,https://tympanus.net/codrops/2026/07/01/sculpting-a-digital-athlete-capturing-stefanos-tsitsipas-beyond-the-court/,Sculpting a Digital Athlete: Capturing Stefanos Tsitsipas Beyond the Court,"Codrops 공식 WordPress API 제목·초록에서 확인된 키워드: 3d, webgl, animation",layered-stack,3,4,2,3,3,4,4,조건부 채택,중간,템플릿을 Z축·크기·그림자로 중첩하고 중앙 항목을 전면으로 승격,title·meta·공개 본문 관찰 기준,sources-a
234,Codrops,tympanus.net,https://tympanus.net/codrops/2025/12/10/simulating-life-in-the-browser-creating-a-living-particle-system-for-the-untillabs-website/,Simulating Life in the Browser: Creating a Living Particle System for the UntilLabs Website,"Codrops 공식 WordPress API 제목·초록에서 확인된 키워드: webgl, motion",excluded,1,1,2,3,3,3,1,배제,낮음,공개 근거에서 비활성 캐러셀 항목의 노출 방식을 확정할 수 없음,title·meta·공개 본문 관찰 기준,sources-a
235,Codrops,tympanus.net,https://tympanus.net/codrops/2026/06/11/sketching-the-impossible-a-3d-portfolio-built-without-a-single-3d-model/,Sketching the Impossible: A 3D Portfolio Built Without a Single 3D Model,"Codrops 공식 WordPress API 제목·초록에서 확인된 키워드: 3d, infinite, portfolio",layered-stack,3,4,2,3,3,4,4,조건부 채택,높음,템플릿을 Z축·크기·그림자로 중첩하고 중앙 항목을 전면으로 승격,title·meta·공개 본문 관찰 기준,sources-a
236,Codrops,tympanus.net,https://tympanus.net/codrops/2025/03/25/stas-bondar-25-the-code-techniques-behind-a-next-level-portfolio/,Stas Bondar ’25: The Code & Techniques Behind a Next-Level Portfolio,"Codrops 공식 WordPress API 제목·초록에서 확인된 키워드: three.js, animation, gsap, portfolio",excluded,1,1,2,3,3,3,1,배제,낮음,공개 근거에서 비활성 캐러셀 항목의 노출 방식을 확정할 수 없음,title·meta·공개 본문 관찰 기준,sources-a
237,Codrops,tympanus.net,https://tympanus.net/codrops/2026/04/24/susurrus-crafting-a-cozy-watercolor-world-with-three-js-and-shaders/,Susurrus: Crafting a Cozy Watercolor World with Three.js and Shaders,"Codrops 공식 WordPress API 제목·초록에서 확인된 키워드: webgl, three.js, interaction",center-only-fade,5,3,4,5,5,2,3,보조안,높음,중앙 프레임 한 곳에서 콘텐츠를 교체하며 비활성 항목은 opacity로 제거,title·meta·공개 본문 관찰 기준,sources-a
238,Codrops,tympanus.net,https://tympanus.net/codrops/2026/07/08/ten-years-away-designing-an-interactive-comic-for-studio375s-tenth-anniversary/,Ten Years Away: Designing an Interactive Comic for Studio375’s Tenth Anniversary,"Codrops 공식 WordPress API 제목·초록에서 확인된 키워드: webgl, scroll, interactive",excluded,1,1,2,3,3,3,1,배제,낮음,공개 근거에서 비활성 캐러셀 항목의 노출 방식을 확정할 수 없음,title·meta·공개 본문 관찰 기준,sources-a
239,Codrops,tympanus.net,https://tympanus.net/codrops/2026/07/10/the-sleepers-creating-an-atmospheric-webgl-experience-with-lightweight-techniques/,The Sleepers: Creating an Atmospheric WebGL Experience with Lightweight Techniques,"Codrops 공식 WordPress API 제목·초록에서 확인된 키워드: webgl, infinite, transition",partial-visible,4,5,4,3,5,3,5,채택,중간,중앙 활성 템플릿은 완전 노출하고 좌우 비활성 템플릿의 일부를 남겨 다음·이전 방향을 예고,title·meta·공개 본문 관찰 기준,sources-a
240,Codrops,tympanus.net,https://tympanus.net/codrops/2026/01/09/the-spark-engineering-an-immersive-story-first-web-experience/,"The Spark: Engineering an Immersive, Story-First Web Experience","Codrops 공식 WordPress API 제목·초록에서 확인된 키워드: depth, immersive, motion, scroll, performance",layered-stack,3,4,2,3,3,4,4,조건부 채택,높음,템플릿을 Z축·크기·그림자로 중첩하고 중앙 항목을 전면으로 승격,title·meta·공개 본문 관찰 기준,sources-a
241,Codrops,tympanus.net,https://tympanus.net/codrops/2026/07/13/where-stories-become-interactive-worlds-how-makemepulse-brings-ideas-to-life-across-web-xr-and-beyond/,"Where Stories Become Interactive Worlds: How makemepulse Brings Ideas to Life Across Web, XR, and Beyond","Codrops 공식 WordPress API 제목·초록에서 확인된 키워드: immersive, interactive",layered-stack,3,4,2,3,3,4,4,조건부 채택,중간,템플릿을 Z축·크기·그림자로 중첩하고 중앙 항목을 전면으로 승격,title·meta·공개 본문 관찰 기준,sources-a
242,Codrops,tympanus.net,https://tympanus.net/codrops/2026/07/17/zero-the-engineering-behind-a-defiant-interactive-narrative/,ZERO: The Engineering Behind a Defiant Interactive Narrative,"Codrops 공식 WordPress API 제목·초록에서 확인된 키워드: webgl, immersive, scroll, interactive, performance",layered-stack,3,4,2,3,3,4,4,조건부 채택,중간,템플릿을 Z축·크기·그림자로 중첩하고 중앙 항목을 전면으로 승격,title·meta·공개 본문 관찰 기준,sources-a
243,muz.li,muz.li,https://muz.li/blog/weekly-designers-update-433/,Weekly Designers Update #433 | Muzli Blog,"메타: Web design inspiration, weekly recap / 관찰 소제목: Weekly Designers Update #433 | Web design inspiration | How do we burn up forests, villages and people with our own hands | Convex Seascape Survey",excluded,2,2,2,2,2,4,2,배제,중간,공연 템플릿의 선택·비교보다 장식 모션 또는 다른 제품 목적이 앞서 이번 캐러셀의 직접 근거로 채택하지 않음.,,sources-b
244,muz.li,muz.li,https://muz.li/blog/weekly-designers-update-434/,Weekly Designers Update #434 | Muzli Blog,"메타: Web design inspiration, weekly recap / 관찰 소제목: Weekly Designers Update #434 | Web design inspiration | All Around Us* Environment Explorer Collection AW 2023 | Buttermax",excluded,2,2,2,2,2,4,2,배제,중간,공연 템플릿의 선택·비교보다 장식 모션 또는 다른 제품 목적이 앞서 이번 캐러셀의 직접 근거로 채택하지 않음.,,sources-b
245,muz.li,muz.li,https://muz.li/blog/weekly-designers-update-435/,Weekly Designers Update #435 | Muzli Blog,"메타: Web design inspiration, weekly recap / 관찰 소제목: Weekly Designers Update #435 | Web design inspiration | Eurecah | Creative Agency | Evan Fasquelle — Digital Designer",excluded,2,2,2,2,2,4,2,배제,중간,공연 템플릿의 선택·비교보다 장식 모션 또는 다른 제품 목적이 앞서 이번 캐러셀의 직접 근거로 채택하지 않음.,,sources-b
246,muz.li,muz.li,https://muz.li/blog/weekly-designers-update-436/,Weekly Designers Update #436 | Muzli Blog,"메타: Web design inspiration, weekly recap / 관찰 소제목: Weekly Designers Update #436 | Web design inspiration | Sala X | Bonhomme | 10 Ans",excluded,2,2,2,2,2,4,2,배제,중간,공연 템플릿의 선택·비교보다 장식 모션 또는 다른 제품 목적이 앞서 이번 캐러셀의 직접 근거로 채택하지 않음.,,sources-b
247,muz.li,muz.li,https://muz.li/blog/weekly-designers-update-437/,Weekly Designers Update #437 | Muzli Blog,"메타: Web design inspiration, weekly recap / 관찰 소제목: Weekly Designers Update #437 | Web design inspiration | Nokia 3310 Eng | Concept Capers",excluded,2,2,2,2,2,4,2,배제,중간,공연 템플릿의 선택·비교보다 장식 모션 또는 다른 제품 목적이 앞서 이번 캐러셀의 직접 근거로 채택하지 않음.,,sources-b
248,muz.li,muz.li,https://muz.li/blog/weekly-designers-update-438/,Weekly Designers Update #438 | Muzli Blog,"메타: Web design inspiration, weekly recap / 관찰 소제목: Weekly Designers Update #438 | Web design inspiration | Active Theory · Creative Digital Experiences | Loket Design",excluded,2,2,2,2,2,4,2,배제,중간,공연 템플릿의 선택·비교보다 장식 모션 또는 다른 제품 목적이 앞서 이번 캐러셀의 직접 근거로 채택하지 않음.,,sources-b
249,muz.li,muz.li,https://muz.li/blog/weekly-designers-update-439/,Weekly Designers Update #439 | Muzli Blog,"메타: Web design inspiration, weekly recap / 관찰 소제목: Weekly Designers Update #439 | Web design inspiration | Backstage With Bon Jovi | Otoh",excluded,2,2,2,2,2,4,2,배제,중간,공연 템플릿의 선택·비교보다 장식 모션 또는 다른 제품 목적이 앞서 이번 캐러셀의 직접 근거로 채택하지 않음.,,sources-b
250,muz.li,muz.li,https://muz.li/blog/weekly-designers-update-440/,Weekly Designers Update #440 | Muzli Blog,"메타: Web design inspiration, weekly recap / 관찰 소제목: Weekly Designers Update #440 | Web design inspiration | The Cursed Library | Louisvuitton-Package",excluded,2,2,2,2,2,4,2,배제,중간,공연 템플릿의 선택·비교보다 장식 모션 또는 다른 제품 목적이 앞서 이번 캐러셀의 직접 근거로 채택하지 않음.,,sources-b
251,muz.li,muz.li,https://muz.li/blog/weekly-designers-update-441/,Weekly Designers Update #441 | Muzli Blog,"메타: Web design inspiration, weekly recap / 관찰 소제목: Weekly Designers Update #441 | Web design inspiration | Format–3 | Web Design Studio — WLT Design",excluded,2,2,2,2,2,4,2,배제,중간,공연 템플릿의 선택·비교보다 장식 모션 또는 다른 제품 목적이 앞서 이번 캐러셀의 직접 근거로 채택하지 않음.,,sources-b
252,muz.li,muz.li,https://muz.li/blog/weekly-designers-update-442/,Weekly Designers Update #442 | Muzli Blog,"메타: Web design inspiration, weekly recap / 관찰 소제목: Weekly Designers Update #442 | Web design inspiration | Drams — Framer Components Inspired By Dieter Rams’ | Hero Collective",excluded,2,2,2,2,3,4,2,배제,중간,공연 템플릿의 선택·비교보다 장식 모션 또는 다른 제품 목적이 앞서 이번 캐러셀의 직접 근거로 채택하지 않음.,,sources-b
253,muz.li,muz.li,https://muz.li/blog/weekly-designers-update-444/,Weekly Designers Update #444 | Muzli Blog,"메타: Web design inspiration, weekly recap / 관찰 소제목: Weekly Designers Update #444 | Web design inspiration | Muzli AI Color Combination Generator | Peter Tarka",excluded,2,2,2,2,2,4,2,배제,중간,공연 템플릿의 선택·비교보다 장식 모션 또는 다른 제품 목적이 앞서 이번 캐러셀의 직접 근거로 채택하지 않음.,,sources-b
254,muz.li,muz.li,https://muz.li/blog/weekly-designers-update-445/,Weekly Designers Update #445 | Muzli Blog,"메타: Web design inspiration, weekly recap / 관찰 소제목: Weekly Designers Update #445 | Web design inspiration | Razorfish | Agence Digitale | Monopo Paris",excluded,2,2,2,2,2,4,2,배제,중간,공연 템플릿의 선택·비교보다 장식 모션 또는 다른 제품 목적이 앞서 이번 캐러셀의 직접 근거로 채택하지 않음.,,sources-b
255,muz.li,muz.li,https://muz.li/blog/weekly-designers-update-446/,Weekly Designers Update #446 | Muzli Blog,"메타: Web design inspiration, weekly recap / 관찰 소제목: Weekly Designers Update #446 | Web design inspiration | Merriment | 84–24",excluded,2,2,2,2,2,4,2,배제,중간,공연 템플릿의 선택·비교보다 장식 모션 또는 다른 제품 목적이 앞서 이번 캐러셀의 직접 근거로 채택하지 않음.,,sources-b
256,muz.li,muz.li,https://muz.li/blog/weekly-designers-update-447/,Weekly Designers Update #447 | Muzli Blog,"메타: Web design inspiration, weekly recap / 관찰 소제목: Weekly Designers Update #447 | Web design inspiration | Aircord | Ma Sai Gon",excluded,2,2,2,2,2,4,2,배제,중간,공연 템플릿의 선택·비교보다 장식 모션 또는 다른 제품 목적이 앞서 이번 캐러셀의 직접 근거로 채택하지 않음.,,sources-b
257,muz.li,muz.li,https://muz.li/blog/weekly-designers-update-448/,Weekly Designers Update #448 | Muzli Blog,"메타: Web design inspiration, weekly recap / 관찰 소제목: Weekly Designers Update #448 | Web design inspiration | Innovative Fashion Worlds | NeoCultural Couture | Madmusem — Contemporary Artist And Creator",excluded,2,2,2,2,2,4,2,배제,중간,공연 템플릿의 선택·비교보다 장식 모션 또는 다른 제품 목적이 앞서 이번 캐러셀의 직접 근거로 채택하지 않음.,,sources-b
258,muz.li,muz.li,https://muz.li/blog/weekly-designers-update-449/,Weekly Designers Update #449 | Muzli Blog,"메타: Web design inspiration, weekly recap / 관찰 소제목: Weekly Designers Update #449 | Web design inspiration | Basement.Studio | RayRay Lab",excluded,2,2,2,2,2,4,2,배제,중간,공연 템플릿의 선택·비교보다 장식 모션 또는 다른 제품 목적이 앞서 이번 캐러셀의 직접 근거로 채택하지 않음.,,sources-b
259,muz.li,muz.li,https://muz.li/blog/weekly-designers-update-450/,Weekly Designers Update #450 | Muzli Blog,"메타: Web design inspiration, weekly recap / 관찰 소제목: Weekly Designers Update #450 | Web design inspiration | Buttermax: Slosh Seltzer | Equinox",excluded,2,2,2,2,2,4,2,배제,중간,공연 템플릿의 선택·비교보다 장식 모션 또는 다른 제품 목적이 앞서 이번 캐러셀의 직접 근거로 채택하지 않음.,,sources-b
260,muz.li,muz.li,https://muz.li/blog/weekly-designers-update-451/,Weekly Designers Update #451 | Muzli Blog,"메타: Web design inspiration, weekly recap / 관찰 소제목: Weekly Designers Update #451 | Web design inspiration | WLKR 76 | DECATHLON | Say Social",excluded,2,2,2,2,2,4,2,배제,중간,공연 템플릿의 선택·비교보다 장식 모션 또는 다른 제품 목적이 앞서 이번 캐러셀의 직접 근거로 채택하지 않음.,,sources-b
261,muz.li,muz.li,https://muz.li/blog/weekly-designers-update-452/,Weekly Designers Update #452 | Muzli Blog,"메타: Web design inspiration, weekly recap / 관찰 소제목: Weekly Designers Update #452 | Web design inspiration | Rob Hemus | Design Collective | TWOMUCH.STUDIO",excluded,2,2,2,2,2,4,2,배제,중간,공연 템플릿의 선택·비교보다 장식 모션 또는 다른 제품 목적이 앞서 이번 캐러셀의 직접 근거로 채택하지 않음.,,sources-b
262,muz.li,muz.li,https://muz.li/blog/weekly-designers-update-453/,Weekly Designers Update #453 | Muzli Blog,"메타: Web design inspiration, weekly recap / 관찰 소제목: Weekly Designers Update #453 | Web design inspiration | Crazy Creative | A Solo Design Agency With Super Powers. | Local Studio — Digital Creative Studio",excluded,2,2,2,2,2,4,2,배제,중간,공연 템플릿의 선택·비교보다 장식 모션 또는 다른 제품 목적이 앞서 이번 캐러셀의 직접 근거로 채택하지 않음.,,sources-b
263,muz.li,muz.li,https://muz.li/blog/weekly-designers-update-454/,Weekly Designers Update #454 | Muzli Blog,"메타: Web design inspiration, weekly recap / 관찰 소제목: Weekly Designers Update #454 | Web design inspiration | A./CHEN — Web Designer Of The Future ( 未來界 ) | STR8FIRE | Redefining Entertainment",excluded,2,2,2,2,2,4,2,배제,중간,공연 템플릿의 선택·비교보다 장식 모션 또는 다른 제품 목적이 앞서 이번 캐러셀의 직접 근거로 채택하지 않음.,,sources-b
264,muz.li,muz.li,https://muz.li/blog/weekly-designers-update-455/,Weekly Designers Update #455 | Muzli Blog,"메타: Web design inspiration, weekly recap / 관찰 소제목: Weekly Designers Update #455 | Weekly Designers Update #567 | Weekly Designers Update #566 | Weekly Designers Update #565",excluded,2,2,2,2,2,4,2,배제,중간,공연 템플릿의 선택·비교보다 장식 모션 또는 다른 제품 목적이 앞서 이번 캐러셀의 직접 근거로 채택하지 않음.,,sources-b
265,muz.li,muz.li,https://muz.li/blog/weekly-designers-update-456/,Weekly Designers Update #456 | Muzli Blog,"메타: Web design inspiration, weekly recap / 관찰 소제목: Weekly Designers Update #456 | Web design inspiration | Noomo Labs | Superpower",excluded,2,2,2,2,2,4,2,배제,중간,공연 템플릿의 선택·비교보다 장식 모션 또는 다른 제품 목적이 앞서 이번 캐러셀의 직접 근거로 채택하지 않음.,,sources-b
266,muz.li,muz.li,https://muz.li/blog/weekly-designers-update-457/,Weekly Designers Update #457 | Muzli Blog,"메타: Web design inspiration, weekly recap / 관찰 소제목: Weekly Designers Update #457 | Web design inspiration | Fountain Of Youth Coconut Water | The Golden Temple | DES® | Design Education Series® By Obys®",excluded,2,2,2,2,2,4,2,배제,중간,공연 템플릿의 선택·비교보다 장식 모션 또는 다른 제품 목적이 앞서 이번 캐러셀의 직접 근거로 채택하지 않음.,,sources-b
267,muz.li,muz.li,https://muz.li/blog/weekly-designers-update-458/,Weekly Designers Update #458 | Muzli Blog,"메타: Web design inspiration, weekly recap / 관찰 소제목: Weekly Designers Update #458 | Web design inspiration | Everything App For Your Teams | Rogier De Boevé — Creative Developer",excluded,2,2,2,2,2,4,2,배제,중간,공연 템플릿의 선택·비교보다 장식 모션 또는 다른 제품 목적이 앞서 이번 캐러셀의 직접 근거로 채택하지 않음.,,sources-b
268,muz.li,muz.li,https://muz.li/blog/weekly-designers-update-459/,Weekly Designers Update #459 | Muzli Blog,"메타: Web design inspiration, weekly recap / 관찰 소제목: Weekly Designers Update #459 | Web design inspiration | Dracarys — Robert Borghesi LAB | Francobolli Per La Lessinia",excluded,2,2,2,2,2,4,2,배제,중간,공연 템플릿의 선택·비교보다 장식 모션 또는 다른 제품 목적이 앞서 이번 캐러셀의 직접 근거로 채택하지 않음.,,sources-b
269,muz.li,muz.li,https://muz.li/blog/weekly-designers-update-460/,Weekly Designers Update #460 | Muzli Blog,"메타: Web design inspiration, weekly recap / 관찰 소제목: Weekly Designers Update #460 | Web design inspiration | Ashfall Studio | Empowering Brands Through Strategy, Design and Technology | Sigma Software Design",excluded,2,2,2,2,2,4,2,배제,중간,공연 템플릿의 선택·비교보다 장식 모션 또는 다른 제품 목적이 앞서 이번 캐러셀의 직접 근거로 채택하지 않음.,,sources-b
270,muz.li,muz.li,https://muz.li/blog/weekly-designers-update-461/,Weekly Designers Update #461 | Muzli Blog,"메타: Web design inspiration, weekly recap / 관찰 소제목: Weekly Designers Update #461 | Web design inspiration | Samson – Art | Office Of Overview — Twenty Three Degrees",excluded,2,2,2,2,2,4,2,배제,중간,공연 템플릿의 선택·비교보다 장식 모션 또는 다른 제품 목적이 앞서 이번 캐러셀의 직접 근거로 채택하지 않음.,,sources-b
271,muz.li,muz.li,https://muz.li/blog/weekly-designers-update-462/,Weekly Designers Update #462 | Muzli Blog,"메타: Web design inspiration, weekly recap / 관찰 소제목: Weekly Designers Update #462 | Web design inspiration | Decathland · Yeye Weller X Decathlon | O Positive Films",excluded,2,2,2,2,2,4,2,배제,중간,공연 템플릿의 선택·비교보다 장식 모션 또는 다른 제품 목적이 앞서 이번 캐러셀의 직접 근거로 채택하지 않음.,,sources-b
272,muz.li,muz.li,https://muz.li/blog/weekly-designers-update-463/,Weekly Designers Update #463 | Muzli Blog,"메타: Web design inspiration, weekly recap / 관찰 소제목: Weekly Designers Update #463 | Web design inspiration | Contra | Project Cost Calculator | Chrono – Timeless Threads",excluded,2,2,2,2,2,4,2,배제,중간,공연 템플릿의 선택·비교보다 장식 모션 또는 다른 제품 목적이 앞서 이번 캐러셀의 직접 근거로 채택하지 않음.,,sources-b
273,muz.li,muz.li,https://muz.li/blog/weekly-designers-update-464/,Weekly Designers Update #464 | Muzli Blog,"메타: Web design inspiration, weekly recap / 관찰 소제목: Weekly Designers Update #464 | Web design inspiration | Botanic Expo | Crafted Futuristic Plants | tinyPod",excluded,2,2,2,2,2,4,2,배제,중간,공연 템플릿의 선택·비교보다 장식 모션 또는 다른 제품 목적이 앞서 이번 캐러셀의 직접 근거로 채택하지 않음.,,sources-b
274,muz.li,muz.li,https://muz.li/blog/weekly-designers-update-465/,Weekly Designers Update #465 | Muzli Blog,"메타: Web design inspiration, weekly recap / 관찰 소제목: Weekly Designers Update #465 | Web design inspiration | Retronova | Timeless Fashion | Friend AI",excluded,2,2,2,2,2,4,2,배제,중간,공연 템플릿의 선택·비교보다 장식 모션 또는 다른 제품 목적이 앞서 이번 캐러셀의 직접 근거로 채택하지 않음.,,sources-b
275,muz.li,muz.li,https://muz.li/blog/weekly-designers-update-466/,Weekly Designers Update #466 | Muzli Blog,"메타: Web design inspiration, weekly recap / 관찰 소제목: Weekly Designers Update #466 | Web design inspiration | UNOXUNO | Pasticcino’s Quest — Treasures of Japan",excluded,2,2,2,2,2,4,2,배제,중간,공연 템플릿의 선택·비교보다 장식 모션 또는 다른 제품 목적이 앞서 이번 캐러셀의 직접 근거로 채택하지 않음.,,sources-b
276,muz.li,muz.li,https://muz.li/blog/weekly-designers-update-467/,Weekly Designers Update #467 | Muzli Blog,"메타: Web design inspiration, weekly recap / 관찰 소제목: Weekly Designers Update #467 | Web design inspiration | Price Adapter | Lokal Poster Co. – For Your City",excluded,2,2,2,2,2,4,2,배제,중간,공연 템플릿의 선택·비교보다 장식 모션 또는 다른 제품 목적이 앞서 이번 캐러셀의 직접 근거로 채택하지 않음.,,sources-b
277,muz.li,muz.li,https://muz.li/blog/weekly-designers-update-468/,Weekly Designers Update #468 | Muzli Blog,"메타: Web design inspiration, weekly recap / 관찰 소제목: Weekly Designers Update #468 | Web design inspiration | SERIOUS.BUSINESS | Gladeye — Digital Product & Brand Experience Agency",excluded,2,2,2,2,2,4,2,배제,중간,공연 템플릿의 선택·비교보다 장식 모션 또는 다른 제품 목적이 앞서 이번 캐러셀의 직접 근거로 채택하지 않음.,,sources-b
278,muz.li,muz.li,https://muz.li/blog/weekly-designers-update-469/,Weekly Designers Update #469 | Muzli Blog,"메타: Web design inspiration, weekly recap / 관찰 소제목: Weekly Designers Update #469 | Web design inspiration | Following Wildfire | Unanswered",excluded,2,2,2,2,2,4,2,배제,중간,공연 템플릿의 선택·비교보다 장식 모션 또는 다른 제품 목적이 앞서 이번 캐러셀의 직접 근거로 채택하지 않음.,,sources-b
279,muz.li,muz.li,https://muz.li/blog/weekly-designers-update-471/,Weekly Designers Update #471 | Muzli Blog,"메타: Web design inspiration, weekly recap / 관찰 소제목: Weekly Designers Update #471 | Web design inspiration | terradactyl — A bespoke + boutique QA agency | Locomotive Dynasty — 2018 to 2023",excluded,2,2,2,2,2,4,2,배제,중간,공연 템플릿의 선택·비교보다 장식 모션 또는 다른 제품 목적이 앞서 이번 캐러셀의 직접 근거로 채택하지 않음.,,sources-b
280,muz.li,muz.li,https://muz.li/blog/weekly-designers-update-472/,Weekly Designers Update #472 | Muzli Blog,"메타: Web design inspiration, weekly recap / 관찰 소제목: Weekly Designers Update #472 | Web design inspiration | Thirtysixstudio | APOSSIBLE",excluded,2,2,2,2,2,4,2,배제,중간,공연 템플릿의 선택·비교보다 장식 모션 또는 다른 제품 목적이 앞서 이번 캐러셀의 직접 근거로 채택하지 않음.,,sources-b
281,muz.li,muz.li,https://muz.li/blog/weekly-designers-update-473/,Weekly Designers Update #473 | Muzli Blog,"메타: Web design inspiration, weekly recap / 관찰 소제목: Weekly Designers Update #473 | Web design inspiration | Sam Grinberg | Orken",excluded,2,2,2,2,2,4,2,배제,중간,공연 템플릿의 선택·비교보다 장식 모션 또는 다른 제품 목적이 앞서 이번 캐러셀의 직접 근거로 채택하지 않음.,,sources-b
282,muz.li,muz.li,https://muz.li/blog/weekly-designers-update-474/,Weekly Designers Update #474 | Muzli Blog,"메타: Web design inspiration, weekly recap / 관찰 소제목: Weekly Designers Update #474 | Web design inspiration | Treize grammes — Agence de Branding | Ben Powell Independent Designer + Filmmaker",excluded,2,2,2,2,2,4,2,배제,중간,공연 템플릿의 선택·비교보다 장식 모션 또는 다른 제품 목적이 앞서 이번 캐러셀의 직접 근거로 채택하지 않음.,,sources-b
283,muz.li,muz.li,https://muz.li/blog/weekly-designers-update-476/,Weekly Designers Update #476 | Muzli Blog,"메타: Web design inspiration, weekly recap / 관찰 소제목: Weekly Designers Update #476 | Web design inspiration | Poster Generator | Deeo Studio — A creative digital design studio",excluded,2,2,2,2,2,4,2,배제,중간,공연 템플릿의 선택·비교보다 장식 모션 또는 다른 제품 목적이 앞서 이번 캐러셀의 직접 근거로 채택하지 않음.,,sources-b
284,muz.li,muz.li,https://muz.li/blog/weekly-designers-update-477/,Weekly Designers Update #477 | Muzli Blog,"메타: Web design inspiration, weekly recap / 관찰 소제목: Weekly Designers Update #477 | Web design inspiration | BETC Fullsix | Otherlife Creative Agency | Unconventional Solutions",excluded,2,2,2,2,2,4,2,배제,중간,공연 템플릿의 선택·비교보다 장식 모션 또는 다른 제품 목적이 앞서 이번 캐러셀의 직접 근거로 채택하지 않음.,,sources-b
285,muz.li,muz.li,https://muz.li/blog/weekly-designers-update-478/,Weekly Designers Update #478 | Muzli Blog,"메타: Web design inspiration, weekly recap / 관찰 소제목: Weekly Designers Update #478 | Inside Kristallnacht | Noomo Beat — Personalized AI Audiovisual Experience. | ChainGPT Labs",excluded,2,2,2,2,2,4,2,배제,중간,공연 템플릿의 선택·비교보다 장식 모션 또는 다른 제품 목적이 앞서 이번 캐러셀의 직접 근거로 채택하지 않음.,,sources-b
286,muz.li,muz.li,https://muz.li/blog/weekly-designers-update-479/,Weekly Designers Update #479 | Muzli Blog,"메타: Web design inspiration, weekly recap / 관찰 소제목: Weekly Designers Update #479 | Web design inspiration | AW — Creative Developer Freelance — France | Thibaud Fellay — Swiss director of photography",excluded,2,2,2,2,2,4,2,배제,중간,공연 템플릿의 선택·비교보다 장식 모션 또는 다른 제품 목적이 앞서 이번 캐러셀의 직접 근거로 채택하지 않음.,,sources-b
287,muz.li,muz.li,https://muz.li/blog/weekly-designers-update-480/,Weekly Designers Update #480 | Muzli Blog,"메타: Web design inspiration, weekly recap / 관찰 소제목: Weekly Designers Update #480 | Web design inspiration | Teletech — Born In Manchester. Made Global By You. | Rhythm Influence | Influencer Marketing Studio",excluded,2,2,2,2,2,4,2,배제,중간,공연 템플릿의 선택·비교보다 장식 모션 또는 다른 제품 목적이 앞서 이번 캐러셀의 직접 근거로 채택하지 않음.,,sources-b
288,muz.li,muz.li,https://muz.li/blog/weekly-designers-update-481/,Weekly Designers Update #481 | Muzli Blog,"메타: Web design inspiration, weekly recap / 관찰 소제목: Weekly Designers Update #481 | Web design inspiration | eBay Playbook — One system for everyone to love. | Ten years of Source.paris",excluded,2,2,2,2,2,4,2,배제,중간,공연 템플릿의 선택·비교보다 장식 모션 또는 다른 제품 목적이 앞서 이번 캐러셀의 직접 근거로 채택하지 않음.,,sources-b
289,muz.li,muz.li,https://muz.li/blog/weekly-designers-update-482/,Weekly Designers Update #482 | Muzli Blog,"메타: Web design inspiration, weekly recap / 관찰 소제목: Weekly Designers Update #482 | Muzli Picks | Ricky — Not just another boring AI companion | Chapter: Bride | Milla Nova",excluded,2,2,2,2,2,4,2,배제,중간,공연 템플릿의 선택·비교보다 장식 모션 또는 다른 제품 목적이 앞서 이번 캐러셀의 직접 근거로 채택하지 않음.,,sources-b
290,muz.li,muz.li,https://muz.li/blog/weekly-designers-update-483/,Weekly Designers Update #483 | Muzli Blog,"메타: Web design inspiration, weekly recap / 관찰 소제목: Weekly Designers Update #483 | From Muzli Picks | Pantone Color of the Year 2025 exclusively on Wix Studio | Chain — Labs | Blockchain Web3 Design Studio",excluded,2,2,2,2,2,4,2,배제,중간,공연 템플릿의 선택·비교보다 장식 모션 또는 다른 제품 목적이 앞서 이번 캐러셀의 직접 근거로 채택하지 않음.,,sources-b
291,muz.li,muz.li,https://muz.li/blog/weekly-designers-update-485/,Weekly Designers Update #485 | Muzli Blog,"메타: Web design inspiration, weekly recap / 관찰 소제목: Weekly Designers Update #485 | From Muzli Picks | Mobile Apps Design and Development for Startups | Polecat Agency | Sundae Creative | A new generation communications agency",excluded,2,2,2,2,2,4,2,배제,중간,공연 템플릿의 선택·비교보다 장식 모션 또는 다른 제품 목적이 앞서 이번 캐러셀의 직접 근거로 채택하지 않음.,,sources-b
292,muz.li,muz.li,https://muz.li/blog/weekly-designers-update-486/,Weekly Designers Update #486 | Muzli Blog,"메타: Web design inspiration, weekly recap / 관찰 소제목: Weekly Designers Update #486 | From Muzli Picks | Lumos | We are Büro",excluded,2,2,2,2,2,4,2,배제,중간,공연 템플릿의 선택·비교보다 장식 모션 또는 다른 제품 목적이 앞서 이번 캐러셀의 직접 근거로 채택하지 않음.,,sources-b
293,muz.li,muz.li,https://muz.li/blog/weekly-designers-update-487/,Weekly Designers Update #487 | Muzli Blog,"메타: Web design inspiration, weekly recap / 관찰 소제목: Weekly Designers Update #487 | From Muzli Picks | NIKI Studio | Analogue aF-1 | Just point and shoot.",excluded,2,2,2,2,2,4,2,배제,중간,공연 템플릿의 선택·비교보다 장식 모션 또는 다른 제품 목적이 앞서 이번 캐러셀의 직접 근거로 채택하지 않음.,,sources-b
294,muz.li,muz.li,https://muz.li/blog/weekly-designers-update-488/,Weekly Designers Update #488 | Muzli Blog,"메타: Web design inspiration, weekly recap / 관찰 소제목: Weekly Designers Update #488 | From Muzli Picks | Gianluca Gradogna — Multidisciplinary Designer | HiKeys — 1977",excluded,2,2,2,2,2,4,2,배제,중간,공연 템플릿의 선택·비교보다 장식 모션 또는 다른 제품 목적이 앞서 이번 캐러셀의 직접 근거로 채택하지 않음.,,sources-b
295,muz.li,muz.li,https://muz.li/blog/weekly-designers-update-489/,Weekly Designers Update #489 | Muzli Blog,"메타: Web design inspiration, weekly recap / 관찰 소제목: Weekly Designers Update #489 | From Muzli Picks | Lacoste — Members Experience | Fondation Ahadi | Unies par le handicap, puissantes par notre leadership !",excluded,2,2,2,2,2,4,2,배제,중간,공연 템플릿의 선택·비교보다 장식 모션 또는 다른 제품 목적이 앞서 이번 캐러셀의 직접 근거로 채택하지 않음.,,sources-b
296,muz.li,muz.li,https://muz.li/blog/weekly-designers-update-490/,Weekly Designers Update #490 | Muzli Blog,"메타: Web design inspiration, weekly recap / 관찰 소제목: Weekly Designers Update #490 | From Muzli Picks | Emmpo | Fiddle.Digital Design Agency",excluded,2,2,2,2,2,4,2,배제,중간,공연 템플릿의 선택·비교보다 장식 모션 또는 다른 제품 목적이 앞서 이번 캐러셀의 직접 근거로 채택하지 않음.,,sources-b
297,muz.li,muz.li,https://muz.li/blog/weekly-designers-update-491/,Weekly Designers Update #491 | Muzli Blog,"메타: Web design inspiration, weekly recap / 관찰 소제목: Weekly Designers Update #491 | From Muzli Picks | WHO IS GUILTY: Designers vs. developers | FRANKY’S | Get a hat",excluded,2,2,2,2,2,4,2,배제,중간,공연 템플릿의 선택·비교보다 장식 모션 또는 다른 제품 목적이 앞서 이번 캐러셀의 직접 근거로 채택하지 않음.,,sources-b
298,muz.li,muz.li,https://muz.li/blog/weekly-designers-update-492/,Weekly Designers Update #492 | Muzli Blog,"메타: Web design inspiration, weekly recap / 관찰 소제목: Weekly Designers Update #492 | From Muzli Picks | Yellow Fellow | OddCommon",excluded,2,2,2,2,2,4,2,배제,중간,공연 템플릿의 선택·비교보다 장식 모션 또는 다른 제품 목적이 앞서 이번 캐러셀의 직접 근거로 채택하지 않음.,,sources-b
299,muz.li,muz.li,https://muz.li/blog/weekly-designers-update-493/,Weekly Designers Update #493 | Muzli Blog,"메타: Web design inspiration, weekly recap / 관찰 소제목: Weekly Designers Update #493 | From Muzli Picks | Astral Frontier | A Journey Across Distant Worlds | Midlife Engineering — Sound therapy for a harmonious mind",excluded,2,2,2,2,2,4,2,배제,중간,공연 템플릿의 선택·비교보다 장식 모션 또는 다른 제품 목적이 앞서 이번 캐러셀의 직접 근거로 채택하지 않음.,,sources-b
300,muz.li,muz.li,https://muz.li/blog/weekly-designers-update-494/,Weekly Designers Update #494 | Muzli Blog,"메타: Web design inspiration, weekly recap / 관찰 소제목: Weekly Designers Update #494 | From Muzli Picks | Turn your logo into liquid metal | Paper | 1X Technologies | Safe, Intelligent Humanoids",excluded,2,2,2,2,2,4,2,배제,중간,공연 템플릿의 선택·비교보다 장식 모션 또는 다른 제품 목적이 앞서 이번 캐러셀의 직접 근거로 채택하지 않음.,,sources-b
301,muz.li,muz.li,https://muz.li/blog/weekly-designers-update-495/,Weekly Designers Update #495 | Muzli Blog,"메타: Web design inspiration, weekly recap / 관찰 소제목: Weekly Designers Update #495 | From Muzli Picks | SoScale | Because content is what matters | Sui Overflow 2025 Hackathon",excluded,2,2,2,2,2,4,2,배제,중간,공연 템플릿의 선택·비교보다 장식 모션 또는 다른 제품 목적이 앞서 이번 캐러셀의 직접 근거로 채택하지 않음.,,sources-b
302,muz.li,muz.li,https://muz.li/blog/weekly-designers-update-498/,Weekly Designers Update #498 | Muzli Blog,"메타: Web design inspiration, weekly recap / 관찰 소제목: Weekly Designers Update #498 | 🔥 Must-See Design Picks | Artpill Studio — A Playful Journey Through Design | 21-TSI — Redefining Sports Innovation",excluded,2,2,2,2,2,4,2,배제,중간,공연 템플릿의 선택·비교보다 장식 모션 또는 다른 제품 목적이 앞서 이번 캐러셀의 직접 근거로 채택하지 않음.,,sources-b
303,muz.li,muz.li,https://muz.li/blog/weekly-designers-update-500/,Weekly Designers Update #500 | Muzli Blog,"메타: Web design inspiration, weekly recap / 관찰 소제목: Weekly Designers Update #500 | …… | 🔥 Must-See Design Picks | UI in Real Life — When Iconic Screens Step Into Our World",excluded,2,2,2,2,2,4,2,배제,중간,공연 템플릿의 선택·비교보다 장식 모션 또는 다른 제품 목적이 앞서 이번 캐러셀의 직접 근거로 채택하지 않음.,,sources-b
304,muz.li,muz.li,https://muz.li/blog/weekly-designers-update-503/,Weekly Designers Update #503 | Muzli Blog,"메타: A curated roundup of cutting-edge design projects, tools, and trends—your weekly creative boost from Muzli. / 관찰 소제목: Weekly Designers Update #503 | 🔥 Must-See Design Picks | Topology VC | Decathlon Quechua — SS25 Lookbook",excluded,2,2,2,2,2,4,2,배제,중간,공연 템플릿의 선택·비교보다 장식 모션 또는 다른 제품 목적이 앞서 이번 캐러셀의 직접 근거로 채택하지 않음.,,sources-b
305,muz.li,muz.li,https://muz.li/blog/weekly-designers-update-504/,Weekly Designers Update #504 | Muzli Blog,"메타: Design inspiration, cutting-edge tools, and must-see projects—this week’s roundup is packed with creative fuel for every designer. / 관찰 소제목: Weekly Designers Update #504 | 🔥 Must-See Design Picks | Inkwell | Rabbits Black",excluded,2,2,2,2,2,4,2,배제,중간,공연 템플릿의 선택·비교보다 장식 모션 또는 다른 제품 목적이 앞서 이번 캐러셀의 직접 근거로 채택하지 않음.,,sources-b
306,muz.li,muz.li,https://muz.li/blog/weekly-designers-update-505/,Weekly Designers Update #505 | Muzli Blog,"메타: A weekly roundup of standout web design, bold experiments, fresh tools, and what the design world is buzzing about right now. / 관찰 소제목: Weekly Designers Update #505 | 🔥 Must-See Design Picks | The Best You — by Klook | Tracing Art by Getty",excluded,2,2,2,2,2,4,2,배제,중간,공연 템플릿의 선택·비교보다 장식 모션 또는 다른 제품 목적이 앞서 이번 캐러셀의 직접 근거로 채택하지 않음.,,sources-b
307,muz.li,muz.li,https://muz.li/blog/weekly-designers-update-506/,Weekly Designers Update #506 | Muzli Blog,"메타: Fresh design inspiration, smart tools, and creative highlights from around the web. / 관찰 소제목: Weekly Designers Update #506 | 🔥 Must-See Design Picks | Gucci The Art of Silk | For the creators of tomorrow | GO-SEE",excluded,2,2,2,2,2,4,2,배제,중간,공연 템플릿의 선택·비교보다 장식 모션 또는 다른 제품 목적이 앞서 이번 캐러셀의 직접 근거로 채택하지 않음.,,sources-b
308,muz.li,muz.li,https://muz.li/blog/weekly-designers-update-507/,Weekly Designers Update #507 | Muzli Blog,"메타: Design inspiration, cutting-edge tools, and must-see projects—this week’s roundup is packed with creative fuel for every designer. / 관찰 소제목: Weekly Designers Update #507 | 🔥 Must-See Design Picks | LEOLEO Studio — Brand design, identity & custom websites | Sunny Bonnell | Author, Visionary Leadership Expert, Speaker",excluded,2,2,2,2,2,4,2,배제,중간,공연 템플릿의 선택·비교보다 장식 모션 또는 다른 제품 목적이 앞서 이번 캐러셀의 직접 근거로 채택하지 않음.,,sources-b
309,muz.li,muz.li,https://muz.li/blog/weekly-designers-update-509/,Weekly Designers Update #509 | Muzli Blog,"메타: Your weekly dose of design inspiration, featuring the hottest projects, must-have tools, and game-changing products. / 관찰 소제목: Weekly Designers Update #509 | 🔥 Must-See Design Picks | Telescope | SAMI — Influence Marketing & Personal Brands",excluded,1,2,1,1,1,5,1,배제,중간,공연 템플릿의 선택·비교보다 장식 모션 또는 다른 제품 목적이 앞서 이번 캐러셀의 직접 근거로 채택하지 않음.,,sources-b
310,muz.li,muz.li,https://muz.li/blog/weekly-designers-update-512/,Weekly Designers Update #512 | Muzli Blog,"메타: Design inspiration, cutting-edge tools, and must-see projects—this week’s roundup is packed with creative fuel for every designer. / 관찰 소제목: Weekly Designers Update #512 | Your weekly dose of design inspiration, featuring the hottest projects, must-have tools, and game-changing products. | 🔥 Must-See Design Picks | 🚀🚀 Introducing Muzli Me",excluded,1,2,1,1,1,5,1,배제,중간,공연 템플릿의 선택·비교보다 장식 모션 또는 다른 제품 목적이 앞서 이번 캐러셀의 직접 근거로 채택하지 않음.,,sources-b
311,muz.li,muz.li,https://muz.li/blog/weekly-designers-update-515/,Weekly Designers Update #515 | Muzli Blog,"메타: Web design inspiration, weekly recap / 관찰 소제목: Weekly Designers Update #515 | Your weekly dose of design inspiration, featuring the hottest projects, must-have tools, and game-changing products. | 🏆 Muzli Community Uploads | Flowee — Coffee Beans, Brewing Tools & Com",excluded,1,2,1,1,1,5,1,배제,중간,공연 템플릿의 선택·비교보다 장식 모션 또는 다른 제품 목적이 앞서 이번 캐러셀의 직접 근거로 채택하지 않음.,,sources-b
312,muz.li,muz.li,https://muz.li/blog/weekly-designers-update-516/,Weekly Designers Update #516 | Muzli Blog,"메타: Web design inspiration, weekly recap / 관찰 소제목: Weekly Designers Update #516 | Your weekly dose of design inspiration, featuring the hottest projects, must-have tools, and game-changing products. | 🏆 Muzli Community Uploads | Viva La Labia",excluded,1,2,1,1,1,5,1,배제,중간,공연 템플릿의 선택·비교보다 장식 모션 또는 다른 제품 목적이 앞서 이번 캐러셀의 직접 근거로 채택하지 않음.,,sources-b
313,muz.li,muz.li,https://muz.li/blog/weekly-designers-update-518/,Weekly Designers Update #518 | Muzli Blog,"메타: A curated roundup of cutting-edge design projects, tools, and trends—your weekly creative boost from Muzli. / 관찰 소제목: Weekly Designers Update #518 | Your weekly dose of design inspiration, featuring the hottest projects, must-have tools, and game-changing products. | 🏆 Muzli Community Uploads | Maggie App",excluded,1,2,1,1,1,5,1,배제,중간,공연 템플릿의 선택·비교보다 장식 모션 또는 다른 제품 목적이 앞서 이번 캐러셀의 직접 근거로 채택하지 않음.,,sources-b
314,muz.li,muz.li,https://muz.li/blog/weekly-designers-update-521/,Weekly Designers Update #521 | Muzli Blog,"메타: Web design inspiration, weekly recap / 관찰 소제목: Weekly Designers Update #521 | 🏆 Muzli Community Uploads | ATMOS® Lamp by AYOCIN | WaxyWeb — Design & Development Agency",excluded,2,2,2,2,2,4,2,배제,중간,공연 템플릿의 선택·비교보다 장식 모션 또는 다른 제품 목적이 앞서 이번 캐러셀의 직접 근거로 채택하지 않음.,,sources-b
315,muz.li,muz.li,https://muz.li/blog/weekly-designers-update-522/,Weekly Designers Update #522 | Muzli Blog,"메타: Web design inspiration, weekly recap / 관찰 소제목: Weekly Designers Update #522 | 🏆 Muzli Community Uploads | Le Journal Society | OXELIS — Fashion Website Design & Landing Page",excluded,2,2,2,2,2,4,2,배제,중간,공연 템플릿의 선택·비교보다 장식 모션 또는 다른 제품 목적이 앞서 이번 캐러셀의 직접 근거로 채택하지 않음.,,sources-b
316,muz.li,muz.li,https://muz.li/blog/weekly-designers-update-523/,Weekly Designers Update #523 | Muzli Blog,"메타: A curated roundup of cutting-edge design projects, tools, and trends, your weekly creative boost from Muzli. / 관찰 소제목: Weekly Designers Update #523 | Your weekly dose of design inspiration, featuring the hottest projects, must-have tools, and game-changing products. | 🏆 Muzli Community Uploads | Blossom",excluded,1,2,1,1,1,5,1,배제,중간,공연 템플릿의 선택·비교보다 장식 모션 또는 다른 제품 목적이 앞서 이번 캐러셀의 직접 근거로 채택하지 않음.,,sources-b
317,muz.li,muz.li,https://muz.li/blog/weekly-designers-update-524/,Weekly Designers Update #524 | Muzli Blog,"메타: Design inspiration, cutting-edge tools, and must-see projects—this week’s roundup is packed with creative fuel for every designer. / 관찰 소제목: Weekly Designers Update #524 | Your weekly dose of design inspiration, featuring the hottest projects, must-have tools, and game-changing products. | 🏆 Muzli Community Uploads | DePoly; Bringing Enhanced Recycling Full-C",excluded,1,2,1,1,1,5,1,배제,중간,공연 템플릿의 선택·비교보다 장식 모션 또는 다른 제품 목적이 앞서 이번 캐러셀의 직접 근거로 채택하지 않음.,,sources-b
318,muz.li,muz.li,https://muz.li/blog/weekly-designers-update-525/,Weekly Designers Update #525 | Muzli Blog,"메타: A curated roundup of cutting-edge design projects, tools, and trends, your weekly creative boost from Muzli. / 관찰 소제목: Weekly Designers Update #525 | Your weekly dose of design inspiration, featuring the hottest projects, must-have tools, and game-changing products. | 🏆 Muzli Community Uploads | MO4 performance controller Website",excluded,1,2,1,1,1,5,1,배제,중간,공연 템플릿의 선택·비교보다 장식 모션 또는 다른 제품 목적이 앞서 이번 캐러셀의 직접 근거로 채택하지 않음.,,sources-b
319,muz.li,muz.li,https://muz.li/blog/weekly-designers-update-527/,Weekly Designers Update #527 | Muzli Blog,"메타: A curated roundup of cutting-edge design projects, tools, and trends, your weekly creative boost from Muzli. / 관찰 소제목: Weekly Designers Update #527 | Your weekly dose of design inspiration, featuring the hottest projects, must-have tools, and game-changing products. | 🏆 Muzli Community Uploads | Frmt: Alphabet [Tubes & Wires]",excluded,1,2,1,1,1,5,1,배제,중간,공연 템플릿의 선택·비교보다 장식 모션 또는 다른 제품 목적이 앞서 이번 캐러셀의 직접 근거로 채택하지 않음.,,sources-b
320,muz.li,muz.li,https://muz.li/blog/weekly-designers-update-528/,Weekly Designers Update #528 | Muzli Blog,"메타: A curated roundup of cutting-edge design projects, tools, and trends, your weekly creative boost from Muzli. / 관찰 소제목: Weekly Designers Update #528 | Your weekly dose of design inspiration, featuring the hottest projects, must-have tools, and game-changing products. | 🏆 Muzli Community Uploads | Animated Website for a Wellness Brand",excluded,1,2,1,1,1,5,1,배제,중간,공연 템플릿의 선택·비교보다 장식 모션 또는 다른 제품 목적이 앞서 이번 캐러셀의 직접 근거로 채택하지 않음.,,sources-b
321,muz.li,muz.li,https://muz.li/blog/weekly-designers-update-530/,Weekly Designers Update #530 | Muzli Blog,"메타: Your weekly dose of design inspiration, featuring the hottest projects, must-have tools, and game-changing products. / 관찰 소제목: Weekly Designers Update #530 | 🏆 Muzli Community Uploads | Tweet | Animal Futures",excluded,1,2,1,1,1,5,1,배제,중간,공연 템플릿의 선택·비교보다 장식 모션 또는 다른 제품 목적이 앞서 이번 캐러셀의 직접 근거로 채택하지 않음.,,sources-b
322,muz.li,muz.li,https://muz.li/blog/weekly-designers-update-531/,Weekly Designers Update #531 | Muzli Blog,"메타: Design inspiration, cutting-edge tools, and must-see projects—this week’s roundup is packed with creative fuel for every designer. / 관찰 소제목: Weekly Designers Update #531 | Your weekly dose of design inspiration, featuring the hottest projects, must-have tools, and game-changing products. | 🏆 Muzli Community Uploads | House Of Corto ⏤ eShop",excluded,1,2,1,1,1,5,1,배제,중간,공연 템플릿의 선택·비교보다 장식 모션 또는 다른 제품 목적이 앞서 이번 캐러셀의 직접 근거로 채택하지 않음.,,sources-b
323,muz.li,muz.li,https://muz.li/blog/weekly-designers-update-532/,Weekly Designers Update #532 | Muzli Blog,"메타: A curated roundup of cutting-edge design projects, tools, and trends, your weekly creative boost from Muzli. / 관찰 소제목: Weekly Designers Update #532 | Your weekly dose of design inspiration, featuring the hottest projects, must-have tools, and game-changing products. | 🏆 Muzli Community Uploads | Gen Z Broke the Marketing Funnel Part II:",excluded,1,2,1,1,1,5,1,배제,중간,공연 템플릿의 선택·비교보다 장식 모션 또는 다른 제품 목적이 앞서 이번 캐러셀의 직접 근거로 채택하지 않음.,,sources-b
324,muz.li,muz.li,https://muz.li/blog/weekly-designers-update-536/,Weekly Designers Update #536 | Muzli Blog,"메타: A curated roundup of cutting-edge design projects, tools, and trends, your weekly creative boost from Muzli. / 관찰 소제목: Weekly Designers Update #536 | Your weekly dose of design inspiration, featuring the hottest projects, must-have tools, and game-changing products. | 🔥 Must-See Design Picks | Bruno’s",excluded,1,2,1,1,1,5,1,배제,중간,공연 템플릿의 선택·비교보다 장식 모션 또는 다른 제품 목적이 앞서 이번 캐러셀의 직접 근거로 채택하지 않음.,,sources-b
325,muz.li,muz.li,https://muz.li/blog/weekly-designers-update-537/,Weekly Designers Update #537 | Muzli Blog,"메타: A curated roundup of cutting-edge design projects, tools, and trends, your weekly creative boost from Muzli. / 관찰 소제목: Weekly Designers Update #537 | Your weekly dose of design inspiration, featuring the hottest projects, must-have tools, and game-changing products. | 🔥 Must-See Design Picks | Ironhill | A place the maps won’t show",excluded,1,2,1,1,1,5,1,배제,중간,공연 템플릿의 선택·비교보다 장식 모션 또는 다른 제품 목적이 앞서 이번 캐러셀의 직접 근거로 채택하지 않음.,,sources-b
326,muz.li,muz.li,https://muz.li/blog/weekly-designers-update-538/,Weekly Designers Update #538 | Muzli Blog,"메타: Your weekly dose of design inspiration, featuring the hottest projects, must-have tools, and game-changing products. / 관찰 소제목: Weekly Designers Update #538 | Your weekly dose of design inspiration, featuring the hottest projects, must-have tools, and game-changing products. | 🔥 Must-See Design Picks | Nicola Romei",excluded,1,2,1,1,1,5,1,배제,중간,공연 템플릿의 선택·비교보다 장식 모션 또는 다른 제품 목적이 앞서 이번 캐러셀의 직접 근거로 채택하지 않음.,,sources-b
327,muz.li,muz.li,https://muz.li/blog/weekly-designers-update-539/,Weekly Designers Update #539 | Muzli Blog,"메타: A curated roundup of cutting-edge design projects, tools, and trends, your weekly creative boost from Muzli. / 관찰 소제목: Weekly Designers Update #539 | Your weekly dose of design inspiration, featuring the hottest projects, must-have tools, and game-changing products. | 🔥 Must-See Design Picks | ©Design by Dylan",excluded,1,2,1,1,1,5,1,배제,중간,공연 템플릿의 선택·비교보다 장식 모션 또는 다른 제품 목적이 앞서 이번 캐러셀의 직접 근거로 채택하지 않음.,,sources-b
328,muz.li,muz.li,https://muz.li/blog/weekly-designers-update-540/,Weekly Designers Update #540 | Muzli Blog,"메타: A curated roundup of cutting-edge design projects, tools, and trends, your weekly creative boost from Muzli. / 관찰 소제목: Weekly Designers Update #540 | 🔥 Must-See Design Picks | Jesko Jets® | Vibrant Wellness | Interactive Digital Health Experience",excluded,2,2,2,2,2,4,2,배제,중간,공연 템플릿의 선택·비교보다 장식 모션 또는 다른 제품 목적이 앞서 이번 캐러셀의 직접 근거로 채택하지 않음.,,sources-b
329,muz.li,muz.li,https://muz.li/blog/weekly-designers-update-542/,Weekly Designers Update #542 | Muzli Blog,"메타: A curated roundup of cutting-edge design projects, tools, and trends, your weekly creative boost from Muzli. / 관찰 소제목: Weekly Designers Update #542 | Your weekly dose of design inspiration, featuring the hottest projects, must-have tools, and game-changing products. | 🔥 Must-See Design Picks | СropTab — Highly Efficient Fertilizer",excluded,1,2,1,1,1,5,1,배제,중간,공연 템플릿의 선택·비교보다 장식 모션 또는 다른 제품 목적이 앞서 이번 캐러셀의 직접 근거로 채택하지 않음.,,sources-b
330,muz.li,muz.li,https://muz.li/blog/weekly-designers-update-544/,Weekly Designers Update #544 | Muzli Blog,"메타: Your weekly dose of design inspiration, featuring the hottest projects, must-have tools, and game-changing products. / 관찰 소제목: Weekly Designers Update #544 | Must-See Design Picks | MACHINEZERO | MoMoney",excluded,1,2,1,1,1,5,1,배제,중간,공연 템플릿의 선택·비교보다 장식 모션 또는 다른 제품 목적이 앞서 이번 캐러셀의 직접 근거로 채택하지 않음.,,sources-b
331,muz.li,muz.li,https://muz.li/blog/weekly-designers-update-545/,Weekly Designers Update #545 | Muzli Blog,"메타: Your weekly dose of design inspiration, featuring the hottest projects, must-have tools, and game-changing products. / 관찰 소제목: Weekly Designers Update #545 | 🔥 Must-See Design Picks | Where Worlds Take Shape | MindJoin | Where computation meets power",excluded,1,2,1,1,1,5,1,배제,중간,공연 템플릿의 선택·비교보다 장식 모션 또는 다른 제품 목적이 앞서 이번 캐러셀의 직접 근거로 채택하지 않음.,,sources-b
332,muz.li,muz.li,https://muz.li/blog/weekly-designers-update-546/,Weekly Designers Update #546 | Muzli Blog,"메타: Your weekly dose of design inspiration, featuring the hottest projects, must-have tools, and game-changing products. / 관찰 소제목: Weekly Designers Update #546 | 🔥 Must-See Design Picks | Threejs Conf Paris | Utopia Tokyo",excluded,1,2,1,1,1,5,1,배제,중간,공연 템플릿의 선택·비교보다 장식 모션 또는 다른 제품 목적이 앞서 이번 캐러셀의 직접 근거로 채택하지 않음.,,sources-b
333,muz.li,muz.li,https://muz.li/blog/weekly-designers-update-548/,Weekly Designers Update #548 | Muzli Blog,"메타: Your weekly dose of design inspiration, featuring the hottest projects, must-have tools, and game-changing products. / 관찰 소제목: Weekly Designers Update #548 | Your weekly dose of design inspiration, featuring the hottest projects, must-have tools, and game-changing products. | 🔥 Must-See Design Picks | Champions For Good Club",excluded,1,2,1,1,1,5,1,배제,중간,공연 템플릿의 선택·비교보다 장식 모션 또는 다른 제품 목적이 앞서 이번 캐러셀의 직접 근거로 채택하지 않음.,,sources-b
334,muz.li,muz.li,https://muz.li/blog/weekly-designers-update-549/,Weekly Designers Update #549 | Muzli Blog,"메타: Your weekly dose of design inspiration, featuring the hottest projects, must-have tools, and fresh ideas shaping the industry. / 관찰 소제목: Weekly Designers Update #549 | Your weekly dose of design inspiration, featuring the hottest projects, must-have tools, and fresh ideas shaping the industry. | 🔥 Must-See Design Picks | Oryzo AI",excluded,2,2,2,2,2,4,2,배제,중간,공연 템플릿의 선택·비교보다 장식 모션 또는 다른 제품 목적이 앞서 이번 캐러셀의 직접 근거로 채택하지 않음.,,sources-b
335,muz.li,muz.li,https://muz.li/blog/weekly-designers-update-550/,Weekly Designers Update #550 | Muzli Blog,"메타: Your weekly dose of design inspiration, featuring the hottest projects, must-have tools, and fresh ideas shaping the industry. / 관찰 소제목: Weekly Designers Update #550 | Your weekly dose of design inspiration, featuring the hottest projects, must-have tools, and game-changing products. | 🔥 Must-See Design Picks | Web Rewind",excluded,1,2,1,1,1,5,1,배제,중간,공연 템플릿의 선택·비교보다 장식 모션 또는 다른 제품 목적이 앞서 이번 캐러셀의 직접 근거로 채택하지 않음.,,sources-b
336,muz.li,muz.li,https://muz.li/blog/weekly-designers-update-551/,Weekly Designers Update #551 | Muzli Blog,"메타: Your weekly dose of design inspiration, featuring the hottest projects, must-have tools, and game-changing products. / 관찰 소제목: Weekly Designers Update #551 | Your weekly dose of design inspiration, featuring the hottest projects, must-have tools, and game-changing products. | 🔥 Must-See Design Picks | Shopify Design",excluded,1,2,1,1,1,5,1,배제,중간,공연 템플릿의 선택·비교보다 장식 모션 또는 다른 제품 목적이 앞서 이번 캐러셀의 직접 근거로 채택하지 않음.,,sources-b
337,muz.li,muz.li,https://muz.li/blog/weekly-designers-update-552/,Weekly Designers Update #552 | Muzli Blog,"메타: Your weekly dose of design inspiration, featuring the hottest projects, must-have tools, and standout creative work. / 관찰 소제목: Weekly Designers Update #552 | Your weekly dose of design inspiration, featuring the hottest projects, must-have tools, and standout creative work. | 🔥 Must-See Design Picks | Ivress",excluded,2,2,2,2,2,4,2,배제,중간,공연 템플릿의 선택·비교보다 장식 모션 또는 다른 제품 목적이 앞서 이번 캐러셀의 직접 근거로 채택하지 않음.,,sources-b
338,muz.li,muz.li,https://muz.li/blog/weekly-designers-update-553/,Weekly Designers Update #553 | Muzli Blog,"메타: Your weekly dose of design inspiration, featuring the hottest projects, must-have tools, and game-changing products. / 관찰 소제목: Weekly Designers Update #553 | Your weekly dose of design inspiration, featuring the hottest projects, must-have tools, and game-changing products. | 🔥 Must-See Design Picks | Amazonia",excluded,1,2,1,1,1,5,1,배제,중간,공연 템플릿의 선택·비교보다 장식 모션 또는 다른 제품 목적이 앞서 이번 캐러셀의 직접 근거로 채택하지 않음.,,sources-b
339,muz.li,muz.li,https://muz.li/blog/weekly-designers-update-554/,Weekly Designers Update #554 | Muzli Blog,"메타: Your weekly dose of design inspiration, featuring the hottest projects, must-have tools, and game-changing products. / 관찰 소제목: Weekly Designers Update #554 | 🔥 Must-See Design Picks | Razorpay Sprint 2026: The Age of AI-Native Payments | Looper by basement.studio",excluded,1,2,1,1,1,5,1,배제,중간,공연 템플릿의 선택·비교보다 장식 모션 또는 다른 제품 목적이 앞서 이번 캐러셀의 직접 근거로 채택하지 않음.,,sources-b
340,muz.li,muz.li,https://muz.li/blog/weekly-designers-update-555/,Weekly Designers Update #555 | Muzli Blog,"메타: Your weekly dose of design inspiration, featuring the hottest projects, must-have tools, and game-changing products. / 관찰 소제목: Weekly Designers Update #555 | 🔥 Must-See Design Picks | Major Media Agency | Upperquad",excluded,1,2,1,1,1,5,1,배제,중간,공연 템플릿의 선택·비교보다 장식 모션 또는 다른 제품 목적이 앞서 이번 캐러셀의 직접 근거로 채택하지 않음.,,sources-b
341,muz.li,muz.li,https://muz.li/blog/weekly-designers-update-556/,Weekly Designers Update #556 | Muzli Blog,"메타: Your weekly dose of design inspiration, featuring the hottest projects, must-have tools, and game-changing products. / 관찰 소제목: Weekly Designers Update #556 | Your weekly dose of design inspiration, featuring the hottest projects, must-have tools, and game-changing products. | 🔥 Must-See Design Picks | Hashgraph Ventures | AI & Blockchain Venture",excluded,1,2,1,1,1,5,1,배제,중간,공연 템플릿의 선택·비교보다 장식 모션 또는 다른 제품 목적이 앞서 이번 캐러셀의 직접 근거로 채택하지 않음.,,sources-b
342,muz.li,muz.li,https://muz.li/blog/weekly-designers-update-557/,Weekly Designers Update #557 | Muzli Blog,"메타: Your weekly dose of design inspiration, featuring the hottest projects, must-have tools, and game-changing products. / 관찰 소제목: Weekly Designers Update #557 | Your weekly dose of design inspiration, featuring the hottest projects, must-have tools, and game-changing products. | 🔥 Must-See Design Picks | BRIK",excluded,1,2,1,1,1,5,1,배제,중간,공연 템플릿의 선택·비교보다 장식 모션 또는 다른 제품 목적이 앞서 이번 캐러셀의 직접 근거로 채택하지 않음.,,sources-b
343,muz.li,muz.li,https://muz.li/blog/weekly-designers-update-558/,Weekly Designers Update #558 | Muzli Blog,"메타: Your weekly dose of design inspiration, featuring the hottest projects, must-have tools, and game-changing products. / 관찰 소제목: Weekly Designers Update #558 | 🔥 Must-See Design Picks | AI in Design Report 2026 | Cyera AI Guardian | Secure the Unknown",excluded,1,2,1,1,1,5,1,배제,중간,공연 템플릿의 선택·비교보다 장식 모션 또는 다른 제품 목적이 앞서 이번 캐러셀의 직접 근거로 채택하지 않음.,,sources-b
344,muz.li,muz.li,https://muz.li/blog/weekly-designers-update-559/,Weekly Designers Update #559 | Muzli Blog,"메타: Your weekly dose of design inspiration, featuring the hottest projects, must-have tools, and game-changing products. / 관찰 소제목: Weekly Designers Update #559 | 🔥 Must-See Design Picks | HERO STUDIOS | Rembrandt Oil Paints — Sylvan Hillebrand",excluded,1,2,1,1,1,5,1,배제,중간,공연 템플릿의 선택·비교보다 장식 모션 또는 다른 제품 목적이 앞서 이번 캐러셀의 직접 근거로 채택하지 않음.,,sources-b
345,muz.li,muz.li,https://muz.li/blog/weekly-designers-update-560/,Weekly Designers Update #560 | Muzli Blog,"메타: Your weekly dose of design inspiration, featuring the hottest projects, must-have tools, and game-changing products. / 관찰 소제목: Weekly Designers Update #560 | 🔥 Must-See Design Picks | The Lacoste Polo Atelier Experience | Voyeur Verite // Website",excluded,1,2,1,1,1,5,1,배제,중간,공연 템플릿의 선택·비교보다 장식 모션 또는 다른 제품 목적이 앞서 이번 캐러셀의 직접 근거로 채택하지 않음.,,sources-b
346,muz.li,muz.li,https://muz.li/blog/weekly-designers-update-561/,Weekly Designers Update #561 | Muzli Blog,"메타: Your weekly dose of design inspiration, featuring the hottest projects, must-have tools, and game-changing products. / 관찰 소제목: Weekly Designers Update #561 | Your weekly dose of design inspiration, featuring the hottest projects, must-have tools, and game-changing products. | 🔥 Must-See Design Picks | Obys Experiment Space",excluded,1,2,1,1,1,5,1,배제,중간,공연 템플릿의 선택·비교보다 장식 모션 또는 다른 제품 목적이 앞서 이번 캐러셀의 직접 근거로 채택하지 않음.,,sources-b
347,muz.li,muz.li,https://muz.li/blog/weekly-designers-update-563/,Weekly Designers Update #563 | Muzli Blog,"메타: Your weekly dose of design inspiration, featuring the hottest projects, must-have tools, and game-changing products. / 관찰 소제목: Weekly Designers Update #563 | 🔥 Must-See Design Picks | Serotoninn Ecommerce Website // Case Study_Vol.1.0 | Le Mans Classic",excluded,1,2,1,1,1,5,1,배제,중간,공연 템플릿의 선택·비교보다 장식 모션 또는 다른 제품 목적이 앞서 이번 캐러셀의 직접 근거로 채택하지 않음.,,sources-b
348,muz.li,muz.li,https://muz.li/blog/weekly-designers-update-564/,Weekly Designers Update #564 | Muzli Blog,"메타: Your weekly dose of design inspiration, featuring the hottest projects, must-have tools, and game-changing products. / 관찰 소제목: Weekly Designers Update #564 | Your weekly dose of design inspiration, featuring the hottest projects, must-have tools, and game-changing products. | 🔥 Must-See Design Picks | Rams System Icons",excluded,1,2,1,1,1,5,1,배제,중간,공연 템플릿의 선택·비교보다 장식 모션 또는 다른 제품 목적이 앞서 이번 캐러셀의 직접 근거로 채택하지 않음.,,sources-b
349,muz.li,muz.li,https://muz.li/blog/weekly-designers-update-565/,Weekly Designers Update #565 | Muzli Blog,"메타: Your weekly dose of design inspiration, featuring the hottest projects, must-have tools, and game-changing products. / 관찰 소제목: Weekly Designers Update #565 | Your weekly dose of design inspiration, featuring the hottest projects, must-have tools, and game-changing products. | 🔥 Must-See Design Picks | Learn how to use Framer AI Agents to design,",excluded,1,2,1,1,1,5,1,배제,중간,공연 템플릿의 선택·비교보다 장식 모션 또는 다른 제품 목적이 앞서 이번 캐러셀의 직접 근거로 채택하지 않음.,,sources-b
350,muz.li,muz.li,https://muz.li/blog/weekly-designers-update-566/,Weekly Designers Update #566 | Muzli Blog,"메타: Your weekly dose of design inspiration, featuring the hottest projects, must-have tools, and game-changing products. / 관찰 소제목: Weekly Designers Update #566 | 🔥 Must-See Design Picks | House Of Yellow | HOY | Raphael Segerman | Creative Developer",excluded,1,2,1,1,1,5,1,배제,중간,공연 템플릿의 선택·비교보다 장식 모션 또는 다른 제품 목적이 앞서 이번 캐러셀의 직접 근거로 채택하지 않음.,,sources-b
351,muz.li,muz.li,https://muz.li/blog/weekly-designers-update-567/,Weekly Designers Update #567 | Muzli Blog,"메타: Your weekly dose of design inspiration, featuring the hottest projects, must-have tools, and game-changing products / 관찰 소제목: Weekly Designers Update #567 | 🔥 Must-See Design Picks | Brik: Your vision, built to move | Illoca",excluded,1,2,1,1,1,5,1,배제,중간,공연 템플릿의 선택·비교보다 장식 모션 또는 다른 제품 목적이 앞서 이번 캐러셀의 직접 근거로 채택하지 않음.,,sources-b
352,onepagelove.com,onepagelove.com,https://onepagelove.com/101-genai,101 GenAI — One Page Website Award,"메타: Quality animated infographics throughout this this One Pager (built with Webflow) for 101 GenAI. / 관찰 소제목: 101 GenAI | Similar One Page Websites | Framer - Build better sites, faster | Mainline Next.js Next.js Template built with Tailwind CSS",center-only,5,5,5,5,5,1,5,검토 근거,중간,한 항목에만 시선을 집중시켜 가장 미니멀하고 직관적이며 긴 CMS 문구나 다양한 포스터 비율에도 안전함.,,sources-b
353,onepagelove.com,onepagelove.com,https://onepagelove.com/generative-ai-trends-2026,2026 Generative AI Trends — One Page Website Award,"메타: Annual report One Pager (built with Webflow) sharing the results for Typeform’s 2026 AI in marketing data report. / 관찰 소제목: 2026 Generative AI Trends | Similar One Page Websites | Framer - Build better sites, faster | Shopify Editions – Spring 2026",center-only,5,5,5,5,5,1,5,검토 근거,중간,한 항목에만 시선을 집중시켜 가장 미니멀하고 직관적이며 긴 CMS 문구나 다양한 포스터 비율에도 안전함.,,sources-b
354,onepagelove.com,onepagelove.com,https://onepagelove.com/anidachi,Anidachi — One Page Website Award,"메타: Colorful launching soon page taking waitlist interest for Anidachi – a digital companion device designed to clip to bags, launching in late 2026. / 관찰 소제목: Anidachi | Similar One Page Websites | Framer - Build better sites, faster | Mainline Next.js Next.js Template built with Tailwind CSS",center-only,5,5,5,5,5,1,5,검토 근거,중간,한 항목에만 시선을 집중시켜 가장 미니멀하고 직관적이며 긴 CMS 문구나 다양한 포스터 비율에도 안전함.,,sources-b
355,onepagelove.com,onepagelove.com,https://onepagelove.com/billow,Billow — One Page Website Award,"메타: Great breathing room and overall design throughout this One Pager (built with Framer) taking waitlist requests for Billow. / 관찰 소제목: Billow | Similar One Page Websites | Framer - Build better sites, faster | Housemait",center-only,5,5,5,5,5,1,5,검토 근거,중간,한 항목에만 시선을 집중시켜 가장 미니멀하고 직관적이며 긴 CMS 문구나 다양한 포스터 비율에도 안전함.,,sources-b
356,onepagelove.com,onepagelove.com,https://onepagelove.com/canopy,Canopy — One Page Website Award,"메타: One Pager for Canopy – a SEO writing tool built for Squarespace. Great to see strong demo examples and tools that all load within the same page experience. / 관찰 소제목: Canopy | Similar One Page Websites | Framer - Build better sites, faster | Housemait",center-only,5,5,5,5,5,1,5,검토 근거,중간,한 항목에만 시선을 집중시켜 가장 미니멀하고 직관적이며 긴 CMS 문구나 다양한 포스터 비율에도 안전함.,,sources-b
357,onepagelove.com,onepagelove.com,https://onepagelove.com/cibby,Cibby — One Page Website Award,"메타: Launching soon page for Cibby – an app that lets users preserve and explore their physical game collections. What a first impression with the interactive moving covers and the teas / 관찰 소제목: Cibby | Similar One Page Websites | Framer - Build better sites, faster | Housemait",center-only,4,5,4,4,4,2,4,검토 근거,중간,한 항목에만 시선을 집중시켜 가장 미니멀하고 직관적이며 긴 CMS 문구나 다양한 포스터 비율에도 안전함.,,sources-b
358,onepagelove.com,onepagelove.com,https://onepagelove.com/compile,Cursor Compile — One Page Website Award,"메타: Fun interactive hero shapes forming ‘Compile’ – Cursor’s invite-only conference happening 16 June 2026. Neat touch with the lined halftone speaker portraits, almost resembling guil / 관찰 소제목: Cursor Compile | Similar One Page Websites | Framer - Build better sites, faster | Rendez-vous Francéclat",center-only,5,5,5,5,5,1,5,검토 근거,중간,한 항목에만 시선을 집중시켜 가장 미니멀하고 직관적이며 긴 CMS 문구나 다양한 포스터 비율에도 안전함.,,sources-b
359,onepagelove.com,onepagelove.com,https://onepagelove.com/heaven-in-color,Heaven in Color — One Page Website Award,"메타: Fascinating single-serving One Pager for Heaven in Color, turning San Francisco sky colors captured every 30 minutes into one beautiful collage. / 관찰 소제목: Heaven in Color | Similar One Page Websites | Framer - Build better sites, faster | Sky Clock",center-only,5,5,5,5,5,1,5,검토 근거,중간,한 항목에만 시선을 집중시켜 가장 미니멀하고 직관적이며 긴 CMS 문구나 다양한 포스터 비율에도 안전함.,,sources-b
360,onepagelove.com,onepagelove.com,https://onepagelove.com/hire-webflow,Hire Webflow help - One Page Love,"메타: A curated list of skilled Webflow freelancers and agencies, each with work featured on One Page Love. / 관찰 소제목: Hire Webflow help",center-only,5,5,5,5,5,1,5,검토 근거,중간,한 항목에만 시선을 집중시켜 가장 미니멀하고 직관적이며 긴 CMS 문구나 다양한 포스터 비율에도 안전함.,,sources-b
361,onepagelove.com,onepagelove.com,https://onepagelove.com/kevin,Kevin — One Page Website Award,"메타: Clean One Pager for a new AI-powered mockup scene tool called Kevin. / 관찰 소제목: Kevin | Similar One Page Websites | Framer - Build better sites, faster | Housemait",center-only,5,5,5,5,5,1,5,검토 근거,중간,한 항목에만 시선을 집중시켜 가장 미니멀하고 직관적이며 긴 CMS 문구나 다양한 포스터 비율에도 안전함.,,sources-b
362,onepagelove.com,onepagelove.com,https://onepagelove.com/madie,Madie — One Page Website Award,"메타: Charming One Pager for Madie – a new madeleine and coffee shop in Madrid, Spain. Make sure you check out the overlay navigation transition, slick. / 관찰 소제목: Madie | Similar One Page Websites | Framer - Build better sites, faster | 11 Bar",center-only,5,5,5,5,5,1,5,검토 근거,중간,한 항목에만 시선을 집중시켜 가장 미니멀하고 직관적이며 긴 CMS 문구나 다양한 포스터 비율에도 안전함.,,sources-b
363,onepagelove.com,onepagelove.com,https://onepagelove.com/magma,Magma — One Page Website Award,"메타: Dark-schemed launching soon page (built with Webflow) for Magma, a service to help companies build sovereign, expert-trained AI agents and automation. / 관찰 소제목: Magma | Similar One Page Websites | Framer - Build better sites, faster | Mainline Next.js Next.js Template built with Tailwind CSS",center-only,5,5,5,5,5,1,5,검토 근거,중간,한 항목에만 시선을 집중시켜 가장 미니멀하고 직관적이며 긴 CMS 문구나 다양한 포스터 비율에도 안전함.,,sources-b
364,onepagelove.com,onepagelove.com,https://onepagelove.com/mat,Mat — One Page Website Award,"메타: One Pager (built with Framer) for Mat – an iOS app that lets users create custom home screen layouts by arranging photo cutouts on personalized digital mats. / 관찰 소제목: Mat | Similar One Page Websites | Framer - Build better sites, faster | Housemait",center-only,5,5,5,5,5,1,5,검토 근거,중간,한 항목에만 시선을 집중시켜 가장 미니멀하고 직관적이며 긴 CMS 문구나 다양한 포스터 비율에도 안전함.,,sources-b
365,onepagelove.com,onepagelove.com,https://onepagelove.com/medium-rare,Medium Rare — One Page Website Award,"메타: Fun, interactive elements in this One Pager showcasing the work and experiments from the Medium Rare duo. / 관찰 소제목: Medium Rare | Similar One Page Websites | Framer - Build better sites, faster | Sky Clock",center-only,5,5,5,5,5,1,5,검토 근거,중간,한 항목에만 시선을 집중시켜 가장 미니멀하고 직관적이며 긴 CMS 문구나 다양한 포스터 비율에도 안전함.,,sources-b
366,onepagelove.com,onepagelove.com,https://onepagelove.com/wordpress-themes,One Page WordPress Themes,"메타: Browse 40 curated one page wordpress themes. Each reviewed with a live demo and full-page screenshots. / 관찰 소제목: Crafto Music WordPress Theme | Crafto Freelancer WordPress Theme | Framer - Build better sites, faster | Crafto Product WordPress Theme",center-only,5,5,5,5,5,1,5,검토 근거,중간,한 항목에만 시선을 집중시켜 가장 미니멀하고 직관적이며 긴 CMS 문구나 다양한 포스터 비율에도 안전함.,,sources-b
367,onepagelove.com,onepagelove.com,https://onepagelove.com/onlook-cam,Onlook — One Page Website Award,"메타: Beautifully designed One Pager for Onlook, an app to view Ring camera feeds directly from your macOS menu bar. Always been a huge fan of in-page demos, where you can see exactly ho / 관찰 소제목: Onlook | Similar One Page Websites | Framer - Build better sites, faster | Housemait",center-only,5,5,5,5,5,1,5,검토 근거,중간,한 항목에만 시선을 집중시켜 가장 미니멀하고 직관적이며 긴 CMS 문구나 다양한 포스터 비율에도 안전함.,,sources-b
368,onepagelove.com,onepagelove.com,https://onepagelove.com/pp-neue-montreal,PP Neue Montreal — One Page Website Award,"메타: Brilliant showcase of the Neue Montreal typeface (by Pangram Pangram) throughout this long-scrolling One Pager (built with Framer). / 관찰 소제목: PP Neue Montreal | Similar One Page Websites | Framer - Build better sites, faster | Housemait",hidden-offstage,4,5,4,5,5,2,5,검토 근거,중간,활성 템플릿만 보이고 나머지는 프레임 밖에서 대기해 구조가 가장 안정적이며 모바일·CMS·reduced-motion 대응이 쉬움.,,sources-b
369,onepagelove.com,onepagelove.com,https://onepagelove.com/printable-mockups,Printable Mockups — One Page Website Award,"메타: One Pager for Printable Mockups, a web app that lets users create UI mockups and wireframes using a drag-and-drop builder, then export and print them. Cheers for this Alex! / 관찰 소제목: Printable Mockups | Similar One Page Websites | Framer - Build better sites, faster | Housemait",center-only,5,5,5,5,5,1,5,검토 근거,중간,한 항목에만 시선을 집중시켜 가장 미니멀하고 직관적이며 긴 CMS 문구나 다양한 포스터 비율에도 안전함.,,sources-b
370,onepagelove.com,onepagelove.com,https://onepagelove.com/rsquad,RSquad — One Page Website Award,"메타: Creative and unique One Pager (built with Webflow) for blockchain engineers, RSquad. The design direction and scroll concept is fascinating: “RSquad is a team of hardcore blockchai / 관찰 소제목: RSquad | Similar One Page Websites | Framer - Build better sites, faster | Mainline Next.js Next.js Template built with Tailwind CSS",hidden-offstage,5,5,5,5,5,1,5,검토 근거,중간,활성 템플릿만 보이고 나머지는 프레임 밖에서 대기해 구조가 가장 안정적이며 모바일·CMS·reduced-motion 대응이 쉬움.,,sources-b
371,onepagelove.com,onepagelove.com,https://onepagelove.com/rectangles-fm,Rectangles.fm — One Page Website Award,"메타: Beautifully crafted One Pager (built with Framer) for Rectangles.fm delivering weekly design conversations. / 관찰 소제목: Rectangles.fm | Similar One Page Websites | Framer - Build better sites, faster | Mainline Next.js Next.js Template built with Tailwind CSS",center-only,5,5,5,5,5,1,5,검토 근거,중간,한 항목에만 시선을 집중시켜 가장 미니멀하고 직관적이며 긴 CMS 문구나 다양한 포스터 비율에도 안전함.,,sources-b
372,onepagelove.com,onepagelove.com,https://onepagelove.com/rendez-vous-franceclat,Rendez-vous Francéclat — One Page Website Award,"메타: One Pager for Rendez-vous – a fine jewellery event launched by Francéclat. / 관찰 소제목: Rendez-vous Francéclat | Similar One Page Websites | Framer - Build better sites, faster | Sarah & Matt Wedding",center-only,5,5,5,5,5,1,5,검토 근거,중간,한 항목에만 시선을 집중시켜 가장 미니멀하고 직관적이며 긴 CMS 문구나 다양한 포스터 비율에도 안전함.,,sources-b
373,onepagelove.com,onepagelove.com,https://onepagelove.com/root-square,Root Square — One Page Website Award,"메타: Friendly, approachable One Pager (built with Framer) for Root Square, offering online math tutoring for kids in English and Russian. The playful identity centers around a cat masco / 관찰 소제목: Root Square | Similar One Page Websites | Framer - Build better sites, faster | Mainline Next.js Next.js Template built with Tailwind CSS",center-only,5,5,5,5,5,1,5,검토 근거,중간,한 항목에만 시선을 집중시켜 가장 미니멀하고 직관적이며 긴 CMS 문구나 다양한 포스터 비율에도 안전함.,,sources-b
374,onepagelove.com,onepagelove.com,https://onepagelove.com/secret-garden-stresa,Secret Garden Stresa — One Page Website Award,"메타: Elegant One Pager for Secret Garden Stresa, a private boutique residence near Lake Maggiore. / 관찰 소제목: Secret Garden Stresa | Similar One Page Websites | Framer - Build better sites, faster | Deiterhaus",center-only,5,5,5,5,5,1,5,검토 근거,중간,한 항목에만 시선을 집중시켜 가장 미니멀하고 직관적이며 긴 CMS 문구나 다양한 포스터 비율에도 안전함.,,sources-b
375,onepagelove.com,onepagelove.com,https://onepagelove.com/shopify-editions-spring-2026,Shopify Editions – Spring 2026 — One Page Website Award,"메타: Another spectacular landing page by Shopify for their Editions campaign, now showing Spring 2026. See their Winter edition here. / 관찰 소제목: Shopify Editions – Spring 2026 | Similar One Page Websites | Framer - Build better sites, faster | 2026 Generative AI Trends",center-only,5,5,5,5,5,1,5,검토 근거,중간,한 항목에만 시선을 집중시켜 가장 미니멀하고 직관적이며 긴 CMS 문구나 다양한 포스터 비율에도 안전함.,,sources-b
376,onepagelove.com,onepagelove.com,https://onepagelove.com/shopify-themes,Shopify Themes,메타: Browse 2 curated shopify themes. Each reviewed with a live demo and full-page screenshots. / 관찰 소제목: Hongo Shopify Theme | Citrus Shopify Theme,center-only,5,5,5,5,5,1,5,검토 근거,중간,한 항목에만 시선을 집중시켜 가장 미니멀하고 직관적이며 긴 CMS 문구나 다양한 포스터 비율에도 안전함.,,sources-b
377,onepagelove.com,onepagelove.com,https://onepagelove.com/sky-clock,Sky Clock — One Page Website Award,"메타: Single-serving One Pager for Sky Clock, that visualizes today’s sky as a 24-hour gradient based on cloud coverage. “Then we added the sun and moon positions as well. It’s a poetic / 관찰 소제목: Sky Clock | Similar One Page Websites | Framer - Build better sites, faster | 鳥獣戯間",center-only,5,5,5,5,5,1,5,검토 근거,중간,한 항목에만 시선을 집중시켜 가장 미니멀하고 직관적이며 긴 CMS 문구나 다양한 포스터 비율에도 안전함.,,sources-b
378,onepagelove.com,onepagelove.com,https://onepagelove.com/supaste,Supaste — One Page Website Award,"메타: Neat interactive demo in this One Pager (built with Framer) for Supaste, a macOS notch menubar app, that organizes your copied items in a searchable timeline. / 관찰 소제목: Supaste | Similar One Page Websites | Framer - Build better sites, faster | Housemait",center-only,5,5,5,5,5,1,5,검토 근거,중간,한 항목에만 시선을 집중시켜 가장 미니멀하고 직관적이며 긴 CMS 문구나 다양한 포스터 비율에도 안전함.,,sources-b
379,onepagelove.com,onepagelove.com,https://onepagelove.com/tenztan,Tenztan — One Page Website Award,"메타: Unique scroll experience in this dazzling One Page portfolio for Tenztan, showcasing of work by Tanmay Premee. / 관찰 소제목: Tenztan | Similar One Page Websites | Framer - Build better sites, faster | SimpleSketche",center-only,4,5,4,5,4,2,4,검토 근거,중간,한 항목에만 시선을 집중시켜 가장 미니멀하고 직관적이며 긴 CMS 문구나 다양한 포스터 비율에도 안전함.,,sources-b
380,onepagelove.com,onepagelove.com,https://onepagelove.com/thayon,Thayon — One Page Website Award,"메타: One Pager (built with Framer) for Thayon, a service that connects AI researchers and engineers with hard-to-find, specialized job opportunities. / 관찰 소제목: Thayon | Similar One Page Websites | Framer - Build better sites, faster | Mainline Next.js Next.js Template built with Tailwind CSS",center-only,5,5,5,5,5,1,5,검토 근거,중간,한 항목에만 시선을 집중시켜 가장 미니멀하고 직관적이며 긴 CMS 문구나 다양한 포스터 비율에도 안전함.,,sources-b
381,onepagelove.com,onepagelove.com,https://onepagelove.com/tori,Tori by TalkJS — One Page Website Award,"메타: Terminal-inspired One Pager for Tori, an AI support agent (by TalkJS) for dev tools. / 관찰 소제목: Tori by TalkJS | Similar One Page Websites | Framer - Build better sites, faster | Housemait",center-only,5,5,5,5,5,1,5,검토 근거,중간,한 항목에만 시선을 집중시켜 가장 미니멀하고 직관적이며 긴 CMS 문구나 다양한 포스터 비율에도 안전함.,,sources-b
382,onepagelove.com,onepagelove.com,https://onepagelove.com/triple-kingdom,Triple Kingdom — One Page Website Award,"메타: Fun and creative Landing page for Triple Kingdom, the match & merge city-builder game by Peter Hinton. The testimonial/rating animation as you scroll down is delightful! / 관찰 소제목: Triple Kingdom | Similar One Page Websites | Framer - Build better sites, faster | Housemait",hidden-offstage,3,5,4,4,4,3,4,검토 근거,중간,활성 템플릿만 보이고 나머지는 프레임 밖에서 대기해 구조가 가장 안정적이며 모바일·CMS·reduced-motion 대응이 쉬움.,,sources-b
383,onepagelove.com,onepagelove.com,https://onepagelove.com/vault-ai,Vault AI — One Page Website Award,"메타: Dark-schemed One Pager for Vault AI, a financial management platform that helps small businesses track transactions and automate manual accounting work. / 관찰 소제목: Vault AI | Similar One Page Websites | Framer - Build better sites, faster | Billow",center-only,5,5,5,5,5,1,5,검토 근거,중간,한 항목에만 시선을 집중시켜 가장 미니멀하고 직관적이며 긴 CMS 문구나 다양한 포스터 비율에도 안전함.,,sources-b
384,onepagelove.com,onepagelove.com,https://onepagelove.com/waxyweb,WaxyWeb — One Page Website Award,"메타: Vibrant One Pager filled with positive vibes for Waxy Web creative agency. / 관찰 소제목: WaxyWeb | Similar One Page Websites | Framer - Build better sites, faster | SimpleSketche",center-only,5,5,5,5,5,1,5,검토 근거,중간,한 항목에만 시선을 집중시켜 가장 미니멀하고 직관적이며 긴 CMS 문구나 다양한 포스터 비율에도 안전함.,,sources-b
385,onepagelove.com,onepagelove.com,https://onepagelove.com/weppy,Weppy — One Page Website Award,"메타: Neat One Pager for Weppy – a free macOS desktop app that resizes and optimizes images offline with lossless. / 관찰 소제목: Weppy | Similar One Page Websites | Framer - Build better sites, faster | Housemait",center-only,5,5,5,5,5,1,5,검토 근거,중간,한 항목에만 시선을 집중시켜 가장 미니멀하고 직관적이며 긴 CMS 문구나 다양한 포스터 비율에도 안전함.,,sources-b
386,onepagelove.com,onepagelove.com,https://onepagelove.com/world-cup-next,World Cup Next — One Page Website Award,"메타: Very useful single-serving One Pager providing the kick off time and stadium/tv info, for the next couple of World Cup matches. / 관찰 소제목: World Cup Next | Similar One Page Websites | Framer - Build better sites, faster | Sky Clock",center-only,5,5,5,5,5,1,5,검토 근거,중간,한 항목에만 시선을 집중시켜 가장 미니멀하고 직관적이며 긴 CMS 문구나 다양한 포스터 비율에도 안전함.,,sources-b
387,onepagelove.com,onepagelove.com,https://onepagelove.com/alike,alike.page — One Page Website Award,"메타: Launching soon page (built with Framer) for alike.page – a new link-in-bio solution for stores. / 관찰 소제목: alike.page | Similar One Page Websites | Framer - Build better sites, faster | Housemait",center-only,5,5,5,5,5,1,5,검토 근거,중간,한 항목에만 시선을 집중시켜 가장 미니멀하고 직관적이며 긴 CMS 문구나 다양한 포스터 비율에도 안전함.,,sources-b
388,onepagelove.com,onepagelove.com,https://onepagelove.com/heyclicky,heyclicky — One Page Website Award,"메타: Fun, retro and slightly unhinged landing page for heyclicky – an AI assistant for macOS that teaches users, provides guidance, and runs automated tasks. The latency of the interact / 관찰 소제목: heyclicky | Similar One Page Websites | Framer - Build better sites, faster | Housemait",excluded,2,2,2,2,2,4,2,배제,중간,공연 템플릿의 선택·비교보다 장식 모션 또는 다른 제품 목적이 앞서 이번 캐러셀의 직접 근거로 채택하지 않음.,,sources-b
389,Codrops,tympanus.net,https://tympanus.net/codrops/2026/02/13/1820-productions-minimal-design-maximal-motion/,"1820 Productions: Minimal Design, Maximal Motion","A detailed behind-the-build on turning a strict minimal brief into a high-end experience through rhythm, transitions, and micro-interactions.",center-only,5,5,5,5,5,1,5,보충 근거,중간,"부분 채택: 3상태 순환·전환 타이밍 참고, 과도한 장식 모션은 배제",Codrops 공개 API/본문 초록 관찰 기준; 전체 인터랙션을 재생했다고 주장하지 않음,sources-c-supplement
390,Codrops,tympanus.net,https://tympanus.net/codrops/2023/06/16/4-exclusive-demos-slideshows-typographic-animations/,4 Exclusive Demos: Slideshows &#038; Typographic Animations,"Four distinct demos, from image slideshows to on-scroll typography and hover effects.",hidden-offstage,4,5,5,4,5,3,4,보충 근거,중간,"부분 채택: 3상태 순환·전환 타이밍 참고, 과도한 장식 모션은 배제",Codrops 공개 API/본문 초록 관찰 기준; 전체 인터랙션을 재생했다고 주장하지 않음,sources-c-supplement
391,Codrops,tympanus.net,https://tympanus.net/codrops/2009/09/07/42-jquery-image-gallery-plugins/,42+ jQuery Image Gallery Plugins,"A list of 42 jQuery image galleries, sliders, plugins and tutorials built using jQuery",partial-visible,5,4,4,3,4,2,5,보충 근거,중간,"부분 채택: 3상태 순환·전환 타이밍 참고, 과도한 장식 모션은 배제",Codrops 공개 API/본문 초록 관찰 기준; 전체 인터랙션을 재생했다고 주장하지 않음,sources-c-supplement
392,Codrops,tympanus.net,https://tympanus.net/codrops/2026/01/13/best-wordpress-themes-for-designers-2026/,"8 Best WordPress Themes for Designers (2026): Fast Builds, Clean UI","Compare the 8 best WordPress themes for designers in 2026—fast builds, clean UI, dependable updates, and WooCommerce depth for reliable, high-performance sites.",layered-stack,3,3,2,2,3,5,3,보충 근거,낮음,보조 참고: 구조·간격만 검토하고 시각 스타일은 직접 전용하지 않음,Codrops 공개 API/본문 초록 관찰 기준; 전체 인터랙션을 재생했다고 주장하지 않음,sources-c-supplement
393,Codrops,tympanus.net,https://tympanus.net/codrops/2026/05/19/80s-business-tech-seamless-scene-transitions-inside-shader-ses-scroll-driven-webgpu-pipeline/,80s Business Tech and Seamless Scene Transitions: Inside Shader.se’s Scroll-Driven WebGPU Pipeline,"How we built the scroll-driven WebGPU pipeline behind Shader.se, from selective scene rendering to seamless scene transitions using React Three Fiber.",hidden-offstage,4,5,5,4,5,3,4,보충 근거,중간,"부분 채택: 3상태 순환·전환 타이밍 참고, 과도한 장식 모션은 배제",Codrops 공개 API/본문 초록 관찰 기준; 전체 인터랙션을 재생했다고 주장하지 않음,sources-c-supplement
394,Codrops,tympanus.net,https://tympanus.net/codrops/2013/03/21/a-great-ui-is-invisible/,A Great UI is Invisible,A user interface that is invisible and that provides seamless interaction possibilities will help the user focus on their goals and direct them to what they need.,center-only,5,5,5,5,5,1,5,보충 근거,낮음,보조 참고: 구조·간격만 검토하고 시각 스타일은 직접 전용하지 않음,Codrops 공개 API/본문 초록 관찰 기준; 전체 인터랙션을 재생했다고 주장하지 않음,sources-c-supplement
395,Codrops,tympanus.net,https://tympanus.net/codrops/2024/01/17/a-practical-introduction-to-scroll-driven-animations-with-css-scroll-and-view/,A Practical Introduction to Scroll-Driven Animations with CSS scroll() and view(),"With just CSS you can add scroll animations that toggle shadows on navbars, reveal images, add scrollytelling, link up carousel elements and much more.",partial-visible,5,4,4,3,4,2,5,보충 근거,낮음,"채택: 단일 소실점, 후면-콘텐츠-전면 마스크 순서 검증에 사용",Codrops 공개 API/본문 초록 관찰 기준; 전체 인터랙션을 재생했다고 주장하지 않음,sources-c-supplement
396,Codrops,tympanus.net,https://tympanus.net/codrops/2026/04/09/a-single-dm-a-first-sotd-and-the-start-of-chanh-m-hos-creative-journey/,"A Single DM, a First SOTD, and the Start of Chanh M. Ho’s Creative Journey",How one direct message opened the door to my first SOTD and shaped my journey as a creative developer.,center-only,5,5,5,5,5,1,5,보충 근거,낮음,보조 참고: 구조·간격만 검토하고 시각 스타일은 직접 전용하지 않음,Codrops 공개 API/본문 초록 관찰 기준; 전체 인터랙션을 재생했다고 주장하지 않음,sources-c-supplement
397,Codrops,tympanus.net,https://tympanus.net/codrops/2024/10/15/a-visual-deconstruction-of-the-paffi-totem-slider/,A Visual Deconstruction of the Paffi Totem Slider,"An in-depth look at the design of the Paffi Totem Slider, exploring how soft gradients, subtle lighting, and playful motion work together to create a unique and dynamic look.",partial-visible,5,4,4,3,4,2,5,보충 근거,중간,"부분 채택: 3상태 순환·전환 타이밍 참고, 과도한 장식 모션은 배제",Codrops 공개 API/본문 초록 관찰 기준; 전체 인터랙션을 재생했다고 주장하지 않음,sources-c-supplement
398,Codrops,tympanus.net,https://tympanus.net/codrops/2025/09/30/abstract-feelings-concrete-forms-daiki-fujita-portfolio-2025/,"Abstract Feelings, Concrete Forms: Daiki Fujita Portfolio 2025","In this case study, Tokyo-based designer Daiki Fujita shares the background and process of creating his digital portfolio.",center-only,5,5,5,5,5,1,5,보충 근거,중간,보조 참고: 구조·간격만 검토하고 시각 스타일은 직접 전용하지 않음,Codrops 공개 API/본문 초록 관찰 기준; 전체 인터랙션을 재생했다고 주장하지 않음,sources-c-supplement
399,Codrops,tympanus.net,https://tympanus.net/codrops/2026/05/04/akaru-crafting-precision-driven-digital-experiences/,Akaru: Crafting Precision-Driven Digital Experiences,"In a digital world increasingly shaped by templates and automated systems, we still believe in the power of crafted experiences.",excluded,1,1,1,1,1,3,1,배제,낮음,보조 참고: 구조·간격만 검토하고 시각 스타일은 직접 전용하지 않음,Codrops 공개 API/본문 초록 관찰 기준; 전체 인터랙션을 재생했다고 주장하지 않음,sources-c-supplement
400,Codrops,tympanus.net,https://tympanus.net/codrops/2026/06/17/always-building-always-learning-cyd-stumpels-journey-through-the-modern-web/,"Always Building, Always Learning: Cyd Stumpel’s Journey Through the Modern Web","From award-winning client work to teaching the next generation of developers, Cyd Stumpel shares how curiosity, thoughtful motion, and modern CSS continue to shape her evolving creative practice.",excluded,1,1,1,1,1,3,1,배제,낮음,"부분 채택: 3상태 순환·전환 타이밍 참고, 과도한 장식 모션은 배제",Codrops 공개 API/본문 초록 관찰 기준; 전체 인터랙션을 재생했다고 주장하지 않음,sources-c-supplement
401,Codrops,tympanus.net,https://tympanus.net/codrops/2016/05/03/animated-heat-distortion-effects-webgl/,Animated Heat Distortion Effects with WebGL,A tutorial on how to use fragment shaders in WebGL to create an animated heat haze distortion effect on images and text.,layered-stack,3,3,2,2,3,5,3,보충 근거,중간,"채택: 단일 소실점, 후면-콘텐츠-전면 마스크 순서 검증에 사용",Codrops 공개 API/본문 초록 관찰 기준; 전체 인터랙션을 재생했다고 주장하지 않음,sources-c-supplement
402,Codrops,tympanus.net,https://tympanus.net/codrops/2026/04/01/animating-160000-cubes-in-three-js-to-visualize-dithering/,"Animating 160,000 Cubes in Three.js to Visualize Dithering","A step-by-step breakdown of how I built a Three.js visual explainer on dithering by animating 160,000 cubes with custom shaders.",excluded,1,1,1,1,1,3,1,배제,낮음,"채택: 단일 소실점, 후면-콘텐츠-전면 마스크 순서 검증에 사용",Codrops 공개 API/본문 초록 관찰 기준; 전체 인터랙션을 재생했다고 주장하지 않음,sources-c-supplement
403,Codrops,tympanus.net,https://tympanus.net/codrops/2026/01/20/animating-responsive-grid-layout-transitions-with-gsap-flip/,Animating Responsive Grid Layout Transitions with GSAP Flip,"We’ll explore how to use GSAP’s Flip plugin to animate dynamic grid layout changes, showing how grid items can resize and rearrange fluidly.",hidden-offstage,4,5,5,4,5,3,4,보충 근거,낮음,"부분 채택: 3상태 순환·전환 타이밍 참고, 과도한 장식 모션은 배제",Codrops 공개 API/본문 초록 관찰 기준; 전체 인터랙션을 재생했다고 주장하지 않음,sources-c-supplement
404,Codrops,tympanus.net,https://tympanus.net/codrops/2016/09/21/background-segment-effect-with-css-clip/,Background Segment Effect,"A background image segment effect as seen on Filippo Bello’s Portfolio, employing the CSS clip-path property and powered by anime.js.",hidden-offstage,4,5,5,4,5,3,4,보충 근거,낮음,"채택: 단일 소실점, 후면-콘텐츠-전면 마스크 순서 검증에 사용",Codrops 공개 API/본문 초록 관찰 기준; 전체 인터랙션을 재생했다고 주장하지 않음,sources-c-supplement
405,Codrops,tympanus.net,https://tympanus.net/codrops/2026/06/01/beaucoup-and-the-pursuit-of-memorable-experiences/,Beaucoup and the Pursuit of Memorable Experiences,"Through branding, immersive web experiences, and 3D design, Beaucoup explores new ways to make brands feel memorable.",layered-stack,3,3,2,2,3,5,3,보충 근거,낮음,"채택: 단일 소실점, 후면-콘텐츠-전면 마스크 순서 검증에 사용",Codrops 공개 API/본문 초록 관찰 기준; 전체 인터랙션을 재생했다고 주장하지 않음,sources-c-supplement
406,Codrops,tympanus.net,https://tympanus.net/codrops/2026/04/29/between-human-and-machine-sofia-papadopoulous-approach-to-augmented-creativity/,Between Human and Machine: Sofia Papadopoulou’s Approach to Augmented Creativity,"From painting to immersive design, Sofia Papadopoulou’s path reflects a constant evolution across mediums.",excluded,1,1,1,1,1,3,1,배제,낮음,보조 참고: 구조·간격만 검토하고 시각 스타일은 직접 전용하지 않음,Codrops 공개 API/본문 초록 관찰 기준; 전체 인터랙션을 재생했다고 주장하지 않음,sources-c-supplement
407,Codrops,tympanus.net,https://tympanus.net/codrops/2025/09/05/between-strategy-and-story-thierry-chopains-creative-path/,Between Strategy and Story: Thierry Chopain’s Creative Path,"Thierry Chopain, co-founder of type8 studio, is a designer focused on typography, strategy, and digital imagery, creating clear and enduring visual work.",center-only,5,5,5,5,5,1,5,보충 근거,중간,보조 참고: 구조·간격만 검토하고 시각 스타일은 직접 전용하지 않음,Codrops 공개 API/본문 초록 관찰 기준; 전체 인터랙션을 재생했다고 주장하지 않음,sources-c-supplement
408,Codrops,tympanus.net,https://tympanus.net/codrops/2026/04/23/building-4wide-turning-distortion-blur-and-motion-into-a-coherent-experience/,"Building 4WIDE: Turning Distortion, Blur, and Motion into a Coherent Experience","A look at designing and building the 4WIDE website, exploring how distortion, blur, and motion were used to create an expressive experience while balancing clarity and performance.",excluded,1,1,1,1,1,3,1,배제,낮음,"부분 채택: 3상태 순환·전환 타이밍 참고, 과도한 장식 모션은 배제",Codrops 공개 API/본문 초록 관찰 기준; 전체 인터랙션을 재생했다고 주장하지 않음,sources-c-supplement
409,Codrops,tympanus.net,https://tympanus.net/codrops/2026/06/30/building-persistent-page-transitions-with-webgpu-and-vanilla-javascript/,Building Persistent Page Transitions with WebGPU and Vanilla JavaScript,"A step-by-step tutorial showing how to build seamless GPU-powered page transitions by combining a persistent WebGPU scene, DOM tracking, and a lightweight vanilla JavaScript router.",hidden-offstage,4,5,5,4,5,3,4,보충 근거,중간,"부분 채택: 3상태 순환·전환 타이밍 참고, 과도한 장식 모션은 배제",Codrops 공개 API/본문 초록 관찰 기준; 전체 인터랙션을 재생했다고 주장하지 않음,sources-c-supplement
410,Codrops,tympanus.net,https://tympanus.net/codrops/2025/08/12/building-a-blended-material-shader-in-webgl-with-solid-js/,Building a Blended Material Shader in WebGL with Solid.js,"A step-by-step breakdown of a wireframe and solid blend effect using Three.js render targets, along with a quick look at managing the WebGL lifecycle in Solid.js.",layered-stack,3,3,2,2,3,5,3,보충 근거,중간,"채택: 단일 소실점, 후면-콘텐츠-전면 마스크 순서 검증에 사용",Codrops 공개 API/본문 초록 관찰 기준; 전체 인터랙션을 재생했다고 주장하지 않음,sources-c-supplement
411,Codrops,tympanus.net,https://tympanus.net/codrops/2025/12/23/building-a-nostalgic-8-bit-universe-with-modern-tech-a-vibe-coding-journey/,Building a Nostalgic 8-bit Universe with Modern Tech: A Vibe Coding Journey,A nostalgic 8-bit portfolio experiment built with modern AI workflows and performance-first web tech.,center-only,5,5,5,5,5,1,5,보충 근거,낮음,보조 참고: 구조·간격만 검토하고 시각 스타일은 직접 전용하지 않음,Codrops 공개 API/본문 초록 관찰 기준; 전체 인터랙션을 재생했다고 주장하지 않음,sources-c-supplement
412,Codrops,tympanus.net,https://tympanus.net/codrops/2026/06/09/building-an-interactive-digital-stamp-collection-with-shaders-postcards-and-playful-inspection/,"Building an Interactive Digital Stamp Collection with Shaders, Postcards, and Playful Inspection","How we turned a small archive of stamp illustrations into a tactile web experience with draggable stamps, a shader-based loupe, and a postcard feedback dialog.",layered-stack,3,3,2,2,3,5,3,보충 근거,중간,보조 참고: 구조·간격만 검토하고 시각 스타일은 직접 전용하지 않음,Codrops 공개 API/본문 초록 관찰 기준; 전체 인터랙션을 재생했다고 주장하지 않음,sources-c-supplement
413,Codrops,tympanus.net,https://tympanus.net/codrops/2025/02/03/building-an-on-scroll-3d-circle-text-animation-with-three-js-and-shaders/,Building an On-Scroll 3D Circle Text Animation with Three.js and Shaders,"Learn how to create a circular text animation in 3D space using Three.js, shaders, and msdf-text-utils.",layered-stack,3,3,2,2,3,5,3,보충 근거,중간,"채택: 단일 소실점, 후면-콘텐츠-전면 마스크 순서 검증에 사용",Codrops 공개 API/본문 초록 관찰 기준; 전체 인터랙션을 재생했다고 주장하지 않음,sources-c-supplement
414,Codrops,tympanus.net,https://tympanus.net/codrops/2026/04/06/building-the-maxima-therapy-website-react-gsap-and-dabbling-with-ai/,"Building the Maxima Therapy Website: React, GSAP, and Dabbling with AI","A behind-the-scenes look at how we built Maxima Therapy with playful interactions, creative code, and a little AI help along the way.",excluded,1,1,1,1,1,3,1,배제,낮음,보조 참고: 구조·간격만 검토하고 시각 스타일은 직접 전용하지 않음,Codrops 공개 API/본문 초록 관찰 기준; 전체 인터랙션을 재생했다고 주장하지 않음,sources-c-supplement
415,Codrops,tympanus.net,https://tympanus.net/codrops/2025/07/29/built-to-move-a-closer-look-at-the-animations-behind-eduard-bodaks-portfolio/,Built to Move: A Closer Look at the Animations Behind Eduard Bodak’s Portfolio,A hands-on walkthrough from Eduard Bodak on crafting scroll-driven and interactive animations for his portfolio.,center-only,5,5,5,5,5,1,5,보충 근거,중간,"부분 채택: 3상태 순환·전환 타이밍 참고, 과도한 장식 모션은 배제",Codrops 공개 API/본문 초록 관찰 기준; 전체 인터랙션을 재생했다고 주장하지 않음,sources-c-supplement
416,Codrops,tympanus.net,https://tympanus.net/codrops/2024/08/29/case-study-armur-alexandra-murgu-portfolio/,Case Study: Armur—Alexandra Murgu Portfolio,"Behind the scenes of one of Artemii Lebedev’s projects: Armur, a portfolio website for the film industry, created for Alexandra Murgu.",center-only,5,5,5,5,5,1,5,보충 근거,중간,보조 참고: 구조·간격만 검토하고 시각 스타일은 직접 전용하지 않음,Codrops 공개 API/본문 초록 관찰 기준; 전체 인터랙션을 재생했다고 주장하지 않음,sources-c-supplement
417,Codrops,tympanus.net,https://tympanus.net/codrops/2019/10/16/case-study-chang-liu-portfolio-v4/,Case Study: Chang Liu Portfolio V4,Get insight on how to add 3D to a website using Three.js and make a wavy distortion effect in this case study of Chang Liu’s new portfolio.,center-only,5,5,5,5,5,1,5,보충 근거,중간,"채택: 단일 소실점, 후면-콘텐츠-전면 마스크 순서 검증에 사용",Codrops 공개 API/본문 초록 관찰 기준; 전체 인터랙션을 재생했다고 주장하지 않음,sources-c-supplement
418,Codrops,tympanus.net,https://tympanus.net/codrops/2025/04/07/case-study-ciel-rose/,Case Study: Ciel Rose,Explore how storytelling and subtle design come together in a filmmaker duo’s portfolio.,center-only,5,5,5,5,5,1,5,보충 근거,낮음,보조 참고: 구조·간격만 검토하고 시각 스타일은 직접 전용하지 않음,Codrops 공개 API/본문 초록 관찰 기준; 전체 인터랙션을 재생했다고 주장하지 않음,sources-c-supplement
419,Codrops,tympanus.net,https://tympanus.net/codrops/2024/03/21/case-study-design-embraced-portfolio-2024/,Case Study: Design Embraced Portfolio – 2024,A look behind the code and collaboration of the new portfolio for Anthony Goodwin at Design Embraced.,center-only,5,5,5,5,5,1,5,보충 근거,중간,보조 참고: 구조·간격만 검토하고 시각 스타일은 직접 전용하지 않음,Codrops 공개 API/본문 초록 관찰 기준; 전체 인터랙션을 재생했다고 주장하지 않음,sources-c-supplement
420,Codrops,tympanus.net,https://tympanus.net/codrops/2025/01/07/case-study-dondre-green/,Case Study: Dondre Green,"This case study explores how The Blackpepper Studio meticulously designed and developed a digital portfolio that captures the artistic vision of Dondre Green, a New York-based Art Director and Photographer known for his innovative, narrative-driven, and storytelling work.",center-only,5,5,5,5,5,1,5,보충 근거,낮음,보조 참고: 구조·간격만 검토하고 시각 스타일은 직접 전용하지 않음,Codrops 공개 API/본문 초록 관찰 기준; 전체 인터랙션을 재생했다고 주장하지 않음,sources-c-supplement
421,Codrops,tympanus.net,https://tympanus.net/codrops/2024/04/24/case-study-gabriel-contassots-portfolio-2024/,Case Study: Gabriel Contassot’s Portfolio — 2024,"A look into the making of Gabriel’s 2024 portfolio website, complementing minimal design choices with subtle animations.",center-only,5,5,5,5,5,1,5,보충 근거,중간,"부분 채택: 3상태 순환·전환 타이밍 참고, 과도한 장식 모션은 배제",Codrops 공개 API/본문 초록 관찰 기준; 전체 인터랙션을 재생했다고 주장하지 않음,sources-c-supplement
422,Codrops,tympanus.net,https://tympanus.net/codrops/2025/01/30/case-study-gianluca-gradogna-portfolio-25/,Case Study: Gianluca Gradogna — Portfolio ’25,"This case study unveils the journey of creating a personal portfolio, highlighting the creative collaboration between Gianluca Gradogna and Gabriel Norman in bringing the project to life.",center-only,5,5,5,5,5,1,5,보충 근거,중간,보조 참고: 구조·간격만 검토하고 시각 스타일은 직접 전용하지 않음,Codrops 공개 API/본문 초록 관찰 기준; 전체 인터랙션을 재생했다고 주장하지 않음,sources-c-supplement
423,Codrops,tympanus.net,https://tympanus.net/codrops/2025/03/17/case-study-motoyoshi-takamitsu/,Case Study: Motoyoshi Takamitsu,An exploration of the design and development of photographer Motoyoshi Takamitsu’s portfolio website.,center-only,5,5,5,5,5,1,5,보충 근거,낮음,보조 참고: 구조·간격만 검토하고 시각 스타일은 직접 전용하지 않음,Codrops 공개 API/본문 초록 관찰 기준; 전체 인터랙션을 재생했다고 주장하지 않음,sources-c-supplement
424,Codrops,tympanus.net,https://tympanus.net/codrops/2024/06/04/case-study-oscar-pico-portfolio-2024/,Case Study: Oscar Pico Portfolio — 2024,An exploration of the collaborative creative process between Oscar Pico and Nam Hai during the design and development phases.,center-only,5,5,5,5,5,1,5,보충 근거,낮음,보조 참고: 구조·간격만 검토하고 시각 스타일은 직접 전용하지 않음,Codrops 공개 API/본문 초록 관찰 기준; 전체 인터랙션을 재생했다고 주장하지 않음,sources-c-supplement
425,Codrops,tympanus.net,https://tympanus.net/codrops/2024/07/26/case-study-rogier-de-boeve-portfolio-2024/,Case Study: Rogier de Boevé Portfolio — 2024,"Insights into the creative process and technical details behind the portfolio of Rogier de Boevé, a Belgium-based creative developer and digital designer.",center-only,5,5,5,5,5,1,5,보충 근거,중간,보조 참고: 구조·간격만 검토하고 시각 스타일은 직접 전용하지 않음,Codrops 공개 API/본문 초록 관찰 기준; 전체 인터랙션을 재생했다고 주장하지 않음,sources-c-supplement
426,Codrops,tympanus.net,https://tympanus.net/codrops/2025/03/05/case-study-stefan-vitasovic-portfolio-2025/,Case Study: Stefan Vitasović Portfolio — 2025,"An article behind the process of Stefan’s 2025 creative dev portfolio — a minimalist design, dynamic visuals and shader effects.",center-only,5,5,5,5,5,1,5,보충 근거,중간,보조 참고: 구조·간격만 검토하고 시각 스타일은 직접 전용하지 않음,Codrops 공개 API/본문 초록 관찰 기준; 전체 인터랙션을 재생했다고 주장하지 않음,sources-c-supplement
427,Codrops,tympanus.net,https://tympanus.net/codrops/2025/03/28/case-study-troa-25-folio/,Case Study: Troa 25&#8242; Folio,"A look at how Troa reimagined their portfolio — focusing on performance, sustainability, and a clean, thoughtful design.",center-only,5,5,5,5,5,1,5,보충 근거,중간,보조 참고: 구조·간격만 검토하고 시각 스타일은 직접 전용하지 않음,Codrops 공개 API/본문 초록 관찰 기준; 전체 인터랙션을 재생했다고 주장하지 않음,sources-c-supplement
428,Codrops,tympanus.net,https://tympanus.net/codrops/2011/08/16/circular-content-carousel/,Circular Content Carousel with jQuery,"Today we want to share a simple circular content carousel with you. The idea is to have some content boxes that we can slide infinitely (circular). When clicking on the &#8220;more&#8221; link, the respective item moves to the left and a content area will slide out. Now we can navigate through the carousel where each step will reveal the next or previous content box with its expanded content. Clicking on the closing cross will slide the expanded content area back in and animate the item to its original position.",partial-visible,5,4,4,3,4,2,5,보충 근거,중간,"채택: 단일 소실점, 후면-콘텐츠-전면 마스크 순서 검증에 사용",Codrops 공개 API/본문 초록 관찰 기준; 전체 인터랙션을 재생했다고 주장하지 않음,sources-c-supplement
429,Codrops,tympanus.net,https://tympanus.net/codrops/2022/06/01/coding-an-infinite-slider-using-texture-recursion-with-three-js/,Coding an Infinite Slider using Texture Recursion with Three.js,A coding session where you’ll learn how to recreate the infinite image slider seen on tismes.com using Three.js.,partial-visible,5,4,4,3,4,2,5,보충 근거,중간,"채택: 단일 소실점, 후면-콘텐츠-전면 마스크 순서 검증에 사용",Codrops 공개 API/본문 초록 관찰 기준; 전체 인터랙션을 재생했다고 주장하지 않음,sources-c-supplement
430,Codrops,tympanus.net,https://tympanus.net/codrops/2022/01/05/crafting-scroll-based-animations-in-three-js/,Crafting Scroll Based Animations in Three.js,Learn how to create a scroll based animation in WebGL with Three.js.,layered-stack,3,3,2,2,3,5,3,보충 근거,낮음,"채택: 단일 소실점, 후면-콘텐츠-전면 마스크 순서 검증에 사용",Codrops 공개 API/본문 초록 관찰 기준; 전체 인터랙션을 재생했다고 주장하지 않음,sources-c-supplement
431,Codrops,tympanus.net,https://tympanus.net/codrops/2020/02/05/crafting-a-cutout-collage-layout-with-css-grid-and-clip-path/,Crafting a Cutout Collage Layout with CSS Grid and Clip-path,Learn how to code up an interesting design with a cutout image look using CSS Grid and clip-path.,hidden-offstage,4,5,5,4,5,3,4,보충 근거,중간,"채택: 단일 소실점, 후면-콘텐츠-전면 마스크 순서 검증에 사용",Codrops 공개 API/본문 초록 관찰 기준; 전체 인터랙션을 재생했다고 주장하지 않음,sources-c-supplement
432,Codrops,tympanus.net,https://tympanus.net/codrops/2020/12/01/crafting-a-scrollable-and-draggable-parallax-slider/,Crafting a Scrollable and Draggable Parallax Slider,A tutorial on how to build a slider with an interesting parallax effect that you can either scroll or drag through.,partial-visible,5,4,4,3,4,2,5,보충 근거,중간,"부분 채택: 3상태 순환·전환 타이밍 참고, 과도한 장식 모션은 배제",Codrops 공개 API/본문 초록 관찰 기준; 전체 인터랙션을 재생했다고 주장하지 않음,sources-c-supplement
433,Codrops,tympanus.net,https://tympanus.net/codrops/2021/08/16/abstract-image-carousel-ogl-glsl-gsap/,"Create an Abstract Image Slideshow with OGL, GLSL, and GSAP",Learn how to create a WebGL-powered image slideshow animated using a single value.,hidden-offstage,4,5,5,4,5,3,4,보충 근거,중간,"채택: 단일 소실점, 후면-콘텐츠-전면 마스크 순서 검증에 사용",Codrops 공개 API/본문 초록 관찰 기준; 전체 인터랙션을 재생했다고 주장하지 않음,sources-c-supplement
434,Codrops,tympanus.net,https://tympanus.net/codrops/2026/04/08/creating-custom-page-transitions-in-astro-with-barba-js-and-gsap/,Creating Custom Page Transitions in Astro with Barba.js and GSAP,"Follow along as we build page transitions in Astro with Barba.js and GSAP, from the initial setup to a working animated transition flow.",hidden-offstage,4,5,5,4,5,3,4,보충 근거,중간,"부분 채택: 3상태 순환·전환 타이밍 참고, 과도한 장식 모션은 배제",Codrops 공개 API/본문 초록 관찰 기준; 전체 인터랙션을 재생했다고 주장하지 않음,sources-c-supplement
435,Codrops,tympanus.net,https://tympanus.net/codrops/2025/01/15/creating-generative-artwork-with-three-js/,Creating Generative Artwork with Three.js,"Develop a dynamic, generative artwork using Three.js and grid systems, inspired by Lygia Clark’s minimalist geometric designs.",center-only,5,5,5,5,5,1,5,보충 근거,낮음,"채택: 단일 소실점, 후면-콘텐츠-전면 마스크 순서 검증에 사용",Codrops 공개 API/본문 초록 관찰 기준; 전체 인터랙션을 재생했다고 주장하지 않음,sources-c-supplement
436,Codrops,tympanus.net,https://tympanus.net/codrops/2026/05/21/creating-scroll-driven-svg-map-animations-with-gsap/,Creating Scroll-Driven SVG Map Animations with GSAP,"A tutorial on building cinematic scroll-driven SVG map animations with GSAP using path drawing, motion tracking, and smooth camera movement.",excluded,1,1,1,1,1,3,1,배제,낮음,"부분 채택: 3상태 순환·전환 타이밍 참고, 과도한 장식 모션은 배제",Codrops 공개 API/본문 초록 관찰 기준; 전체 인터랙션을 재생했다고 주장하지 않음,sources-c-supplement
437,Codrops,tympanus.net,https://tympanus.net/codrops/2026/06/04/creating-a-thumbnail-flow-animation-with-gsap-motionpath/,Creating a Thumbnail Flow Animation with GSAP MotionPath,"A creative exploration of GSAP MotionPath, where stacked thumbnails unfold into a flowing image strip through curved trajectories.",layered-stack,3,3,2,2,3,5,3,보충 근거,낮음,"부분 채택: 3상태 순환·전환 타이밍 참고, 과도한 장식 모션은 배제",Codrops 공개 API/본문 초록 관찰 기준; 전체 인터랙션을 재생했다고 주장하지 않음,sources-c-supplement
438,Codrops,tympanus.net,https://tympanus.net/codrops/2022/05/23/creating-an-infinite-distorted-slider-with-pixijs-and-bezier-curves/,Creating an Infinite Distorted Slider with PixiJS and Bézier Curves,A coding session where you’ll learn how to recreate the infinite distorted slider from Yuto Takahashi’s website using PixiJS.,partial-visible,5,4,4,3,4,2,5,보충 근거,중간,"부분 채택: 3상태 순환·전환 타이밍 참고, 과도한 장식 모션은 배제",Codrops 공개 API/본문 초록 관찰 기준; 전체 인터랙션을 재생했다고 주장하지 않음,sources-c-supplement
439,Codrops,tympanus.net,https://tympanus.net/codrops/2026/06/19/creative-entrepreneurship-designing-the-machine/,Creative Entrepreneurship: Designing the Machine,"From freelancer to multi-studio founder, Lewis Webber’s career is built on the idea that taste has to become a system — or it disappears.",excluded,1,1,1,1,1,3,1,배제,낮음,보조 참고: 구조·간격만 검토하고 시각 스타일은 직접 전용하지 않음,Codrops 공개 API/본문 초록 관찰 기준; 전체 인터랙션을 재생했다고 주장하지 않음,sources-c-supplement
440,Codrops,tympanus.net,https://tympanus.net/codrops/2019/01/31/custom-cursor-effects/,Custom Cursor Effects,"A collection of five demos and a tutorial on how to create animated custom cursor effects for interactive elements like navigations, galleries and carousels.",partial-visible,5,4,4,3,4,2,5,보충 근거,낮음,"부분 채택: 3상태 순환·전환 타이밍 참고, 과도한 장식 모션은 배제",Codrops 공개 API/본문 초록 관찰 기준; 전체 인터랙션을 재생했다고 주장하지 않음,sources-c-supplement
441,Codrops,tympanus.net,https://tympanus.net/codrops/2024/05/13/design-finds-creative-slideshows/,Design Finds: Creative Slideshows,A small collection of creative slideshow designs and animations.,hidden-offstage,4,5,5,4,5,3,4,보충 근거,중간,"부분 채택: 3상태 순환·전환 타이밍 참고, 과도한 장식 모션은 배제",Codrops 공개 API/본문 초록 관찰 기준; 전체 인터랙션을 재생했다고 주장하지 않음,sources-c-supplement
442,Codrops,tympanus.net,https://tympanus.net/codrops/2025/08/29/designer-spotlight-enrico-gisana/,Design as Rhythm and Rebellion: The Work of Enrico Gisana,"Discover the work of Enrico Gisana, where branding, typography, and motion converge through experimental design.",center-only,5,5,5,5,5,1,5,보충 근거,낮음,"부분 채택: 3상태 순환·전환 타이밍 참고, 과도한 장식 모션은 배제",Codrops 공개 API/본문 초록 관찰 기준; 전체 인터랙션을 재생했다고 주장하지 않음,sources-c-supplement
443,Codrops,tympanus.net,https://tympanus.net/codrops/2025/03/26/design-in-motion-the-animation-principles-behind-green-stack/,Design in Motion: The Animation Principles Behind Green Stack,"A concept-to-site journey in Webflow, shaped by design, dev, and bold animation principles.",layered-stack,3,3,2,2,3,5,3,보충 근거,낮음,"부분 채택: 3상태 순환·전환 타이밍 참고, 과도한 장식 모션은 배제",Codrops 공개 API/본문 초록 관찰 기준; 전체 인터랙션을 재생했다고 주장하지 않음,sources-c-supplement
444,Codrops,tympanus.net,https://tympanus.net/codrops/2025/02/21/designer-spotlight-ivan-gorbunov/,Designer Spotlight: Ivan Gorbunov,"Explore Ivan Gorbunov’s approach to minimalism, creativity, and functional design.",center-only,5,5,5,5,5,1,5,보충 근거,낮음,보조 참고: 구조·간격만 검토하고 시각 스타일은 직접 전용하지 않음,Codrops 공개 API/본문 초록 관찰 기준; 전체 인터랙션을 재생했다고 주장하지 않음,sources-c-supplement
445,Codrops,tympanus.net,https://tympanus.net/codrops/2026/06/16/designing-a-better-lou-reducing-cognitive-load-through-design-content-and-systems/,"Designing A Better Lou: Reducing Cognitive Load Through Design, Content, and Systems","A look at the design, content, and development decisions behind A Better Lou, a healthcare platform built to reduce complexity and improve clarity.",excluded,1,1,1,1,1,3,1,배제,낮음,보조 참고: 구조·간격만 검토하고 시각 스타일은 직접 전용하지 않음,Codrops 공개 API/본문 초록 관찰 기준; 전체 인터랙션을 재생했다고 주장하지 않음,sources-c-supplement
446,Codrops,tympanus.net,https://tympanus.net/codrops/2026/06/22/designing-beyond-the-surface-how-dashdigital-turns-complexity-into-clarity/,Designing Beyond the Surface: How DashDigital Turns Complexity into Clarity,"Research-led and strategy-driven, DashDigital believes the strongest digital work comes from understanding the problem before creating the solution.",excluded,1,1,1,1,1,3,1,배제,낮음,보조 참고: 구조·간격만 검토하고 시각 스타일은 직접 전용하지 않음,Codrops 공개 API/본문 초록 관찰 기준; 전체 인터랙션을 재생했다고 주장하지 않음,sources-c-supplement
447,Codrops,tympanus.net,https://tympanus.net/codrops/2026/05/14/designing-ourselves-the-new-obys-identity-and-website/,Designing Ourselves: The New Obys Identity and Website,"An inside look at the new Obys – from rethinking our identity to building a system where type, motion, and structure work as one, shaping a more precise and consistent experience.",excluded,1,1,1,1,1,3,1,배제,낮음,"부분 채택: 3상태 순환·전환 타이밍 참고, 과도한 장식 모션은 배제",Codrops 공개 API/본문 초록 관찰 기준; 전체 인터랙션을 재생했다고 주장하지 않음,sources-c-supplement
448,Codrops,tympanus.net,https://tympanus.net/codrops/2025/05/30/developer-spotlight-misterprada/,Developer Spotlight: MisterPrada,"A self-taught journey from hacking games to crafting immersive WebGL experiences—with passion, persistence, and a hint of luck.",layered-stack,3,3,2,2,3,5,3,보충 근거,낮음,"채택: 단일 소실점, 후면-콘텐츠-전면 마스크 순서 검증에 사용",Codrops 공개 API/본문 초록 관찰 기준; 전체 인터랙션을 재생했다고 주장하지 않음,sources-c-supplement
449,Codrops,tympanus.net,https://tympanus.net/codrops/2014/06/26/draggable-dual-view-slideshow/,Draggable Dual-View Slideshow,"An experimental slideshow that is draggable and has two views: fullscreen and small carousel. In fullscreen view, a related content area can be viewed.",hidden-offstage,4,5,5,4,5,3,4,보충 근거,중간,"부분 채택: 3상태 순환·전환 타이밍 참고, 과도한 장식 모션은 배제",Codrops 공개 API/본문 초록 관찰 기준; 전체 인터랙션을 재생했다고 주장하지 않음,sources-c-supplement
450,Codrops,tympanus.net,https://tympanus.net/codrops/2026/01/04/efecto-building-real-time-ascii-and-dithering-effects-with-webgl-shaders/,Efecto: Building Real-Time ASCII and Dithering Effects with WebGL Shaders,An exploration of how classic image algorithms and CRT-era visuals come alive through real-time shaders on the web.,layered-stack,3,3,2,2,3,5,3,보충 근거,낮음,"채택: 단일 소실점, 후면-콘텐츠-전면 마스크 순서 검증에 사용",Codrops 공개 API/본문 초록 관찰 기준; 전체 인터랙션을 재생했다고 주장하지 않음,sources-c-supplement
451,Codrops,tympanus.net,https://tympanus.net/codrops/2012/10/29/elastislide-revised/,Elastislide Revised,"Elastislide, the responsive image carousel, has been updated and improved. It can be used vertically or horizontally and a minimun number of visible images can be specified.",partial-visible,5,4,4,3,4,2,5,보충 근거,중간,"부분 채택: 3상태 순환·전환 타이밍 참고, 과도한 장식 모션은 배제",Codrops 공개 API/본문 초록 관찰 기준; 전체 인터랙션을 재생했다고 주장하지 않음,sources-c-supplement
452,Codrops,tympanus.net,https://tympanus.net/codrops/2011/09/12/elastislide-responsive-carousel/,Elastislide – A Responsive jQuery Carousel Plugin,Elastislide is a responsive image carousel that will adapt fluidly in a layout. It is a jQuery plugin that can be laid out horizontally or vertically with a pre-defined minimum number of shown images.,partial-visible,5,4,4,3,4,2,5,보충 근거,중간,"부분 채택: 3상태 순환·전환 타이밍 참고, 과도한 장식 모션은 배제",Codrops 공개 API/본문 초록 관찰 기준; 전체 인터랙션을 재생했다고 주장하지 않음,sources-c-supplement
453,Codrops,tympanus.net,https://tympanus.net/codrops/2026/06/26/engineering-the-web-experience-behind-shopifys-spring-26-edition-everywhere/,Engineering the Web Experience Behind Shopify’s Spring ’26 Edition: Everywhere,"A detailed look at the rendering architecture, custom tooling, and performance techniques behind Shopify’s Spring ’26 Edition: Everywhere.",excluded,1,1,1,1,1,3,1,배제,낮음,보조 참고: 구조·간격만 검토하고 시각 스타일은 직접 전용하지 않음,Codrops 공개 API/본문 초록 관찰 기준; 전체 인터랙션을 재생했다고 주장하지 않음,sources-c-supplement
454,Codrops,tympanus.net,https://tympanus.net/codrops/2024/01/24/experimental-css-only-carousels-with-scroll-driven-animations/,Experimental CSS-Only Carousels with Scroll-Driven Animations,"Three carousel experiments made with CSS scroll-driven animations, based on Francesco Zagami’s designs.",partial-visible,5,4,4,3,4,2,5,보충 근거,중간,"부분 채택: 3상태 순환·전환 타이밍 참고, 과도한 장식 모션은 배제",Codrops 공개 API/본문 초록 관찰 기준; 전체 인터랙션을 재생했다고 주장하지 않음,sources-c-supplement
455,Codrops,tympanus.net,https://tympanus.net/codrops/2026/05/13/exploring-the-html-in-canvas-proposal/,Exploring the HTML-in-Canvas Proposal,"A look at the HTML-in-Canvas proposal, how it works, and what it enables with a few practical demos.",excluded,1,1,1,1,1,3,1,배제,낮음,보조 참고: 구조·간격만 검토하고 시각 스타일은 직접 전용하지 않음,Codrops 공개 API/본문 초록 관찰 기준; 전체 인터랙션을 재생했다고 주장하지 않음,sources-c-supplement
456,Codrops,tympanus.net,https://tympanus.net/codrops/2025/07/29/exploring-the-process-of-building-a-procedural-3d-kitchen-designer-with-three-js/,Exploring the Process of Building a Procedural 3D Kitchen Designer with Three.js,"How procedural modeling and a few smart abstractions can turn complex 3D design into a simple, intuitive web experience.",layered-stack,3,3,2,2,3,5,3,보충 근거,중간,"채택: 단일 소실점, 후면-콘텐츠-전면 마스크 순서 검증에 사용",Codrops 공개 API/본문 초록 관찰 기준; 전체 인터랙션을 재생했다고 주장하지 않음,sources-c-supplement
457,Codrops,tympanus.net,https://tympanus.net/codrops/2026/06/03/forging-her-own-path-houmahani-kanes-journey-in-creative-development/,Forging Her Own Path: Houmahani Kane’s Journey in Creative Development,"From self-taught beginnings to real client work, I share my journey, key projects, and the challenges that shaped my approach to building interactive experiences.",excluded,1,1,1,1,1,3,1,배제,낮음,보조 참고: 구조·간격만 검토하고 시각 스타일은 직접 전용하지 않음,Codrops 공개 API/본문 초록 관찰 기준; 전체 인터랙션을 재생했다고 주장하지 않음,sources-c-supplement
458,Codrops,tympanus.net,https://tympanus.net/codrops/2025/01/27/fractals-to-forests-creating-realistic-3d-trees-with-three-js/,Fractals to Forests – Creating Realistic 3D Trees with Three.js,Discover the algorithms behind EZ-Tree’s use of procedural generation and Three.js to create realistic 3D tree models.,layered-stack,3,3,2,2,3,5,3,보충 근거,중간,"채택: 단일 소실점, 후면-콘텐츠-전면 마스크 순서 검증에 사용",Codrops 공개 API/본문 초록 관찰 기준; 전체 인터랙션을 재생했다고 주장하지 않음,sources-c-supplement
459,Codrops,tympanus.net,https://tympanus.net/codrops/2015/07/10/freebie-cardio-one-page-website-template/,Freebie: “Cardio” One Page Website Template,A clean and modern one page website template built with Bootstrap. The responsive HTML template has a gym related theme but can be easily fitted to any kind of content.,layered-stack,3,3,2,2,3,5,3,보충 근거,낮음,보조 참고: 구조·간격만 검토하고 시각 스타일은 직접 전용하지 않음,Codrops 공개 API/본문 초록 관찰 기준; 전체 인터랙션을 재생했다고 주장하지 않음,sources-c-supplement
460,Codrops,tympanus.net,https://tympanus.net/codrops/2025/10/15/from-blank-canvas-to-mayhem-eloy-benoffis-brutalist-glitchy-portfolio-built-with-webflow-and-gsap/,"From Blank Canvas to Mayhem: Eloy Benoffi’s Brutalist, Glitchy Portfolio Built with Webflow and GSAP","Crafting an unapologetically glitchy web experience that fuses brutalist structure, maximalist energy, ASCII art, and a bold motion design.",center-only,5,5,5,5,5,1,5,보충 근거,낮음,"부분 채택: 3상태 순환·전환 타이밍 참고, 과도한 장식 모션은 배제",Codrops 공개 API/본문 초록 관찰 기준; 전체 인터랙션을 재생했다고 주장하지 않음,sources-c-supplement
461,Codrops,tympanus.net,https://tympanus.net/codrops/2025/12/05/from-illusions-to-optimization-the-creative-webgl-worlds-of-adrian-gubrica/,From Illusions to Optimization: The Creative WebGL Worlds of Adrián Gubrica,"A look at Adrián Gubrica’s journey from design roots to high-performance WebGL, and the creative, technical worlds he’s built along the way.",layered-stack,3,3,2,2,3,5,3,보충 근거,중간,"채택: 단일 소실점, 후면-콘텐츠-전면 마스크 순서 검증에 사용",Codrops 공개 API/본문 초록 관찰 기준; 전체 인터랙션을 재생했다고 주장하지 않음,sources-c-supplement
462,Codrops,tympanus.net,https://tympanus.net/codrops/2026/07/02/from-years-of-client-work-to-a-next-js-sanity-starter-kit/,From Years of Client Work to a Next.js + Sanity Starter Kit,How years of refining my workflow became a headless foundation other developers can build on.,excluded,1,1,1,1,1,3,1,배제,낮음,보조 참고: 구조·간격만 검토하고 시각 스타일은 직접 전용하지 않음,Codrops 공개 API/본문 초록 관찰 기준; 전체 인터랙션을 재생했다고 주장하지 않음,sources-c-supplement
463,Codrops,tympanus.net,https://tympanus.net/codrops/2025/12/12/from-a-single-story-to-countless-worlds-pavel-mazhugas-path-in-creative-development/,From a Single Story to Countless Worlds: Pavel Mazhuga’s Path in Creative Development,Exploring the projects and motivations behind Pavel Mazhuga’s path into advanced 3D experiences on the web.,layered-stack,3,3,2,2,3,5,3,보충 근거,낮음,"채택: 단일 소실점, 후면-콘텐츠-전면 마스크 순서 검증에 사용",Codrops 공개 API/본문 초록 관찰 기준; 전체 인터랙션을 재생했다고 주장하지 않음,sources-c-supplement
464,Codrops,tympanus.net,https://tympanus.net/codrops/2020/12/08/horizontal-smooth-scroll-layouts/,Horizontal Smooth Scroll Layouts,Some ideas for horizontal smooth scrolling layouts powered by Locomotive Scroll.,partial-visible,5,4,4,3,4,2,5,보충 근거,중간,"부분 채택: 3상태 순환·전환 타이밍 참고, 과도한 장식 모션은 배제",Codrops 공개 API/본문 초록 관찰 기준; 전체 인터랙션을 재생했다고 주장하지 않음,sources-c-supplement
465,Codrops,tympanus.net,https://tympanus.net/codrops/2026/01/05/how-to-create-a-pixel-to-voxel-video-drop-effect-with-three-js-and-rapier/,How to Create a Pixel-to-Voxel Video Drop Effect with Three.js and Rapier,"A tutorial showing how video pixels are voxelized in 3D and dropped into a physics-driven world using Three.js, shaders, and Rapier.",layered-stack,3,3,2,2,3,5,3,보충 근거,낮음,"채택: 단일 소실점, 후면-콘텐츠-전면 마스크 순서 검증에 사용",Codrops 공개 API/본문 초록 관찰 기준; 전체 인터랙션을 재생했다고 주장하지 않음,sources-c-supplement
466,Codrops,tympanus.net,https://tympanus.net/codrops/2022/11/15/how-to-design-the-ideal-hero-image-for-your-online-portfolio/,How to Design the Ideal Hero Image for Your Online Portfolio,"Making a good impression with your portfolio site starts with your hero image. In this post, we’ll take a look at 6 areas where you can create a hero image that can make your design.",center-only,5,5,5,5,5,1,5,보충 근거,중간,보조 참고: 구조·간격만 검토하고 시각 스타일은 직접 전용하지 않음,Codrops 공개 API/본문 초록 관찰 기준; 전체 인터랙션을 재생했다고 주장하지 않음,sources-c-supplement
467,Codrops,tympanus.net,https://tympanus.net/codrops/2023/05/04/ideas-for-grid-to-slideshow-switch-animations/,Ideas for Grid to Slideshow Switch Animations,Some ideas and inspiration for layout animations where we go from an irregular grid to a slideshow or alternative view.,hidden-offstage,4,5,5,4,5,3,4,보충 근거,중간,"부분 채택: 3상태 순환·전환 타이밍 참고, 과도한 장식 모션은 배제",Codrops 공개 API/본문 초록 관찰 기준; 전체 인터랙션을 재생했다고 주장하지 않음,sources-c-supplement
468,Codrops,tympanus.net,https://tympanus.net/codrops/2026/01/07/infinite-canvas-building-a-seamless-pan-anywhere-image-space/,"Infinite Canvas: Building a Seamless, Pan-Anywhere Image Space","Learn how to build an infinite, pannable image canvas with React Three Fiber. We’ll use chunk-based rendering and performance-first techniques to create a smooth, endlessly explorable image space.",partial-visible,5,4,4,3,4,2,5,보충 근거,중간,보조 참고: 구조·간격만 검토하고 시각 스타일은 직접 전용하지 않음,Codrops 공개 API/본문 초록 관찰 기준; 전체 인터랙션을 재생했다고 주장하지 않음,sources-c-supplement
469,Codrops,tympanus.net,https://tympanus.net/codrops/2014/05/22/inspiration-for-article-intro-effects/,Inspiration for Article Intro Effects,Some inspiration for effects applied to title headers of articles with a fullscreen image. The idea is to show some creative transition when continuing to the article body.,hidden-offstage,4,5,5,4,5,3,4,보충 근거,낮음,"부분 채택: 3상태 순환·전환 타이밍 참고, 과도한 장식 모션은 배제",Codrops 공개 API/본문 초록 관찰 기준; 전체 인터랙션을 재생했다고 주장하지 않음,sources-c-supplement
470,Codrops,tympanus.net,https://tympanus.net/codrops/2025/10/27/interpol-a-low-level-take-on-tweening-and-motion/,Interpol: A Low-Level Take on Tweening and Motion,"Exploring the design and mechanics of Interpol, a minimal library for low-level, time-based animations.",center-only,5,5,5,5,5,1,5,보충 근거,낮음,"부분 채택: 3상태 순환·전환 타이밍 참고, 과도한 장식 모션은 배제",Codrops 공개 API/본문 초록 관찰 기준; 전체 인터랙션을 재생했다고 주장하지 않음,sources-c-supplement
471,Codrops,tympanus.net,https://tympanus.net/codrops/2026/03/20/jackie-zhangs-portfolio-from-chasing-references-to-finding-direction/,Jackie Zhang’s Portfolio: From Chasing References to Finding Direction,How I stopped chasing references and built a portfolio that actually feels like me.,center-only,5,5,5,5,5,1,5,보충 근거,중간,보조 참고: 구조·간격만 검토하고 시각 스타일은 직접 전용하지 않음,Codrops 공개 API/본문 초록 관찰 기준; 전체 인터랙션을 재생했다고 주장하지 않음,sources-c-supplement
472,Codrops,tympanus.net,https://tympanus.net/codrops/2026/03/16/jonas-reymondins-portfolio-reclaiming-the-ui-eye-through-systems-code-and-pixel-motion/,"Jonas Reymondin’s Portfolio: Reclaiming the UI Eye Through Systems, Code, and Pixel Motion",A candid journey through the challenging process of defining my narrative as a creative who cares deeply about both design and engineering.,center-only,5,5,5,5,5,1,5,보충 근거,낮음,"부분 채택: 3상태 순환·전환 타이밍 참고, 과도한 장식 모션은 배제",Codrops 공개 API/본문 초록 관찰 기준; 전체 인터랙션을 재생했다고 주장하지 않음,sources-c-supplement
473,Codrops,tympanus.net,https://tympanus.net/codrops/2025/09/19/lo2s-x-snp-dashdigital-designing-a-website-full-of-movement-and-energy/,LO2S × SNP & DashDigital: Designing a Website Full of Movement and Energy,"The teams at SNP and DashDigital share how they brought the LO2S website to life with motion, interactivity and a focus on performance.",center-only,5,5,5,5,5,1,5,보충 근거,낮음,"부분 채택: 3상태 순환·전환 타이밍 참고, 과도한 장식 모션은 배제",Codrops 공개 API/본문 초록 관찰 기준; 전체 인터랙션을 재생했다고 주장하지 않음,sources-c-supplement
474,Codrops,tympanus.net,https://tympanus.net/codrops/2022/08/03/large-image-to-content-page-transition/,Large Image to Content Page Transition,A simple scroll effect and page transition inspired by Vitalii Burhonskyi’s Dribbble shot.,hidden-offstage,4,5,5,4,5,3,4,보충 근거,중간,"부분 채택: 3상태 순환·전환 타이밍 참고, 과도한 장식 모션은 배제",Codrops 공개 API/본문 초록 관찰 기준; 전체 인터랙션을 재생했다고 주장하지 않음,sources-c-supplement
475,Codrops,tympanus.net,https://tympanus.net/codrops/2025/09/23/lax-space-designing-with-duct-tape-and-everyday-chaos/,Lax Space: Designing With Duct Tape and Everyday Chaos,"Lax Chee invites us behind the scenes of his experimental portfolio, where duct tape, design, and code transform everyday chaos into playful digital experiences.",center-only,5,5,5,5,5,1,5,보충 근거,낮음,보조 참고: 구조·간격만 검토하고 시각 스타일은 직접 전용하지 않음,Codrops 공개 API/본문 초록 관찰 기준; 전체 인터랙션을 재생했다고 주장하지 않음,sources-c-supplement
476,Codrops,tympanus.net,https://tympanus.net/codrops/2026/05/11/lemma-studio-building-the-feeling-behind-the-screen/,Le:mma Studio: Building the Feeling Behind the Screen,"Between rhythm, atmosphere, and digital craft, Le:mma Studio explores how the web can feel cinematic, emotional, and deeply human.",excluded,1,1,1,1,1,3,1,배제,낮음,"부분 채택: 3상태 순환·전환 타이밍 참고, 과도한 장식 모션은 배제",Codrops 공개 API/본문 초록 관찰 기준; 전체 인터랙션을 재생했다고 주장하지 않음,sources-c-supplement
477,Codrops,tympanus.net,https://tympanus.net/codrops/2017/01/19/little-fragments-creating-a-simple-image-poster-effect/,Little Fragments: Creating a Simple Image Poster Effect,A tutorial on how to create a simple image effect with little image fragments inspired by some poster art and powered by clip-path.,hidden-offstage,4,5,5,4,5,3,4,보충 근거,낮음,"채택: 단일 소실점, 후면-콘텐츠-전면 마스크 순서 검증에 사용",Codrops 공개 API/본문 초록 관찰 기준; 전체 인터랙션을 재생했다고 주장하지 않음,sources-c-supplement
478,Codrops,tympanus.net,https://tympanus.net/codrops/2026/04/13/lusion-where-digital-craft-meets-ambitious-experimentation/,Lusion: Where Digital Craft Meets Ambitious Experimentation,"What began with one person teaching himself to make things grew into a creative practice shaped by curiosity, persistence, and the urge to push digital work further.",excluded,1,1,1,1,1,3,1,배제,낮음,보조 참고: 구조·간격만 검토하고 시각 스타일은 직접 전용하지 않음,Codrops 공개 API/본문 초록 관찰 기준; 전체 인터랙션을 재생했다고 주장하지 않음,sources-c-supplement
479,Codrops,tympanus.net,https://tympanus.net/codrops/2026/05/20/made-with-gsap-building-a-fun-gravity-based-mouse-trail/,Made With Gsap: Building a Fun Gravity-Based Mouse Trail,A creative GSAP experiment where images cascade from the mouse position and rebound off the bottom of the screen with satisfying motion.,excluded,1,1,1,1,1,3,1,배제,낮음,"부분 채택: 3상태 순환·전환 타이밍 참고, 과도한 장식 모션은 배제",Codrops 공개 API/본문 초록 관찰 기준; 전체 인터랙션을 재생했다고 주장하지 않음,sources-c-supplement
480,Codrops,tympanus.net,https://tympanus.net/codrops/2026/07/16/meet-the-speakers-of-the-first-three-js-conference/,Meet the Speakers of the First Three.js Conference,"Before they take the stage, we asked a handful of speakers to share what they’re building, exploring, and excited to bring to Paris.",excluded,1,1,1,1,1,3,1,배제,낮음,"채택: 단일 소실점, 후면-콘텐츠-전면 마스크 순서 검증에 사용",Codrops 공개 API/본문 초록 관찰 기준; 전체 인터랙션을 재생했다고 주장하지 않음,sources-c-supplement
481,Codrops,tympanus.net,https://tympanus.net/codrops/2026/05/18/merlin-the-code-boutique-turning-motion-into-digital-magic/,Merlin: The Code Boutique Turning Motion Into Digital Magic,"A code boutique from Amsterdam crafting high-performance digital experiences where motion, technology, and design become one seamless language.",excluded,1,1,1,1,1,3,1,배제,낮음,"부분 채택: 3상태 순환·전환 타이밍 참고, 과도한 장식 모션은 배제",Codrops 공개 API/본문 초록 관찰 기준; 전체 인터랙션을 재생했다고 주장하지 않음,sources-c-supplement
482,Codrops,tympanus.net,https://tympanus.net/codrops/2010/07/26/music-portfolio-template/,Music Portfolio Template with HTML5 and jQuery,Today we want to share a music portfolio template with you. The idea is to create an artist portfolio with a discography line up and HTML5 audio player jPlayer. The [&hellip;],center-only,5,5,5,5,5,1,5,보충 근거,중간,"채택: 단일 소실점, 후면-콘텐츠-전면 마스크 순서 검증에 사용",Codrops 공개 API/본문 초록 관찰 기준; 전체 인터랙션을 재생했다고 주장하지 않음,sources-c-supplement
483,Codrops,tympanus.net,https://tympanus.net/codrops/2025/04/15/nite-riot-minimalism-gets-a-wild-side/,Nite Riot: Minimalism Gets a Wild Side,"When a client like Nite Riot walks through the (digital) door, you don’t play it safe. You go all in.",center-only,5,5,5,5,5,1,5,보충 근거,낮음,보조 참고: 구조·간격만 검토하고 시각 스타일은 직접 전용하지 않음,Codrops 공개 API/본문 초록 관찰 기준; 전체 인터랙션을 재생했다고 주장하지 않음,sources-c-supplement
484,Codrops,tympanus.net,https://tympanus.net/codrops/2026/06/08/no-two-paths-alike-inside-san-ritas-approach-to-digital-experiences/,No Two Paths Alike: Inside San Rita’s Approach to Digital Experiences,"Exploring the philosophy, projects, and process behind a studio that treats every brief as a new path to uncover.",excluded,1,1,1,1,1,3,1,배제,낮음,보조 참고: 구조·간격만 검토하고 시각 스타일은 직접 전용하지 않음,Codrops 공개 API/본문 초록 관찰 기준; 전체 인터랙션을 재생했다고 주장하지 않음,sources-c-supplement
485,Codrops,tympanus.net,https://tympanus.net/codrops/2025/05/29/no-visuals-no-time-no-problem-launching-oxi-instruments-one-mkii-in-2-weeks/,"No Visuals, No Time, No Problem: Launching OXI Instruments / ONE MKII in 2 Weeks","Built in two weeks from minimal assets, the OXI ONE MKII site used structure, type, and hustle to deliver a sharp launch right on time.",center-only,5,5,5,5,5,1,5,보충 근거,낮음,보조 참고: 구조·간격만 검토하고 시각 스타일은 직접 전용하지 않음,Codrops 공개 API/본문 초록 관찰 기준; 전체 인터랙션을 재생했다고 주장하지 않음,sources-c-supplement
486,Codrops,tympanus.net,https://tympanus.net/codrops/2012/03/15/parallax-content-slider-with-css3-and-jquery/,Parallax Content Slider with CSS3 and jQuery,A simple parallax content slider with different animations for each slider element and a background parallax effect.,partial-visible,5,4,4,3,4,2,5,보충 근거,중간,"부분 채택: 3상태 순환·전환 타이밍 참고, 과도한 장식 모션은 배제",Codrops 공개 API/본문 초록 관찰 기준; 전체 인터랙션을 재생했다고 주장하지 않음,sources-c-supplement
487,Codrops,tympanus.net,https://tympanus.net/codrops/2026/06/23/podium-building-a-website-where-running-becomes-storytelling/,Podium: Building a Website Where Running Becomes Storytelling,"How we designed and built a portfolio that preserves cinematic storytelling through rhythm, motion, and restraint.",center-only,5,5,5,5,5,1,5,보충 근거,낮음,"부분 채택: 3상태 순환·전환 타이밍 참고, 과도한 장식 모션은 배제",Codrops 공개 API/본문 초록 관찰 기준; 전체 인터랙션을 재생했다고 주장하지 않음,sources-c-supplement
488,Codrops,tympanus.net,https://tympanus.net/codrops/2019/08/20/react-slider-with-parallax-hover-effects/,React Slider with Parallax Hover Effects,Walk through the build of a React slider and learn how to implement a parallax hover effect.,partial-visible,5,4,4,3,4,2,5,보충 근거,중간,"부분 채택: 3상태 순환·전환 타이밍 참고, 과도한 장식 모션은 배제",Codrops 공개 API/본문 초록 관찰 기준; 전체 인터랙션을 재생했다고 주장하지 않음,sources-c-supplement
489,Codrops,tympanus.net,https://tympanus.net/codrops/2025/09/01/recreating-palmers-draggable-product-grid-with-gsap/,Recreating Palmer’s Draggable Product Grid with GSAP,Learn how to use GSAP and its plugins to recreate a refined grid animation.,partial-visible,5,4,4,3,4,2,5,보충 근거,낮음,"부분 채택: 3상태 순환·전환 타이밍 참고, 과도한 장식 모션은 배제",Codrops 공개 API/본문 초록 관찰 기준; 전체 인터랙션을 재생했다고 주장하지 않음,sources-c-supplement
490,Codrops,tympanus.net,https://tympanus.net/codrops/2025/02/18/rendering-the-simulation-theory-exploring-fractals-glsl-and-the-nature-of-reality/,"Rendering the Simulation Theory: Exploring Fractals, GLSL, and the Nature of Reality","An exploration of fractals, GLSL, and simulation theory, revealing their deep connections to art, mathematics, and the nature of reality.",hidden-offstage,4,5,5,4,5,3,4,보충 근거,낮음,"채택: 단일 소실점, 후면-콘텐츠-전면 마스크 순서 검증에 사용",Codrops 공개 API/본문 초록 관찰 기준; 전체 인터랙션을 재생했다고 주장하지 않음,sources-c-supplement
491,Codrops,tympanus.net,https://tympanus.net/codrops/2025/03/11/replicating-css-object-fit-in-webgl/,Replicating CSS Object-Fit in WebGL: Optimized Techniques for Image Scaling and Positioning,"Explore optimized methods to achieve responsive image scaling and positioning in WebGL, similar to the CSS object-fit: cover behavior.",layered-stack,3,3,2,2,3,5,3,보충 근거,중간,"채택: 단일 소실점, 후면-콘텐츠-전면 마스크 순서 검증에 사용",Codrops 공개 API/본문 초록 관찰 기준; 전체 인터랙션을 재생했다고 주장하지 않음,sources-c-supplement
492,Codrops,tympanus.net,https://tympanus.net/codrops/2011/09/20/responsive-image-gallery/,Responsive Image Gallery with Thumbnail Carousel,"A tutorial on how to create a responsive image gallery with a thumbnail carousel using Elastislide. Inspired by Twitter’s &#8220;user gallery&#8221; and upon a request to show an integration of Elastislide, we want to implement a responsive gallery that adapts to the view-port width. The gallery will have a view switch that allows to view it with the thumbnail carousel or without. We’ll also add the possibility to navigate with the keyboard.",partial-visible,5,4,4,3,4,2,5,보충 근거,중간,"부분 채택: 3상태 순환·전환 타이밍 참고, 과도한 장식 모션은 배제",Codrops 공개 API/본문 초록 관찰 기준; 전체 인터랙션을 재생했다고 주장하지 않음,sources-c-supplement
493,Codrops,tympanus.net,https://tympanus.net/codrops/2026/05/05/reverse-engineering-claude-ais-mascot-animations-with-svg-and-gsap/,Reverse-Engineering Claude AI’s Mascot Animations with SVG and GSAP,"How I rebuilt Claude AI’s mascot animations from scratch, frame by frame, purely in code using SVG and GSAP.",excluded,1,1,1,1,1,3,1,배제,낮음,"부분 채택: 3상태 순환·전환 타이밍 참고, 과도한 장식 모션은 배제",Codrops 공개 API/본문 초록 관찰 기준; 전체 인터랙션을 재생했다고 주장하지 않음,sources-c-supplement
494,Codrops,tympanus.net,https://tympanus.net/codrops/2026/04/27/rhumb-studio-small-but-mighty-shaped-by-curiosity/,"Rhumb Studio: Small but Mighty, Shaped by Curiosity","A two-person studio working between Bristol and Paris, redefining web design by crafting immersive, spatial experiences that feel less like pages and more like places.",excluded,1,1,1,1,1,3,1,배제,낮음,보조 참고: 구조·간격만 검토하고 시각 스타일은 직접 전용하지 않음,Codrops 공개 API/본문 초록 관찰 기준; 전체 인터랙션을 재생했다고 주장하지 않음,sources-c-supplement
495,Codrops,tympanus.net,https://tympanus.net/codrops/2026/04/07/r-k-26-the-thinking-and-code-behind-a-portfolio-led-by-presence/,R—K ’26: The Thinking and Code Behind a Portfolio Led by Presence,"More than a year of iteration, motion studies, and technical refinement went into shaping R—K ’26 into a portfolio where identity, rhythm, and interaction work as one.",center-only,5,5,5,5,5,1,5,보충 근거,중간,"부분 채택: 3상태 순환·전환 타이밍 참고, 과도한 장식 모션은 배제",Codrops 공개 API/본문 초록 관찰 기준; 전체 인터랙션을 재생했다고 주장하지 않음,sources-c-supplement
496,Codrops,tympanus.net,https://tympanus.net/codrops/2025/10/06/self-doubt-and-the-quest-for-fun-how-i-ended-up-turning-my-portfolio-into-a-game/,Self Doubt and the Quest for Fun: How I Ended up Turning my Portfolio into a Game,From early design experimentations to radical UX decisions: a deep dive into the creative and technical process of my 2025 portfolio.,center-only,5,5,5,5,5,1,5,보충 근거,중간,보조 참고: 구조·간격만 검토하고 시각 스타일은 직접 전용하지 않음,Codrops 공개 API/본문 초록 관찰 기준; 전체 인터랙션을 재생했다고 주장하지 않음,sources-c-supplement
497,Codrops,tympanus.net,https://tympanus.net/codrops/2025/08/14/setting-the-stage-inside-the-process-of-bringing-christian-flemings-work-to-life-in-print-web-and-3d/,"Setting the Stage: Inside the Process of Bringing Christian Fleming’s Work to Life in Print, Web, and 3D","A detailed, behind-the-scenes look at how theatrical design, visual storytelling, and creative collaboration shaped this multi-format project.",layered-stack,3,3,2,2,3,5,3,보충 근거,낮음,"채택: 단일 소실점, 후면-콘텐츠-전면 마스크 순서 검증에 사용",Codrops 공개 API/본문 초록 관찰 기준; 전체 인터랙션을 재생했다고 주장하지 않음,sources-c-supplement
498,Codrops,tympanus.net,https://tympanus.net/codrops/2026/06/25/shaping-stories-into-experience-the-work-of-kevin-lam/,Shaping Stories into Experience: The Work of Kevin Lam,"A spotlight on Brisbane-based designer Kevin Lam, and his practice of turning brand stories into soulful experiences across digital, print and motion.",excluded,1,1,1,1,1,3,1,배제,낮음,"부분 채택: 3상태 순환·전환 타이밍 참고, 과도한 장식 모션은 배제",Codrops 공개 API/본문 초록 관찰 기준; 전체 인터랙션을 재생했다고 주장하지 않음,sources-c-supplement
499,Codrops,tympanus.net,https://tympanus.net/codrops/2011/03/07/parallax-usage-in-web-design/,Showcase of Parallax Usage in Web Design,The use of the parallax effect or parallax scrolling effect in websites can add a nice three dimensional depth illusion to the design and make the visit very interesting to [&hellip;],layered-stack,3,3,2,2,3,5,3,보충 근거,중간,"부분 채택: 3상태 순환·전환 타이밍 참고, 과도한 장식 모션은 배제",Codrops 공개 API/본문 초록 관찰 기준; 전체 인터랙션을 재생했다고 주장하지 않음,sources-c-supplement
500,Codrops,tympanus.net,https://tympanus.net/codrops/2014/12/23/sliding-header-layout/,Sliding Header Layout,A tutorial on how to create a simple layout with a fullscreen header that slides up to reveal a content area with an image grid.,hidden-offstage,4,5,5,4,5,3,4,보충 근거,중간,"채택: 단일 소실점, 후면-콘텐츠-전면 마스크 순서 검증에 사용",Codrops 공개 API/본문 초록 관찰 기준; 전체 인터랙션을 재생했다고 주장하지 않음,sources-c-supplement
501,Codrops,tympanus.net,https://tympanus.net/codrops/2025/12/18/spain-collection-evolving-a-luxury-website-into-a-digital-ecosystem/,Spain Collection: Evolving a Luxury Website into a Digital Ecosystem,"An in-depth look at the evolution of Spain Collection’s first website into a more ambitious digital ecosystem, connecting strategy, design, and technology across Spain and Portugal.",layered-stack,3,3,2,2,3,5,3,보충 근거,낮음,보조 참고: 구조·간격만 검토하고 시각 스타일은 직접 전용하지 않음,Codrops 공개 API/본문 초록 관찰 기준; 전체 인터랙션을 재생했다고 주장하지 않음,sources-c-supplement
502,Codrops,tympanus.net,https://tympanus.net/codrops/2026/07/29/studio-freight-moving-missions-forward/,Studio Freight: Moving Missions Forward,"A look inside Studio Freight’s mission driven approach to strategy, design, and digital experiences, and the bold work they create with teams shaping what comes next.",excluded,1,1,1,1,1,3,1,배제,낮음,보조 참고: 구조·간격만 검토하고 시각 스타일은 직접 전용하지 않음,Codrops 공개 API/본문 초록 관찰 기준; 전체 인터랙션을 재생했다고 주장하지 않음,sources-c-supplement
503,Codrops,tympanus.net,https://tympanus.net/codrops/2026/04/16/the-art-of-complex-motion-corentin-bernadous-world-of-shaders-and-experimentation/,The Art of Complex Motion: Corentin Bernadou’s World of Shaders and Experimentation,"A story of how sharing experiments, studying shaders, and pushing animation further helped shape a distinct motion practice.",excluded,1,1,1,1,1,3,1,배제,낮음,"부분 채택: 3상태 순환·전환 타이밍 참고, 과도한 장식 모션은 배제",Codrops 공개 API/본문 초록 관찰 기준; 전체 인터랙션을 재생했다고 주장하지 않음,sources-c-supplement
504,Codrops,tympanus.net,https://tympanus.net/codrops/2026/07/24/the-art-of-continuous-transformation-how-garden-eight-blends-integrity-with-play/,The Art of Continuous Transformation: How Garden Eight Blends Integrity with Play,"Inside Garden Eight’s approach to creating websites that are not only visually striking, but thoughtfully crafted to evolve, engage, and endure.",excluded,1,1,1,1,1,3,1,배제,낮음,보조 참고: 구조·간격만 검토하고 시각 스타일은 직접 전용하지 않음,Codrops 공개 API/본문 초록 관찰 기준; 전체 인터랙션을 재생했다고 주장하지 않음,sources-c-supplement
505,Codrops,tympanus.net,https://tympanus.net/codrops/2026/07/20/the-craft-behind-memorable-digital-experiences-inside-unseen-studio/,The Craft Behind Memorable Digital Experiences: Inside Unseen Studio,"A look inside Unseen Studio’s approach to transforming abstract ideas, hidden stories, and complex concepts into experiences people can explore and remember.",excluded,1,1,1,1,1,3,1,배제,낮음,보조 참고: 구조·간격만 검토하고 시각 스타일은 직접 전용하지 않음,Codrops 공개 API/본문 초록 관찰 기준; 전체 인터랙션을 재생했다고 주장하지 않음,sources-c-supplement
506,Codrops,tympanus.net,https://tympanus.net/codrops/2026/04/10/the-exat-microsite-pushing-a-typography-showcase-to-new-creative-extremes/,The Exat Microsite: Pushing a Typography Showcase to New Creative Extremes,"A case study on how motion, interaction, and scroll-driven design turned the Exat microsite into an expressive showcase for contemporary type.",center-only,5,5,5,5,5,1,5,보충 근거,낮음,"부분 채택: 3상태 순환·전환 타이밍 참고, 과도한 장식 모션은 배제",Codrops 공개 API/본문 초록 관찰 기준; 전체 인터랙션을 재생했다고 주장하지 않음,sources-c-supplement
507,Codrops,tympanus.net,https://tympanus.net/codrops/2026/05/30/the-future-of-emotional-technology-comfort-websites-for-growth-and-self-awareness/,The Future of Emotional Technology: Comfort Websites for Growth and Self-Awareness,"Personalized digital spaces designed with care and emotional intention may offer a new way to support self-awareness, emotional growth, and the processing of difficult experiences in an increasingly AI-driven world.",excluded,1,1,1,1,1,3,1,배제,낮음,"부분 채택: 3상태 순환·전환 타이밍 참고, 과도한 장식 모션은 배제",Codrops 공개 API/본문 초록 관찰 기준; 전체 인터랙션을 재생했다고 주장하지 않음,sources-c-supplement
508,Codrops,tympanus.net,https://tympanus.net/codrops/2025/10/24/the-human-side-of-the-interface-abhishek-jhas-art-of-storytelling-through-design/,The Human Side of the Interface: Abhishek Jha’s Art of Storytelling Through Design,"From experimental portfolios to award-winning websites, Abhishek Jha shares how curiosity and emotion shape his creative process.",center-only,5,5,5,5,5,1,5,보충 근거,낮음,"부분 채택: 3상태 순환·전환 타이밍 참고, 과도한 장식 모션은 배제",Codrops 공개 API/본문 초록 관찰 기준; 전체 인터랙션을 재생했다고 주장하지 않음,sources-c-supplement
509,Codrops,tympanus.net,https://tympanus.net/codrops/2025/09/17/the-making-of-a-personal-project-platform-a-portfolio-that-grew-out-of-process-and-play/,The Making of a Personal Project Platform: A Portfolio that Grew out of Process and Play,Mike van der Sanden invites us backstage to see how his portfolio evolved into a living archive of projects and resources.,center-only,5,5,5,5,5,1,5,보충 근거,중간,보조 참고: 구조·간격만 검토하고 시각 스타일은 직접 전용하지 않음,Codrops 공개 API/본문 초록 관찰 기준; 전체 인터랙션을 재생했다고 주장하지 않음,sources-c-supplement
510,Codrops,tympanus.net,https://tympanus.net/codrops/2026/06/05/the-making-of-the-new-lesse-studio-website-clarity-performance-and-intentionality/,"The Making of the New Lesse Studio Website: Clarity, Performance, and Intentionality","What rebuilding the Lesse Studio website taught us about self-hosting, performance, and choosing tools with intention.",excluded,1,1,1,1,1,3,1,배제,낮음,보조 참고: 구조·간격만 검토하고 시각 스타일은 직접 전용하지 않음,Codrops 공개 API/본문 초록 관찰 기준; 전체 인터랙션을 재생했다고 주장하지 않음,sources-c-supplement
511,Codrops,tympanus.net,https://tympanus.net/codrops/2026/04/14/they-call-me-giulio-the-making-of-a-cinematic-cyberpunk-portfolio/,They Call Me Giulio: The Making of a Cinematic Cyberpunk Portfolio,"A deep dive into four cinematic scenes, exploring how film-inspired ideas evolved into a cohesive and immersive portfolio experience.",center-only,5,5,5,5,5,1,5,보충 근거,중간,보조 참고: 구조·간격만 검토하고 시각 스타일은 직접 전용하지 않음,Codrops 공개 API/본문 초록 관찰 기준; 전체 인터랙션을 재생했다고 주장하지 않음,sources-c-supplement
512,Codrops,tympanus.net,https://tympanus.net/codrops/2025/12/02/two-portfolios-one-process-where-design-motion-and-code-come-together/,"Two Portfolios, One Process: Where Design, Motion, and Code Come Together","An exploration of how design and development come together to transform ideas into motion, shaping two portfolio websites through animation and creative coding.",center-only,5,5,5,5,5,1,5,보충 근거,중간,"부분 채택: 3상태 순환·전환 타이밍 참고, 과도한 장식 모션은 배제",Codrops 공개 API/본문 초록 관찰 기준; 전체 인터랙션을 재생했다고 주장하지 않음,sources-c-supplement
513,Codrops,tympanus.net,https://tympanus.net/codrops/2025/01/20/vfx-js-webgl-effects-made-easy/,VFX-JS: WebGL Effects Made Easy,"This article introduces VFX-JS, a JavaScript library designed to make creating WebGL-powered visual effects easy and accessible.",layered-stack,3,3,2,2,3,5,3,보충 근거,중간,"채택: 단일 소실점, 후면-콘텐츠-전면 마스크 순서 검증에 사용",Codrops 공개 API/본문 초록 관찰 기준; 전체 인터랙션을 재생했다고 주장하지 않음,sources-c-supplement
514,Codrops,tympanus.net,https://tympanus.net/codrops/2025/03/31/webgpu-scanning-effect-with-depth-maps/,WebGPU Scanning Effect with Depth Maps,"An exploration of a scanning effect using depth maps, custom shaders, and WebGPU rendering.",layered-stack,3,3,2,2,3,5,3,보충 근거,중간,보조 참고: 구조·간격만 검토하고 시각 스타일은 직접 전용하지 않음,Codrops 공개 API/본문 초록 관찰 기준; 전체 인터랙션을 재생했다고 주장하지 않음,sources-c-supplement
515,Codrops,tympanus.net,https://tympanus.net/codrops/2025/10/22/weisdevice-crafting-a-glitched-out-world-between-2d-3d-and-sound/,"Weisdevice: Crafting a Glitched-Out World Between 2D, 3D, and Sound",Behind the scenes of a 2D-3D-audio experiment that turns creative chaos into digital art.,layered-stack,3,3,2,2,3,5,3,보충 근거,중간,"채택: 단일 소실점, 후면-콘텐츠-전면 마스크 순서 검증에 사용",Codrops 공개 API/본문 초록 관찰 기준; 전체 인터랙션을 재생했다고 주장하지 않음,sources-c-supplement
516,Codrops,tympanus.net,https://tympanus.net/codrops/2026/03/30/where-confidence-needs-no-decoration-the-malvah-studio-story/,Where Confidence Needs No Decoration: The Malvah.Studio Story,A look at how Malvah.Studio creates distinctive brand experiences for businesses looking beyond the ordinary.,excluded,1,1,1,1,1,3,1,배제,낮음,보조 참고: 구조·간격만 검토하고 시각 스타일은 직접 전용하지 않음,Codrops 공개 API/본문 초록 관찰 기준; 전체 인터랙션을 재생했다고 주장하지 않음,sources-c-supplement
517,Codrops,tympanus.net,https://tympanus.net/codrops/2026/04/02/where-engineering-meets-craft-edoardo-lunardis-obsession-with-the-details/,Where Engineering Meets Craft: Edoardo Lunardi’s Obsession with the Details,"How obsessing over craft, code quality, and the details nobody notices shaped a decade of creative frontend work.",excluded,1,1,1,1,1,3,1,배제,낮음,보조 참고: 구조·간격만 검토하고 시각 스타일은 직접 전용하지 않음,Codrops 공개 API/본문 초록 관찰 기준; 전체 인터랙션을 재생했다고 주장하지 않음,sources-c-supplement
518,Codrops,tympanus.net,https://tympanus.net/codrops/2026/05/27/whooshes-snaps-and-shaders-adrien-vanderpotte-and-the-feeling-of-the-interface/,"Whooshes, Snaps and Shaders: Adrien Vanderpotte and the Feeling of the Interface","An exploration of the meticulously messy hunt for a project’s digital signature: the singular, reactive behavior that makes a brand feel unforgettable.",excluded,1,1,1,1,1,3,1,배제,낮음,보조 참고: 구조·간격만 검토하고 시각 스타일은 직접 전용하지 않음,Codrops 공개 API/본문 초록 관찰 기준; 전체 인터랙션을 재생했다고 주장하지 않음,sources-c-supplement
