"source","url","title","published","observed_evidence","pattern","adopt_or_reject"
"Codrops","https://tympanus.net/codrops/2009/09/07/42-jquery-image-gallery-plugins/","42+ jQuery Image Gallery Plugins","2009-09-07","A list of 42 jQuery image galleries, sliders, plugins and tutorials built using jQuery","캐러셀","부분 채택: 3상태 순환·전환 타이밍 참고, 과도한 장식 모션은 배제"
"Codrops","https://tympanus.net/codrops/2010/07/26/music-portfolio-template/","Music Portfolio Template with HTML5 and jQuery","2010-07-26","Today we want to share a music portfolio template with you. The idea is to create an artist portfolio with a discography line up and HTML5 audio player jPlayer. The [&hellip;]","마스크·레이어 / 건축·에디토리얼","채택: 단일 소실점, 후면-콘텐츠-전면 마스크 순서 검증에 사용"
"Codrops","https://tympanus.net/codrops/2011/03/07/parallax-usage-in-web-design/","Showcase of Parallax Usage in Web Design","2011-03-07","The use of the parallax effect or parallax scrolling effect in websites can add a nice three dimensional depth illusion to the design and make the visit very interesting to [&hellip;]","모션","부분 채택: 3상태 순환·전환 타이밍 참고, 과도한 장식 모션은 배제"
"Codrops","https://tympanus.net/codrops/2011/08/16/circular-content-carousel/","Circular Content Carousel with jQuery","2011-08-16","Today we want to share a simple circular content carousel with you. The idea is to have some content boxes that we can slide infinitely (circular). When clicking on the &#8220;more&#8221; link, the respective item moves to the left and a content area will slide out. Now we can navigate through the carousel where each step will reveal the next or previous content box with its expanded content. Clicking on the closing cross will slide the expanded content area back in and animate the item to its original position.","마스크·레이어 / 캐러셀","채택: 단일 소실점, 후면-콘텐츠-전면 마스크 순서 검증에 사용"
"Codrops","https://tympanus.net/codrops/2011/09/12/elastislide-responsive-carousel/","Elastislide – A Responsive jQuery Carousel Plugin","2011-09-12","Elastislide is a responsive image carousel that will adapt fluidly in a layout. It is a jQuery plugin that can be laid out horizontally or vertically with a pre-defined minimum number of shown images.","캐러셀 / 건축·에디토리얼","부분 채택: 3상태 순환·전환 타이밍 참고, 과도한 장식 모션은 배제"
"Codrops","https://tympanus.net/codrops/2011/09/20/responsive-image-gallery/","Responsive Image Gallery with Thumbnail Carousel","2011-09-20","A tutorial on how to create a responsive image gallery with a thumbnail carousel using Elastislide. Inspired by Twitter’s &#8220;user gallery&#8221; and upon a request to show an integration of Elastislide, we want to implement a responsive gallery that adapts to the view-port width. The gallery will have a view switch that allows to view it with the thumbnail carousel or without. We’ll also add the possibility to navigate with the keyboard.","캐러셀","부분 채택: 3상태 순환·전환 타이밍 참고, 과도한 장식 모션은 배제"
"Codrops","https://tympanus.net/codrops/2012/01/05/examples-of-fresh-effects-in-web-design/","Examples of Fresh Effects in Web Design","2012-01-05","Having some fresh and maybe even unexpected effects on a website, can juice up the experience for the user. Be it a whole new and experimental way of navigating through the website or just a tiny surprising hover effect – fresh effects can spice up your design and bring some life to it.","상호작용 참고","보조 참고: 구조·간격만 검토하고 시각 스타일은 직접 전용하지 않음"
"Codrops","https://tympanus.net/codrops/2012/03/15/parallax-content-slider-with-css3-and-jquery/","Parallax Content Slider with CSS3 and jQuery","2012-03-15","A simple parallax content slider with different animations for each slider element and a background parallax effect.","캐러셀 / 모션","부분 채택: 3상태 순환·전환 타이밍 참고, 과도한 장식 모션은 배제"
"Codrops","https://tympanus.net/codrops/2012/03/24/more-examples-of-fresh-effects-in-web-design/","More Examples of Fresh Effects in Web Design","2012-03-24","Another set of websites that use some unconventional and fresh effects.","상호작용 참고","보조 참고: 구조·간격만 검토하고 시각 스타일은 직접 전용하지 않음"
"Codrops","https://tympanus.net/codrops/2012/04/30/fluid-css3-slideshow-with-parallax-effect/","Fluid CSS3 Slideshow with Parallax Effect","2012-04-30","In this tutorial we will create a slideshow with a parallax effect using several CSS3 properties. The idea is to move the background positions of two backgrounds while sliding the container of the slides.","캐러셀 / 모션","부분 채택: 3상태 순환·전환 타이밍 참고, 과도한 장식 모션은 배제"
"Codrops","https://tympanus.net/codrops/2012/07/27/examples-of-creative-and-modern-effects-in-web-design/","Examples of Creative and Modern Effects in Web Design","2012-07-27","From hover to scroll, there are many ways to surprise and engage website visitors. The possibilities are endless. Get inspired with these examples of creative and modern effects in web design.","모션","부분 채택: 3상태 순환·전환 타이밍 참고, 과도한 장식 모션은 배제"
"Codrops","https://tympanus.net/codrops/2012/10/18/creating-off-center-balance-using-asymmetry-in-web-design/","Creating Off-Center Balance: Using Asymmetry in Web Design","2012-10-18","Asymmetrical design techniques can be visually intriguing and create distinct focal points. Here are a couple of inspirational examples and tips on how to employ asymmetry in your next design.","상호작용 참고","보조 참고: 구조·간격만 검토하고 시각 스타일은 직접 전용하지 않음"
"Codrops","https://tympanus.net/codrops/2012/10/29/elastislide-revised/","Elastislide Revised","2012-10-29","Elastislide, the responsive image carousel, has been updated and improved. It can be used vertically or horizontally and a minimun number of visible images can be specified.","캐러셀","부분 채택: 3상태 순환·전환 타이밍 참고, 과도한 장식 모션은 배제"
"Codrops","https://tympanus.net/codrops/2013/03/21/a-great-ui-is-invisible/","A Great UI is Invisible","2013-03-21","A user interface that is invisible and that provides seamless interaction possibilities will help the user focus on their goals and direct them to what they need.","상호작용 참고","보조 참고: 구조·간격만 검토하고 시각 스타일은 직접 전용하지 않음"
"Codrops","https://tympanus.net/codrops/2014/05/22/inspiration-for-article-intro-effects/","Inspiration for Article Intro Effects","2014-05-22","Some inspiration for effects applied to title headers of articles with a fullscreen image. The idea is to show some creative transition when continuing to the article body.","모션","부분 채택: 3상태 순환·전환 타이밍 참고, 과도한 장식 모션은 배제"
"Codrops","https://tympanus.net/codrops/2014/06/26/draggable-dual-view-slideshow/","Draggable Dual-View Slideshow","2014-06-26","An experimental slideshow that is draggable and has two views: fullscreen and small carousel. In fullscreen view, a related content area can be viewed.","캐러셀","부분 채택: 3상태 순환·전환 타이밍 참고, 과도한 장식 모션은 배제"
"Codrops","https://tympanus.net/codrops/2014/12/23/sliding-header-layout/","Sliding Header Layout","2014-12-23","A tutorial on how to create a simple layout with a fullscreen header that slides up to reveal a content area with an image grid.","마스크·레이어 / 건축·에디토리얼","채택: 단일 소실점, 후면-콘텐츠-전면 마스크 순서 검증에 사용"
"Codrops","https://tympanus.net/codrops/2015/07/10/freebie-cardio-one-page-website-template/","Freebie: “Cardio” One Page Website Template","2015-07-10","A clean and modern one page website template built with Bootstrap. The responsive HTML template has a gym related theme but can be easily fitted to any kind of content.","상호작용 참고","보조 참고: 구조·간격만 검토하고 시각 스타일은 직접 전용하지 않음"
"Codrops","https://tympanus.net/codrops/2015/10/17/freebie-land-io-ui-kit-landing-page-template-html/","Freebie: &#8220;Land.io&#8221; UI Kit + Landing Page Template (HTML)","2015-10-17","Land.io is a carefully crafted landing page UI kit and landing page template built on Bootstrap 4, designed by Peter Finlan and developed by Taty Grassini.","상호작용 참고","보조 참고: 구조·간격만 검토하고 시각 스타일은 직접 전용하지 않음"
"Codrops","https://tympanus.net/codrops/2016/05/03/animated-heat-distortion-effects-webgl/","Animated Heat Distortion Effects with WebGL","2016-05-03","A tutorial on how to use fragment shaders in WebGL to create an animated heat haze distortion effect on images and text.","공간 깊이","채택: 단일 소실점, 후면-콘텐츠-전면 마스크 순서 검증에 사용"
"Codrops","https://tympanus.net/codrops/2016/09/21/background-segment-effect-with-css-clip/","Background Segment Effect","2016-09-21","A background image segment effect as seen on Filippo Bello’s Portfolio, employing the CSS clip-path property and powered by anime.js.","마스크·레이어 / 건축·에디토리얼","채택: 단일 소실점, 후면-콘텐츠-전면 마스크 순서 검증에 사용"
"Codrops","https://tympanus.net/codrops/2017/01/19/little-fragments-creating-a-simple-image-poster-effect/","Little Fragments: Creating a Simple Image Poster Effect","2017-01-19","A tutorial on how to create a simple image effect with little image fragments inspired by some poster art and powered by clip-path.","마스크·레이어","채택: 단일 소실점, 후면-콘텐츠-전면 마스크 순서 검증에 사용"
"Codrops","https://tympanus.net/codrops/2017/05/23/on-scroll-morphing-background-shapes/","On-Scroll Morphing Background Shapes","2017-05-23","A decorative website background effect where SVG shapes are morphing and transforming on scroll.","모션","부분 채택: 3상태 순환·전환 타이밍 참고, 과도한 장식 모션은 배제"
"Codrops","https://tympanus.net/codrops/2018/10/31/animated-grids-layout/","Animated Grid Previews","2018-10-31","A template where one can switch between little image previews that are scattered around the page. The images animate to a grid once an &#8220;explore&#8221; link is clicked.","상호작용 참고","보조 참고: 구조·간격만 검토하고 시각 스타일은 직접 전용하지 않음"
"Codrops","https://tympanus.net/codrops/2019/01/24/layer-motion-slideshow/","Layer Motion Slideshow","2019-01-24","A CSS Grid-based slideshow template with a layer motion effect on the main image and title.","마스크·레이어 / 캐러셀 / 모션","채택: 단일 소실점, 후면-콘텐츠-전면 마스크 순서 검증에 사용"
"Codrops","https://tympanus.net/codrops/2019/01/31/custom-cursor-effects/","Custom Cursor Effects","2019-01-31","A collection of five demos and a tutorial on how to create animated custom cursor effects for interactive elements like navigations, galleries and carousels.","캐러셀","부분 채택: 3상태 순환·전환 타이밍 참고, 과도한 장식 모션은 배제"
"Codrops","https://tympanus.net/codrops/2019/03/05/inspirational-websites-roundup-2/","Inspirational Websites Roundup #2","2019-03-05","The second compilation of inspiring website designs with some unique picks to get your creative juices flowing.","상호작용 참고","보조 참고: 구조·간격만 검토하고 시각 스타일은 직접 전용하지 않음"
"Codrops","https://tympanus.net/codrops/2019/08/15/awesome-demos-roundup-7/","Awesome Demos Roundup #7","2019-08-15","The seventh edition of our monthly demos roundup that will get your creative coding juices flowing.","상호작용 참고","보조 참고: 구조·간격만 검토하고 시각 스타일은 직접 전용하지 않음"
"Codrops","https://tympanus.net/codrops/2019/08/20/react-slider-with-parallax-hover-effects/","React Slider with Parallax Hover Effects","2019-08-20","Walk through the build of a React slider and learn how to implement a parallax hover effect.","캐러셀 / 모션","부분 채택: 3상태 순환·전환 타이밍 참고, 과도한 장식 모션은 배제"
"Codrops","https://tympanus.net/codrops/2019/10/16/case-study-chang-liu-portfolio-v4/","Case Study: Chang Liu Portfolio V4","2019-10-16","Get insight on how to add 3D to a website using Three.js and make a wavy distortion effect in this case study of Chang Liu’s new portfolio.","공간 깊이 / 건축·에디토리얼","채택: 단일 소실점, 후면-콘텐츠-전면 마스크 순서 검증에 사용"
"Codrops","https://tympanus.net/codrops/2019/12/16/scroll-refraction-and-shader-effects-in-three-js-and-react/","Scroll, Refraction and Shader Effects in Three.js and React","2019-12-16","Discover how to use react-three-fiber and combine some common techniques to create a Three.js powered layout with shader effects.","공간 깊이 / 모션 / 건축·에디토리얼","채택: 단일 소실점, 후면-콘텐츠-전면 마스크 순서 검증에 사용"
"Codrops","https://tympanus.net/codrops/2020/02/05/crafting-a-cutout-collage-layout-with-css-grid-and-clip-path/","Crafting a Cutout Collage Layout with CSS Grid and Clip-path","2020-02-05","Learn how to code up an interesting design with a cutout image look using CSS Grid and clip-path.","마스크·레이어 / 건축·에디토리얼","채택: 단일 소실점, 후면-콘텐츠-전면 마스크 순서 검증에 사용"
"Codrops","https://tympanus.net/codrops/2020/03/02/ui-interactions-animations-roundup-4/","UI Interactions &#038; Animations Roundup #4","2020-03-02","A fresh dose of inspiration to get you updated on the latest UI animation and interaction trends.","모션","부분 채택: 3상태 순환·전환 타이밍 참고, 과도한 장식 모션은 배제"
"Codrops","https://tympanus.net/codrops/2020/08/05/magnetic-buttons/","Magnetic Buttons","2020-08-05","A small set of magnetic buttons with some fun hover animations.","모션","부분 채택: 3상태 순환·전환 타이밍 참고, 과도한 장식 모션은 배제"
"Codrops","https://tympanus.net/codrops/2020/08/27/design-dev-review-a-new-place-to-find-free-high-quality-design-resources/","Design.dev: A New Place to Find Free High-Quality Design Resources","2020-08-27","The hip new design resource site Design.dev will provide you with unique resources and premium designs that you won’t find anywhere else.","상호작용 참고","보조 참고: 구조·간격만 검토하고 시각 스타일은 직접 전용하지 않음"
"Codrops","https://tympanus.net/codrops/2020/09/22/ui-interactions-animations-roundup-10/","UI Interactions &#038; Animations Roundup #10","2020-09-22","Check out the latest trends in web motion design, UI interaction and animations and get inspired.","모션","부분 채택: 3상태 순환·전환 타이밍 참고, 과도한 장식 모션은 배제"
"Codrops","https://tympanus.net/codrops/2020/10/22/ui-interactions-animations-roundup-11/","UI Interactions &#038; Animations Roundup #11","2020-10-22","A new hand-picked collection of great web motion design concepts, UI interactions and animations.","모션","부분 채택: 3상태 순환·전환 타이밍 참고, 과도한 장식 모션은 배제"
"Codrops","https://tympanus.net/codrops/2020/11/30/11-massive-cyber-monday-2020-deals-with-up-to-94-off/","11 Massive Cyber Monday 2020 Deals With Up to 94% Off","2020-11-30","Find out where you can get exclusive Cyber Monday deals for web professionals with great discounts.","상호작용 참고","보조 참고: 구조·간격만 검토하고 시각 스타일은 직접 전용하지 않음"
"Codrops","https://tympanus.net/codrops/2020/12/01/crafting-a-scrollable-and-draggable-parallax-slider/","Crafting a Scrollable and Draggable Parallax Slider","2020-12-01","A tutorial on how to build a slider with an interesting parallax effect that you can either scroll or drag through.","캐러셀 / 모션","부분 채택: 3상태 순환·전환 타이밍 참고, 과도한 장식 모션은 배제"
"Codrops","https://tympanus.net/codrops/2020/12/08/horizontal-smooth-scroll-layouts/","Horizontal Smooth Scroll Layouts","2020-12-08","Some ideas for horizontal smooth scrolling layouts powered by Locomotive Scroll.","모션 / 건축·에디토리얼","부분 채택: 3상태 순환·전환 타이밍 참고, 과도한 장식 모션은 배제"
"Codrops","https://tympanus.net/codrops/2021/02/05/ui-interactions-animations-roundup-14/","UI Interactions &#038; Animations Roundup #14","2021-02-05","Some selected animation shots that explore experimental and modern ideas for interactions on the web.","모션","부분 채택: 3상태 순환·전환 타이밍 참고, 과도한 장식 모션은 배제"
"Codrops","https://tympanus.net/codrops/2021/05/18/ui-interactions-animations-roundup-16/","UI Interactions &#038; Animations Roundup #16","2021-05-18","Get inspired with this special pick of the best UI animation and interaction shots from the past couple of weeks.","모션","부분 채택: 3상태 순환·전환 타이밍 참고, 과도한 장식 모션은 배제"
"Codrops","https://tympanus.net/codrops/2021/06/23/inline-to-menu-link-animation/","Inline to Menu Link Animation","2021-06-23","An experimental inline-to-menu-link animation based on a concept by Matthew Hall.","모션","부분 채택: 3상태 순환·전환 타이밍 참고, 과도한 장식 모션은 배제"
"Codrops","https://tympanus.net/codrops/2021/08/02/magical-marbles-in-three-js/","Magical Marbles in Three.js","2021-08-02","Adding volumetric effects to a built-in Three.js shader.","공간 깊이","채택: 단일 소실점, 후면-콘텐츠-전면 마스크 순서 검증에 사용"
"Codrops","https://tympanus.net/codrops/2021/08/16/abstract-image-carousel-ogl-glsl-gsap/","Create an Abstract Image Slideshow with OGL, GLSL, and GSAP","2021-08-16","Learn how to create a WebGL-powered image slideshow animated using a single value.","공간 깊이 / 캐러셀","채택: 단일 소실점, 후면-콘텐츠-전면 마스크 순서 검증에 사용"
"Codrops","https://tympanus.net/codrops/2021/08/17/how-be-and-the-muffin-builder-will-reinvent-the-way-you-build-websites/","How Be and the Muffin Builder will reinvent the way you build websites","2021-08-17","One of the fastest and most intuitive page builders is an integral part of BeTheme’s’ all-in-one WordPress toolkit. Learn more about how the Muffin Live Builder can transform the way you work.","상호작용 참고","보조 참고: 구조·간격만 검토하고 시각 스타일은 직접 전용하지 않음"
"Codrops","https://tympanus.net/codrops/2022/01/05/crafting-scroll-based-animations-in-three-js/","Crafting Scroll Based Animations in Three.js","2022-01-05","Learn how to create a scroll based animation in WebGL with Three.js.","공간 깊이 / 모션","채택: 단일 소실점, 후면-콘텐츠-전면 마스크 순서 검증에 사용"
"Codrops","https://tympanus.net/codrops/2022/03/05/ui-interactions-animations-roundup-22/","UI Interactions &#038; Animations Roundup #22","2022-03-05","The latest motion design concepts and web animation inspiration from the past couple of weeks.","모션","부분 채택: 3상태 순환·전환 타이밍 참고, 과도한 장식 모션은 배제"
"Codrops","https://tympanus.net/codrops/2022/03/08/15-awesome-tools-and-resources-for-designers-and-agencies-in-2022/","15 Awesome Tools and Resources for Designers and Agencies in 2022","2022-03-08","15 top tools and resources for designers and agencies you can put to use to enrich your 2022 web design projects.","상호작용 참고","보조 참고: 구조·간격만 검토하고 시각 스타일은 직접 전용하지 않음"
"Codrops","https://tympanus.net/codrops/2022/04/22/ui-interactions-animations-roundup-23/","UI Interactions &#038; Animations Roundup #23","2022-04-22","A fresh set of selected motion design shots for your inspiration.","모션","부분 채택: 3상태 순환·전환 타이밍 참고, 과도한 장식 모션은 배제"
"Codrops","https://tympanus.net/codrops/2022/04/26/8-multipurpose-wordpress-themes-to-use-in-2022/","8 Multipurpose WordPress Themes to Use in 2022","2022-04-26","A selection of the most popular and flexible multipurpose WordPress themes for building almost any type of website.","상호작용 참고","보조 참고: 구조·간격만 검토하고 시각 스타일은 직접 전용하지 않음"
"Codrops","https://tympanus.net/codrops/2022/05/23/creating-an-infinite-distorted-slider-with-pixijs-and-bezier-curves/","Creating an Infinite Distorted Slider with PixiJS and Bézier Curves","2022-05-23","A coding session where you’ll learn how to recreate the infinite distorted slider from Yuto Takahashi’s website using PixiJS.","캐러셀","부분 채택: 3상태 순환·전환 타이밍 참고, 과도한 장식 모션은 배제"
"Codrops","https://tympanus.net/codrops/2022/06/01/coding-an-infinite-slider-using-texture-recursion-with-three-js/","Coding an Infinite Slider using Texture Recursion with Three.js","2022-06-01","A coding session where you’ll learn how to recreate the infinite image slider seen on tismes.com using Three.js.","공간 깊이 / 캐러셀","채택: 단일 소실점, 후면-콘텐츠-전면 마스크 순서 검증에 사용"
"Codrops","https://tympanus.net/codrops/2022/08/03/large-image-to-content-page-transition/","Large Image to Content Page Transition","2022-08-03","A simple scroll effect and page transition inspired by Vitalii Burhonskyi’s Dribbble shot.","모션","부분 채택: 3상태 순환·전환 타이밍 참고, 과도한 장식 모션은 배제"
"Codrops","https://tympanus.net/codrops/2022/08/16/awesome-demos-roundup-21/","Awesome Demos Roundup #21","2022-08-16","A fresh roundup of the most interesting code experiments from the past couple of weeks.","상호작용 참고","보조 참고: 구조·간격만 검토하고 시각 스타일은 직접 전용하지 않음"
"Codrops","https://tympanus.net/codrops/2022/09/06/best-10-woocommerce-themes-to-consider-in-2022/","Best 10 WooCommerce Themes to Consider in 2022","2022-09-06","A hand-picked selection of the best WooCommerce themes to get your online store up and running quickly.","상호작용 참고","보조 참고: 구조·간격만 검토하고 시각 스타일은 직접 전용하지 않음"
"Codrops","https://tympanus.net/codrops/2022/10/03/effortless-javascript-image-editing-with-pintura/","Effortless JavaScript Image Editing With Pintura","2022-10-03","Learn how you can use Pintura, the robust JS image editor, to crop, resize, rotate, apply filters, or fine-tune your images.","상호작용 참고","보조 참고: 구조·간격만 검토하고 시각 스타일은 직접 전용하지 않음"
"Codrops","https://tympanus.net/codrops/2022/11/15/how-to-design-the-ideal-hero-image-for-your-online-portfolio/","How to Design the Ideal Hero Image for Your Online Portfolio","2022-11-15","Making a good impression with your portfolio site starts with your hero image. In this post, we’ll take a look at 6 areas where you can create a hero image that can make your design.","건축·에디토리얼","보조 참고: 구조·간격만 검토하고 시각 스타일은 직접 전용하지 않음"
"Codrops","https://tympanus.net/codrops/2022/11/26/awesome-demos-roundup-22/","Awesome Demos Roundup #22","2022-11-26","The latest collection of the most creative and inspiring demos and code experiments from around the web.","상호작용 참고","보조 참고: 구조·간격만 검토하고 시각 스타일은 직접 전용하지 않음"
"Codrops","https://tympanus.net/codrops/2022/11/28/today-only-8-best-cyber-monday-2022-deals-for-designers-and-agencies/","Today only! 8 Best Cyber Monday 2022 Deals for Designers and Agencies","2022-11-28","A collection of attractive Cyber Monday deals that can help you and your business.","상호작용 참고","보조 참고: 구조·간격만 검토하고 시각 스타일은 직접 전용하지 않음"
"Codrops","https://tympanus.net/codrops/2023/01/10/best-10-wordpress-themes-to-consider-in-2023/","Best 10+ WordPress Themes to Consider in 2023","2023-01-10","This article features 12 of the best WordPress themes for 2023 that are designed to beautifully present content, engage visitors, and boost your brand’s online presence.","상호작용 참고","보조 참고: 구조·간격만 검토하고 시각 스타일은 직접 전용하지 않음"
"Codrops","https://tympanus.net/codrops/2023/01/17/9-best-wordpress-plugins-for-2023/","9 Best WordPress Plugins for 2023","2023-01-17","A collection of great WordPress plugins to boost your business in 2023.","상호작용 참고","보조 참고: 구조·간격만 검토하고 시각 스타일은 직접 전용하지 않음"
"Codrops","https://tympanus.net/codrops/2023/01/24/10-best-tools-resources-for-web-designers-in-2023/","10+ Best Tools & Resources for Web Designers in 2023","2023-01-24","This article highlights the top tools and resources for web designers in 2023 to help improve productivity.","상호작용 참고","보조 참고: 구조·간격만 검토하고 시각 스타일은 직접 전용하지 않음"
"Codrops","https://tympanus.net/codrops/2023/02/21/prebuilt-websites-woocommerce-stores/","12 Best Prebuilt Websites for WooCommerce and Retail","2023-02-21","BeTheme has everything you need to build a high-performing shop for your ecommerce or retail business. Check out 12 of the best prebuilt ecommerce websites that come with BeTheme.","상호작용 참고","보조 참고: 구조·간격만 검토하고 시각 스타일은 직접 전용하지 않음"
"Codrops","https://tympanus.net/codrops/2023/03/07/best-themes-woocoomerce-2023/","11 Best WooCommerce Themes for 2023","2023-03-07","Discover the best WooCommerce themes to help create an intuitive and seamless on-brand buying experience for your visitors.","상호작용 참고","보조 참고: 구조·간격만 검토하고 시각 스타일은 직접 전용하지 않음"
"Codrops","https://tympanus.net/codrops/2023/03/16/awesome-demos-roundup-24/","Awesome Demos Roundup #24","2023-03-16","A collection of creative code experiments from the past couple of weeks.","상호작용 참고","보조 참고: 구조·간격만 검토하고 시각 스타일은 직접 전용하지 않음"
"Codrops","https://tympanus.net/codrops/2023/03/22/cyberpunk-inspired-three-js-scene-with-javascript-and-blender/","Cyberpunk inspired Three.js Scene with JavaScript and Blender","2023-03-22","Learn how to code a vibrant Cyberpunk scene using Three.js, complete with post-processing and dynamic lighting, no shader expertise needed!","공간 깊이","채택: 단일 소실점, 후면-콘텐츠-전면 마스크 순서 검증에 사용"
"Codrops","https://tympanus.net/codrops/2023/03/30/mastering-theatre-js-animations-learn-to-create-dynamic-visuals/","Mastering Theatre.js Animations: Learn to Create Dynamic Visuals","2023-03-30","Learn how to code stunning animations with Theatre.js in this beginner-friendly tutorial.","모션","부분 채택: 3상태 순환·전환 타이밍 참고, 과도한 장식 모션은 배제"
"Codrops","https://tympanus.net/codrops/2023/04/24/5-javascript-ui-components-to-never-ask-how-do-i-build-that-again/","5 JavaScript UI Components to Never Ask “How Do I Build That” Again","2023-04-24","Discover how Progress Kendo UI, a commercial-grade UI library featuring data grids, charts, schedulers, date pickers, and rich content editors, streamlines UI development and saves time for web developers.","상호작용 참고","보조 참고: 구조·간격만 검토하고 시각 스타일은 직접 전용하지 않음"
"Codrops","https://tympanus.net/codrops/2023/04/25/case-study-studiogusto/","Case Study: Studiogusto","2023-04-25","Get a glimpse of the creative and innovative techniques used by Studiogusto, a dynamic agency, in designing their new website to better reflect their values and showcase their expertise.","상호작용 참고","보조 참고: 구조·간격만 검토하고 시각 스타일은 직접 전용하지 않음"
"Codrops","https://tympanus.net/codrops/2023/04/27/building-a-webgl-carousel-with-react-three-fiber-and-gsap/","Building a WebGL Carousel with React Three Fiber and GSAP","2023-04-27","Learn how to create an interactive 3D carousel using WebGL, React Three Fiber, and GSAP with this step-by-step tutorial.","공간 깊이 / 캐러셀","채택: 단일 소실점, 후면-콘텐츠-전면 마스크 순서 검증에 사용"
"Codrops","https://tympanus.net/codrops/2023/05/04/ideas-for-grid-to-slideshow-switch-animations/","Ideas for Grid to Slideshow Switch Animations","2023-05-04","Some ideas and inspiration for layout animations where we go from an irregular grid to a slideshow or alternative view.","캐러셀 / 모션 / 건축·에디토리얼","부분 채택: 3상태 순환·전환 타이밍 참고, 과도한 장식 모션은 배제"
"Codrops","https://tympanus.net/codrops/2023/06/16/4-exclusive-demos-slideshows-typographic-animations/","4 Exclusive Demos: Slideshows &#038; Typographic Animations","2023-06-16","Four distinct demos, from image slideshows to on-scroll typography and hover effects.","캐러셀 / 모션","부분 채택: 3상태 순환·전환 타이밍 참고, 과도한 장식 모션은 배제"
"Codrops","https://tympanus.net/codrops/2023/09/18/5-essential-kendo-ui-for-angular-components-you-need-to-know/","5 Essential Kendo UI for Angular Components You Need to Know","2023-09-18","The Kendo UI for Angular components library contains over 120 native components, including controls, navigation, layout tools, and complex data grids. Top five Kendo UI components users love for avoiding learning and development time.","건축·에디토리얼","보조 참고: 구조·간격만 검토하고 시각 스타일은 직접 전용하지 않음"
"Codrops","https://tympanus.net/codrops/2023/11/21/10-best-black-friday-2023-deals-for-designers-agencies/","10 Best Black Friday 2023 Deals for Designers & Agencies","2023-11-21","Unlock incredible Black Friday deals for web designers and design agencies without braving the crowds—discover exclusive online offers to enhance your business and design endeavors.","상호작용 참고","보조 참고: 구조·간격만 검토하고 시각 스타일은 직접 전용하지 않음"
"Codrops","https://tympanus.net/codrops/2023/11/24/ui-interactions-animations-roundup-38/","UI Interactions &#038; Animations Roundup #38","2023-11-24","Explore the latest highlights from the dynamic world of UI animations and interactive designs on Dribbble, crafted by skillful designers.","모션","부분 채택: 3상태 순환·전환 타이밍 참고, 과도한 장식 모션은 배제"
"Codrops","https://tympanus.net/codrops/2023/12/04/frontend-rewind-2023-day-04/","Frontend Rewind 2023 – Day 04","2023-12-04","Step into Day 4 of &#8220;Frontend Rewind 2023&#8221;! Continue the journey through the trends and highlights shaping frontend in 2023.","상호작용 참고","보조 참고: 구조·간격만 검토하고 시각 스타일은 직접 전용하지 않음"
"Codrops","https://tympanus.net/codrops/2023/12/15/frontend-rewind-2023-day-15/","Frontend Rewind 2023 – Day 15","2023-12-15","Day 15 of our special calendar awaits with more frontend links from 2023.","상호작용 참고","보조 참고: 구조·간격만 검토하고 시각 스타일은 직접 전용하지 않음"
"Codrops","https://tympanus.net/codrops/2023/12/21/frontend-rewind-2023-day-21/","Frontend Rewind 2023 – Day 21","2023-12-21","Day 21 of “Frontend Rewind 2023” awaits! Explore another day of revisiting the standout highlights of 2023.","상호작용 참고","보조 참고: 구조·간격만 검토하고 시각 스타일은 직접 전용하지 않음"
"Codrops","https://tympanus.net/codrops/2023/12/24/frontend-rewind-2023-day-24/","Frontend Rewind 2023 – Day 24","2023-12-24","Day 24 marks the grand finale of our festive calendar! Join us for a last day of frontend highlights of 2023.","상호작용 참고","보조 참고: 구조·간격만 검토하고 시각 스타일은 직접 전용하지 않음"
"Codrops","https://tympanus.net/codrops/2024/01/09/best-wordpress-themes-2024/","10 Best WordPress Themes for 2024","2024-01-09","Choosing the right WordPress theme is crucial for crafting an attractive and efficient website in 2024, and with these top picks, you can easily find the perfect fit for your needs.","상호작용 참고","보조 참고: 구조·간격만 검토하고 시각 스타일은 직접 전용하지 않음"
"Codrops","https://tympanus.net/codrops/2024/01/16/top-wordpress-plugins-2024/","8 Top Free & Premium WordPress Plugins for 2024","2024-01-16","From Amelia to Web Stories, these top WordPress plugins serve an impressive range of popular design features and functions.","상호작용 참고","보조 참고: 구조·간격만 검토하고 시각 스타일은 직접 전용하지 않음"
"Codrops","https://tympanus.net/codrops/2024/01/17/a-practical-introduction-to-scroll-driven-animations-with-css-scroll-and-view/","A Practical Introduction to Scroll-Driven Animations with CSS scroll() and view()","2024-01-17","With just CSS you can add scroll animations that toggle shadows on navbars, reveal images, add scrollytelling, link up carousel elements and much more.","마스크·레이어 / 캐러셀 / 모션","채택: 단일 소실점, 후면-콘텐츠-전면 마스크 순서 검증에 사용"
"Codrops","https://tympanus.net/codrops/2024/01/24/experimental-css-only-carousels-with-scroll-driven-animations/","Experimental CSS-Only Carousels with Scroll-Driven Animations","2024-01-24","Three carousel experiments made with CSS scroll-driven animations, based on Francesco Zagami’s designs.","캐러셀 / 모션","부분 채택: 3상태 순환·전환 타이밍 참고, 과도한 장식 모션은 배제"
"Codrops","https://tympanus.net/codrops/2024/01/27/inspirational-websites-roundup-55/","Inspirational Websites Roundup #55","2024-01-27","Check out our first batch of exceptionally good website designs in 2024.","상호작용 참고","보조 참고: 구조·간격만 검토하고 시각 스타일은 직접 전용하지 않음"
"Codrops","https://tympanus.net/codrops/2024/02/13/web-design-resources/","15 Best Web Design Resources & Tools for 2024 (Free & Premium)","2024-02-13","Discover the best free &#038; premium web design tools and resources to use in 2024, including Brizy, Trafft, Get Illustrations, and more.","상호작용 참고","보조 참고: 구조·간격만 검토하고 시각 스타일은 직접 전용하지 않음"
"Codrops","https://tympanus.net/codrops/2024/03/21/case-study-design-embraced-portfolio-2024/","Case Study: Design Embraced Portfolio – 2024","2024-03-21","A look behind the code and collaboration of the new portfolio for Anthony Goodwin at Design Embraced.","건축·에디토리얼","보조 참고: 구조·간격만 검토하고 시각 스타일은 직접 전용하지 않음"
"Codrops","https://tympanus.net/codrops/2024/03/22/ui-interactions-animations-roundup-41/","UI Interactions &#038; Animations Roundup #41","2024-03-22","Discover a new collection of user interface animations and interactive designs to spark your creativity.","모션","부분 채택: 3상태 순환·전환 타이밍 참고, 과도한 장식 모션은 배제"
"Codrops","https://tympanus.net/codrops/2024/04/08/case-study-84-24/","Case Study: 84—24","2024-04-08","A look into the making of 84—24. The tale of restoring an ’80s timeless classic.","상호작용 참고","보조 참고: 구조·간격만 검토하고 시각 스타일은 직접 전용하지 않음"
"Codrops","https://tympanus.net/codrops/2024/04/24/case-study-gabriel-contassots-portfolio-2024/","Case Study: Gabriel Contassot’s Portfolio — 2024","2024-04-24","A look into the making of Gabriel’s 2024 portfolio website, complementing minimal design choices with subtle animations.","모션 / 건축·에디토리얼","부분 채택: 3상태 순환·전환 타이밍 참고, 과도한 장식 모션은 배제"
"Codrops","https://tympanus.net/codrops/2024/05/13/design-finds-creative-slideshows/","Design Finds: Creative Slideshows","2024-05-13","A small collection of creative slideshow designs and animations.","캐러셀 / 모션","부분 채택: 3상태 순환·전환 타이밍 참고, 과도한 장식 모션은 배제"
"Codrops","https://tympanus.net/codrops/2024/06/04/case-study-oscar-pico-portfolio-2024/","Case Study: Oscar Pico Portfolio — 2024","2024-06-04","An exploration of the collaborative creative process between Oscar Pico and Nam Hai during the design and development phases.","건축·에디토리얼","보조 참고: 구조·간격만 검토하고 시각 스타일은 직접 전용하지 않음"
"Codrops","https://tympanus.net/codrops/2024/06/06/ui-interactions-animations-roundup-44/","UI Interactions &#038; Animations Roundup #44","2024-06-06","Check out our latest motion design collection, featuring the best selections from Dribbble to spark your creativity.","모션","부분 채택: 3상태 순환·전환 타이밍 참고, 과도한 장식 모션은 배제"
"Codrops","https://tympanus.net/codrops/2024/07/03/ui-interactions-animations-roundup-45/","UI Interactions &#038; Animations Roundup #45","2024-07-03","A fresh selection of motion design and animation inspiration from Dribbble.","모션","부분 채택: 3상태 순환·전환 타이밍 참고, 과도한 장식 모션은 배제"
"Codrops","https://tympanus.net/codrops/2024/07/23/on-ne-change-pas-the-creative-work-process-behind-a-stunning-ui-animation/","On Ne Change Pas: The Creative Work Process Behind a Stunning UI Animation","2024-07-23","In this article, we take you behind the scenes to explore the creation process of an intriguing animation.","모션","부분 채택: 3상태 순환·전환 타이밍 참고, 과도한 장식 모션은 배제"
"Codrops","https://tympanus.net/codrops/2024/07/26/case-study-rogier-de-boeve-portfolio-2024/","Case Study: Rogier de Boevé Portfolio — 2024","2024-07-26","Insights into the creative process and technical details behind the portfolio of Rogier de Boevé, a Belgium-based creative developer and digital designer.","건축·에디토리얼","보조 참고: 구조·간격만 검토하고 시각 스타일은 직접 전용하지 않음"
"Codrops","https://tympanus.net/codrops/2024/08/20/server-first-web-components-with-dsd-htmx-and-islands/","Server-first Web Components with DSD, HTMX, and Islands","2024-08-20","A simple yet powerful approach to Web Component server-rendering, declarative behaviors, and JavaScript islands.","상호작용 참고","보조 참고: 구조·간격만 검토하고 시각 스타일은 직접 전용하지 않음"
"Codrops","https://tympanus.net/codrops/2024/08/29/case-study-armur-alexandra-murgu-portfolio/","Case Study: Armur—Alexandra Murgu Portfolio","2024-08-29","Behind the scenes of one of Artemii Lebedev’s projects: Armur, a portfolio website for the film industry, created for Alexandra Murgu.","건축·에디토리얼","보조 참고: 구조·간격만 검토하고 시각 스타일은 직접 전용하지 않음"
"Codrops","https://tympanus.net/codrops/2024/09/16/designer-spotlight-andrea-jelic/","Designer Spotlight: Andrea Jelić","2024-09-16","In this Designer Spotlight, we feature Andrea Jelić, an award-winning web designer and art director from Croatia, as she shares insights into her creative process and showcases her standout web and branding projects.","상호작용 참고","보조 참고: 구조·간격만 검토하고 시각 스타일은 직접 전용하지 않음"
"Codrops","https://tympanus.net/codrops/2024/09/25/habit-hustle-the-creative-process-behind-a-ui-animation/","Habit Hustle: The Creative Process Behind a UI Animation","2024-09-25","In this article, we take you behind the scenes to explore the creation process of an intriguing animation inspired by gemstone visuals.","모션","부분 채택: 3상태 순환·전환 타이밍 참고, 과도한 장식 모션은 배제"
"Codrops","https://tympanus.net/codrops/2024/10/15/a-visual-deconstruction-of-the-paffi-totem-slider/","A Visual Deconstruction of the Paffi Totem Slider","2024-10-15","An in-depth look at the design of the Paffi Totem Slider, exploring how soft gradients, subtle lighting, and playful motion work together to create a unique and dynamic look.","캐러셀 / 모션","부분 채택: 3상태 순환·전환 타이밍 참고, 과도한 장식 모션은 배제"
"Codrops","https://tympanus.net/codrops/2024/10/17/case-study-dutens-2024-website/","Case Study: Duten’s 2024 Website","2024-10-17","Explore the dynamic collaboration between designer Sébastien Salord and the talented team at Incredibles Development Studio as they join forces to take Duten’s digital presence to the next level.","상호작용 참고","보조 참고: 구조·간격만 검토하고 시각 스타일은 직접 전용하지 않음"
"Codrops","https://tympanus.net/codrops/2024/10/21/getting-started-with-piecesjs-building-native-web-components-with-a-lightweight-framework/","Getting Started with Piecesjs: Building Native Web Components with a Lightweight Framework","2024-10-21","Piecesjs is a lightweight JavaScript framework built upon native web components, offering a suite of tools and utilities tailored for creative websites.","상호작용 참고","보조 참고: 구조·간격만 검토하고 시각 스타일은 직접 전용하지 않음"
"Codrops","https://tympanus.net/codrops/2024/10/22/case-study-monolith-studio/","Case Study: Monolith Studio","2024-10-22","Go behind the scenes of Monolith Studio’s bold website, created in collaboration with Artemii Lebedev, Okan Uckun, and Oscar Akermo, to discover how they brought a modern Brooklyn tattoo studio to life online.","상호작용 참고","보조 참고: 구조·간격만 검토하고 시각 스타일은 직접 전용하지 않음"
"Codrops","https://tympanus.net/codrops/2024/10/25/designer-spotlight-maria-rakovic/","Designer Spotlight: Maria Rakovic","2024-10-25","Explore the creative journey of Maria Rakovic, an architect-turned-web designer, blending architectural precision with digital artistry in web design and branding.","상호작용 참고","보조 참고: 구조·간격만 검토하고 시각 스타일은 직접 전용하지 않음"
"Codrops","https://tympanus.net/codrops/2024/10/28/ui-interactions-animations-roundup-47/","UI Interactions & Animations Roundup #47","2024-10-28","A set of interesting and inspiring animations and motion design concepts from the past couple of weeks.","모션","부분 채택: 3상태 순환·전환 타이밍 참고, 과도한 장식 모션은 배제"
"Codrops","https://tympanus.net/codrops/2024/10/31/how-to-code-a-subtle-shader-background-effect-with-react-three-fiber/","How to Code a Subtle Shader Background Effect with React Three Fiber","2024-10-31","Learn how to create an interactive shader background effect using React Three Fiber and Drei in four simple steps.","상호작용 참고","보조 참고: 구조·간격만 검토하고 시각 스타일은 직접 전용하지 않음"
"Codrops","https://tympanus.net/codrops/2024/11/15/developing-moxey-a-behind-the-scenes-look-at-the-process/","Developing Moxey: A Behind-the-Scenes Look at the Process","2024-11-15","In this article, we take you behind the scenes to explore the creative development process of the website for Moxey.no, a film production company based in Stavanger, Norway.","상호작용 참고","보조 참고: 구조·간격만 검토하고 시각 스타일은 직접 전용하지 않음"
"Codrops","https://tympanus.net/codrops/2024/11/19/case-study-chaingpt-labs/","Case Study: ChainGPT Labs","2024-11-19","A look behind the ChainGPT Labs, ChainGPT’s new venture capital and incubator for the next generation of web3 startups. Designed by Sigma Software Design team, and compiled into an insight-packed case study by Sigma’s designer, Ilya Kostin.","상호작용 참고","보조 참고: 구조·간격만 검토하고 시각 스타일은 직접 전용하지 않음"
"Codrops","https://tympanus.net/codrops/2024/11/25/10-best-2024-black-friday-deals-for-designers-and-agencies/","10 Best 2024 Black Friday Deals for Designers and Agencies","2024-11-25","Don’t miss your chance to save big with any of 2024’s Top 10 Black Friday Deals for Designers and Agencies. These exclusive offers are available for a limited time only!","상호작용 참고","보조 참고: 구조·간격만 검토하고 시각 스타일은 직접 전용하지 않음"
"Codrops","https://tympanus.net/codrops/2024/12/06/designer-spotlight-andrea-binski/","Designer Spotlight: Andrea Binski","2024-12-06","Meet Andrea Binski, co-founder and art director of UNIKO™, an award-winning design studio specializing in innovative branding and web design.","상호작용 참고","보조 참고: 구조·간격만 검토하고 시각 스타일은 직접 전용하지 않음"
"Codrops","https://tympanus.net/codrops/2024/12/19/crafting-a-dreamy-particle-effect-with-three-js-and-gpgpu/","Crafting a Dreamy Particle Effect with Three.js and GPGPU","2024-12-19","Learn how to create an interactive particle effect using Three.js, GPGPU, and shaders.","공간 깊이","채택: 단일 소실점, 후면-콘텐츠-전면 마스크 순서 검증에 사용"
"Codrops","https://tympanus.net/codrops/2025/01/06/best-wordpress-themes-2025/","5+ Best WordPress Themes for 2025","2025-01-06","Discover the top WordPress themes for 2025, crafted for developers and designers seeking performance, flexibility, and next-level design innovation.","상호작용 참고","보조 참고: 구조·간격만 검토하고 시각 스타일은 직접 전용하지 않음"
"Codrops","https://tympanus.net/codrops/2025/01/07/case-study-dondre-green/","Case Study: Dondre Green","2025-01-07","This case study explores how The Blackpepper Studio meticulously designed and developed a digital portfolio that captures the artistic vision of Dondre Green, a New York-based Art Director and Photographer known for his innovative, narrative-driven, and storytelling work.","건축·에디토리얼","보조 참고: 구조·간격만 검토하고 시각 스타일은 직접 전용하지 않음"
"Codrops","https://tympanus.net/codrops/2025/01/10/developer-spotlight-lorenzo-dossi/","Developer Spotlight: Lorenzo Dossi","2025-01-10","Meet Lorenzo Dossi, a motion designer and front-end developer shaping the web with creativity and precision in our first-ever Developer Spotlight.","모션","부분 채택: 3상태 순환·전환 타이밍 참고, 과도한 장식 모션은 배제"
"Codrops","https://tympanus.net/codrops/2025/01/13/top-wordpress-plugins-2025/","10 Top Free & Premium WordPress Plugins for 2025","2025-01-13","A roundup of the best WordPress plugins for 2025 to help you build better sites, add smarter features, and keep things running smoothly.","상호작용 참고","보조 참고: 구조·간격만 검토하고 시각 스타일은 직접 전용하지 않음"
"Codrops","https://tympanus.net/codrops/2025/01/14/tracking-creativity-inside-the-making-of-sixelf/","Tracking Creativity: Inside the Making of Sixelf","2025-01-14","Exploring the imaginative process and innovative details behind Sixelf, a platform empowering designers to showcase their contributions and visualize their creative impact.","상호작용 참고","보조 참고: 구조·간격만 검토하고 시각 스타일은 직접 전용하지 않음"
"Codrops","https://tympanus.net/codrops/2025/01/15/creating-generative-artwork-with-three-js/","Creating Generative Artwork with Three.js","2025-01-15","Develop a dynamic, generative artwork using Three.js and grid systems, inspired by Lygia Clark’s minimalist geometric designs.","공간 깊이","채택: 단일 소실점, 후면-콘텐츠-전면 마스크 순서 검증에 사용"
"Codrops","https://tympanus.net/codrops/2025/01/16/case-study-gentle-rain/","Case Study: Gentle Rain","2025-01-16","This case study explores how retro aesthetics and modern innovation came together to create a unique and inspiring learning experience.","상호작용 참고","보조 참고: 구조·간격만 검토하고 시각 스타일은 직접 전용하지 않음"
"Codrops","https://tympanus.net/codrops/2025/01/20/vfx-js-webgl-effects-made-easy/","VFX-JS: WebGL Effects Made Easy","2025-01-20","This article introduces VFX-JS, a JavaScript library designed to make creating WebGL-powered visual effects easy and accessible.","공간 깊이","채택: 단일 소실점, 후면-콘텐츠-전면 마스크 순서 검증에 사용"
"Codrops","https://tympanus.net/codrops/2025/01/24/developer-spotlight-mario-sanchez-maselli/","Developer Spotlight: Mario Sanchez Maselli","2025-01-24","Meet Mario, developer &#038; co-founder of Non-Linear Studio. Specializing in interactive design, animation, 3D, WebGL, &#038; creative development.","공간 깊이 / 모션","채택: 단일 소실점, 후면-콘텐츠-전면 마스크 순서 검증에 사용"
"Codrops","https://tympanus.net/codrops/2025/01/27/fractals-to-forests-creating-realistic-3d-trees-with-three-js/","Fractals to Forests – Creating Realistic 3D Trees with Three.js","2025-01-27","Discover the algorithms behind EZ-Tree’s use of procedural generation and Three.js to create realistic 3D tree models.","공간 깊이","채택: 단일 소실점, 후면-콘텐츠-전면 마스크 순서 검증에 사용"
"Codrops","https://tympanus.net/codrops/2025/01/28/best-web-design-tools-2025/","10+ Best Web Design Tools & Resources For 2025 (Free & Paid)","2025-01-28","Discover the top web design tools and resources of 2025, tailored for creating innovative, secure, and visually stunning websites with ease.","상호작용 참고","보조 참고: 구조·간격만 검토하고 시각 스타일은 직접 전용하지 않음"
"Codrops","https://tympanus.net/codrops/2025/01/30/case-study-gianluca-gradogna-portfolio-25/","Case Study: Gianluca Gradogna — Portfolio ’25","2025-01-30","This case study unveils the journey of creating a personal portfolio, highlighting the creative collaboration between Gianluca Gradogna and Gabriel Norman in bringing the project to life.","건축·에디토리얼","보조 참고: 구조·간격만 검토하고 시각 스타일은 직접 전용하지 않음"
"Codrops","https://tympanus.net/codrops/2025/02/03/building-an-on-scroll-3d-circle-text-animation-with-three-js-and-shaders/","Building an On-Scroll 3D Circle Text Animation with Three.js and Shaders","2025-02-03","Learn how to create a circular text animation in 3D space using Three.js, shaders, and msdf-text-utils.","공간 깊이 / 모션","채택: 단일 소실점, 후면-콘텐츠-전면 마스크 순서 검증에 사용"
"Codrops","https://tympanus.net/codrops/2025/02/13/designer-spotlight-jhosue-mesias/","Designer Spotlight: Jhosue Mesias","2025-02-13","Exploring the art of digital design with Jhosue Mesias—pushing boundaries, crafting experiences, and redefining creativity.","상호작용 참고","보조 참고: 구조·간격만 검토하고 시각 스타일은 직접 전용하지 않음"
"Codrops","https://tympanus.net/codrops/2025/02/18/rendering-the-simulation-theory-exploring-fractals-glsl-and-the-nature-of-reality/","Rendering the Simulation Theory: Exploring Fractals, GLSL, and the Nature of Reality","2025-02-18","An exploration of fractals, GLSL, and simulation theory, revealing their deep connections to art, mathematics, and the nature of reality.","마스크·레이어","채택: 단일 소실점, 후면-콘텐츠-전면 마스크 순서 검증에 사용"
"Codrops","https://tympanus.net/codrops/2025/02/21/designer-spotlight-ivan-gorbunov/","Designer Spotlight: Ivan Gorbunov","2025-02-21","Explore Ivan Gorbunov’s approach to minimalism, creativity, and functional design.","상호작용 참고","보조 참고: 구조·간격만 검토하고 시각 스타일은 직접 전용하지 않음"
"Codrops","https://tympanus.net/codrops/2025/02/24/100-days-of-web-experiments-a-designers-journey-into-the-unknown/","100 Days of Web Experiments: A Designer’s Journey into the Unknown","2025-02-24","A designer’s journey of creative exploration—100 days, 100 experiments, and the lessons learned along the way.","상호작용 참고","보조 참고: 구조·간격만 검토하고 시각 스타일은 직접 전용하지 않음"
"Codrops","https://tympanus.net/codrops/2025/02/25/from-concept-to-code-inside-the-creative-process-of-thomas-monavon-gregory-lalle/","From Concept to Code: Inside the Creative Process of Thomas Monavon & Grégory Lallé","2025-02-25","Discover the creative process of the French duo, Thomas Monavon (Designer) and Grégory Lallé (Creative developer).","상호작용 참고","보조 참고: 구조·간격만 검토하고 시각 스타일은 직접 전용하지 않음"
"Codrops","https://tympanus.net/codrops/2025/02/28/designer-spotlight-isabel-moranta/","Designer Spotlight: Isabel Moranta","2025-02-28","Explore the conceptually rich and visually striking world of award-winning Creative and Design Director Isabel Moranta as she shares her journey, inspirations, and most compelling projects.","상호작용 참고","보조 참고: 구조·간격만 검토하고 시각 스타일은 직접 전용하지 않음"
"Codrops","https://tympanus.net/codrops/2025/03/03/css-meets-voxel-art-building-a-rendering-engine-with-stacked-grids/","CSS Meets Voxel Art: Building a Rendering Engine with Stacked Grids","2025-03-03","Learn how transforms, perspective, and stacked grids can create a fully addressable 3D space and push the boundaries of what’s possible with pure CSS.","공간 깊이","채택: 단일 소실점, 후면-콘텐츠-전면 마스크 순서 검증에 사용"
"Codrops","https://tympanus.net/codrops/2025/03/05/case-study-stefan-vitasovic-portfolio-2025/","Case Study: Stefan Vitasović Portfolio — 2025","2025-03-05","An article behind the process of Stefan’s 2025 creative dev portfolio — a minimalist design, dynamic visuals and shader effects.","건축·에디토리얼","보조 참고: 구조·간격만 검토하고 시각 스타일은 직접 전용하지 않음"
"Codrops","https://tympanus.net/codrops/2025/03/07/designer-spotlight-artem-shcherban/","Designer Spotlight: Artem Shcherban","2025-03-07","Award-winning designer Artem Shcherban shares his journey, design philosophy, and the creative principles behind his work.","상호작용 참고","보조 참고: 구조·간격만 검토하고 시각 스타일은 직접 전용하지 않음"
"Codrops","https://tympanus.net/codrops/2025/03/11/replicating-css-object-fit-in-webgl/","Replicating CSS Object-Fit in WebGL: Optimized Techniques for Image Scaling and Positioning","2025-03-11","Explore optimized methods to achieve responsive image scaling and positioning in WebGL, similar to the CSS object-fit: cover behavior.","공간 깊이","채택: 단일 소실점, 후면-콘텐츠-전면 마스크 순서 검증에 사용"
"Codrops","https://tympanus.net/codrops/2025/03/12/case-study-fiddle-digital-design-agency-the-new-us/","Case Study: Fiddle.Digital Design Agency — The New Us","2025-03-12","This case study tells the story of how a small rebranding idea sparked a revolution within the agency.","상호작용 참고","보조 참고: 구조·간격만 검토하고 시각 스타일은 직접 전용하지 않음"
"Codrops","https://tympanus.net/codrops/2025/03/17/case-study-motoyoshi-takamitsu/","Case Study: Motoyoshi Takamitsu","2025-03-17","An exploration of the design and development of photographer Motoyoshi Takamitsu’s portfolio website.","건축·에디토리얼","보조 참고: 구조·간격만 검토하고 시각 스타일은 직접 전용하지 않음"
"Codrops","https://tympanus.net/codrops/2025/03/19/stringtune-the-javascript-library-born-from-a-design-agencys-workflow/","StringTune: The JavaScript Library Born from a Design Agency’s Workflow","2025-03-19","Learn how to use this flexible JavaScript library for animations, smooth scrolling, and interactive effects.","모션","부분 채택: 3상태 순환·전환 타이밍 참고, 과도한 장식 모션은 배제"
"Codrops","https://tympanus.net/codrops/2025/03/21/designer-spotlight-huy-phan/","Designer Spotlight: Huy Phan","2025-03-21","Award-winning designer Huy Phan shares his journey, creative philosophy, and the stories behind his most impactful digital experiences.","상호작용 참고","보조 참고: 구조·간격만 검토하고 시각 스타일은 직접 전용하지 않음"
"Codrops","https://tympanus.net/codrops/2025/03/22/motion-highlights-3/","Motion Highlights #3","2025-03-22","Fresh animation ideas and motion design trends to fuel your inspiration.","모션","부분 채택: 3상태 순환·전환 타이밍 참고, 과도한 장식 모션은 배제"
"Codrops","https://tympanus.net/codrops/2025/03/24/animating-letters-with-shaders-interactive-text-effect-with-three-js-glsl/","Animating Letters with Shaders: Interactive Text Effect with Three.js & GLSL","2025-03-24","A beginner-friendly tutorial that explores how to create a dynamic text displacement effect using Three.js and custom shaders.","공간 깊이","채택: 단일 소실점, 후면-콘텐츠-전면 마스크 순서 검증에 사용"
"Codrops","https://tympanus.net/codrops/2025/03/25/stas-bondar-25-the-code-techniques-behind-a-next-level-portfolio/","Stas Bondar ’25: The Code & Techniques Behind a Next-Level Portfolio","2025-03-25","A look behind stabondar.com — a creative portfolio featuring advanced web animations with GSAP, Three.js, and physics-based effects.","공간 깊이 / 모션 / 건축·에디토리얼","채택: 단일 소실점, 후면-콘텐츠-전면 마스크 순서 검증에 사용"
"Codrops","https://tympanus.net/codrops/2025/03/26/design-in-motion-the-animation-principles-behind-green-stack/","Design in Motion: The Animation Principles Behind Green Stack","2025-03-26","A concept-to-site journey in Webflow, shaped by design, dev, and bold animation principles.","모션","부분 채택: 3상태 순환·전환 타이밍 참고, 과도한 장식 모션은 배제"
"Codrops","https://tympanus.net/codrops/2025/03/27/developer-spotlight-jorge-toloza/","Developer Spotlight: Jorge Toloza","2025-03-27","From self-taught beginnings to crafting motion-driven, interactive experiences—this is a look at Jorge Toloza’s journey and the projects that shaped his approach to creative development.","모션","부분 채택: 3상태 순환·전환 타이밍 참고, 과도한 장식 모션은 배제"
"Codrops","https://tympanus.net/codrops/2025/03/28/case-study-troa-25-folio/","Case Study: Troa 25&#8242; Folio","2025-03-28","A look at how Troa reimagined their portfolio — focusing on performance, sustainability, and a clean, thoughtful design.","건축·에디토리얼","보조 참고: 구조·간격만 검토하고 시각 스타일은 직접 전용하지 않음"
"Codrops","https://tympanus.net/codrops/2025/03/31/webgpu-scanning-effect-with-depth-maps/","WebGPU Scanning Effect with Depth Maps","2025-03-31","An exploration of a scanning effect using depth maps, custom shaders, and WebGPU rendering.","상호작용 참고","보조 참고: 구조·간격만 검토하고 시각 스타일은 직접 전용하지 않음"
"Codrops","https://tympanus.net/codrops/2025/04/01/warhol-arts-a-digital-playground-of-pop-pixels-and-pure-motion/","Warhol Arts: A Digital Playground of Pop, Pixels, and Pure Motion","2025-04-01","A deep dive into the code, craft, and chaos behind a pop-art-inspired digital experience powered by GSAP and Webflow.","모션","부분 채택: 3상태 순환·전환 타이밍 참고, 과도한 장식 모션은 배제"
"Codrops","https://tympanus.net/codrops/2025/04/07/case-study-ciel-rose/","Case Study: Ciel Rose","2025-04-07","Explore how storytelling and subtle design come together in a filmmaker duo’s portfolio.","건축·에디토리얼","보조 참고: 구조·간격만 검토하고 시각 스타일은 직접 전용하지 않음"
"Codrops","https://tympanus.net/codrops/2025/04/08/3d-world-in-the-browser-with-blender-and-three-js/","Building a Fully-Featured 3D World in the Browser with Blender and Three.js","2025-04-08","Go behind the scenes of an immersive 3D museum built with Blender and Three.js, and explore the creative process, technical decisions, and browser-ready workflow that brought it to life.","공간 깊이","채택: 단일 소실점, 후면-콘텐츠-전면 마스크 순서 검증에 사용"
"Codrops","https://tympanus.net/codrops/2025/04/11/designer-spotlight-luca-franceschetti/","Designer Spotlight: Luca Franceschetti","2025-04-11","Explore the eclectic and expressive world of Italian digital designer Luca Franceschetti, where playful experimentation meets refined UI design.","상호작용 참고","보조 참고: 구조·간격만 검토하고 시각 스타일은 직접 전용하지 않음"
"Codrops","https://tympanus.net/codrops/2025/04/15/nite-riot-minimalism-gets-a-wild-side/","Nite Riot: Minimalism Gets a Wild Side","2025-04-15","When a client like Nite Riot walks through the (digital) door, you don’t play it safe. You go all in.","상호작용 참고","보조 참고: 구조·간격만 검토하고 시각 스타일은 직접 전용하지 않음"
"Codrops","https://tympanus.net/codrops/2025/04/16/case-study-24-7-artists/","Turning Music Into Motion: The Making of the 24/7 Artists Launch Page","2025-04-16","A closer look at how Waaark designed and built the launch page for 24/7 Artists’ latest product.","모션","부분 채택: 3상태 순환·전환 타이밍 참고, 과도한 장식 모션은 배제"
"Codrops","https://tympanus.net/codrops/2025/04/17/developer-spotlight-andrea-biason/","Developer Spotlight: Andrea Biason","2025-04-17","Andrea Biason showcases his journey and four standout projects that push the boundaries of immersive web development.","상호작용 참고","보조 참고: 구조·간격만 검토하고 시각 스타일은 직접 전용하지 않음"
"Codrops","https://tympanus.net/codrops/2025/04/18/designer-spotlight-stephanie-bruce/","Designer Spotlight: Stephanie Bruce","2025-04-18","Explore Stephanie Bruce’s approach to visually creative websites as she shares her most exciting work so far, her journey and inspirations.","상호작용 참고","보조 참고: 구조·간격만 검토하고 시각 스타일은 직접 전용하지 않음"
"Codrops","https://tympanus.net/codrops/2025/04/21/mastering-carousels-with-gsap-from-basics-to-advanced-animation/","Mastering Carousels with GSAP: From Basics to Advanced Animation","2025-04-21","Learn how to build carousels with GSAP using scroll snapping, utility functions, 3D effects, and draggable interactions.","공간 깊이 / 캐러셀 / 모션","채택: 단일 소실점, 후면-콘텐츠-전면 마스크 순서 검증에 사용"
"Codrops","https://tympanus.net/codrops/2025/04/22/designing-for-flow-not-frustration-the-transformation-of-arts-corporation/","Designing for Flow, Not Frustration: The Transformation of Arts Corporation Through Refined Animation","2025-04-22","Exploring how refined animations and interactive design reshaped Arts Corporation’s website, enhancing user experience and creative expression.","모션","부분 채택: 3상태 순환·전환 타이밍 참고, 과도한 장식 모션은 배제"
"Codrops","https://tympanus.net/codrops/2025/04/24/developer-spotlight-max-barvian/","Developer Spotlight: Max Barvian","2025-04-24","Meet Max Barvian in this Developer Spotlight, where his innovative web projects showcase the perfect mix of tech skills and creativity.","상호작용 참고","보조 참고: 구조·간격만 검토하고 시각 스타일은 직접 전용하지 않음"
"Codrops","https://tympanus.net/codrops/2025/04/25/motion-highlights-4/","Motion Highlights #4","2025-04-25","A handpicked collection of standout motion design from around the web to keep you en pair with current trends.","모션","부분 채택: 3상태 순환·전환 타이밍 참고, 과도한 장식 모션은 배제"
"Codrops","https://tympanus.net/codrops/2025/05/02/developer-spotlight-reksa-andhika/","Developer Spotlight: Reksa Andhika","2025-05-02","The journey and works of Reksa Andhika, an independent developer known for crafting websites with unique motion and interactive layouts.","모션 / 건축·에디토리얼","부분 채택: 3상태 순환·전환 타이밍 참고, 과도한 장식 모션은 배제"
"Codrops","https://tympanus.net/codrops/2025/05/07/on-scroll-3d-carousel/","On-Scroll 3D Carousel","2025-05-07","An animation concept where we rotate a carousel in 3D while scrolling.","공간 깊이 / 캐러셀 / 모션","채택: 단일 소실점, 후면-콘텐츠-전면 마스크 순서 검증에 사용"
"Codrops","https://tympanus.net/codrops/2025/05/12/integrating-rive-into-a-react-project-behind-the-scenes-of-valley-adventures/","Integrating Rive into a React Project: Behind the Scenes of Valley Adventures","2025-05-12","A hands-on guide to integrating Rive into a React project, blending smooth interactivity with whimsical animation for Chumbi Valley’s Adventures.","모션","부분 채택: 3상태 순환·전환 타이밍 참고, 과도한 장식 모션은 배제"
"Codrops","https://tympanus.net/codrops/2025/05/12/motion-highlights-6/","Motion Highlights #6","2025-05-12","A freshy curated collection of recent motion design work by creative makers.","모션","부분 채택: 3상태 순환·전환 타이밍 참고, 과도한 장식 모션은 배제"
"Codrops","https://tympanus.net/codrops/2025/05/14/from-splittext-to-morphsvg-5-creative-demos-using-free-gsap-plugins/","From SplitText to MorphSVG: 5 Creative Demos Using Free GSAP Plugins","2025-05-14","GSAP’s premium plugins are now free, and this article explores their creative potential through five playful animation demos.","모션","부분 채택: 3상태 순환·전환 타이밍 참고, 과도한 장식 모션은 배제"
"Codrops","https://tympanus.net/codrops/2025/05/15/developer-spotlight-andrew-woan/","Developer Spotlight: Andrew Woan","2025-05-15","A beautifully honest, unexpectedly funny reflection on creativity, code, and being human—this is not your average dev story.","상호작용 참고","보조 참고: 구조·간격만 검토하고 시각 스타일은 직접 전용하지 않음"
"Codrops","https://tympanus.net/codrops/2025/05/17/designer-spotlight-ning-huang/","Designer Spotlight: Ning Huang","2025-05-17","A spotlight on Ning Huang, a Taipei-based digital designer who blends no-code tools and AI to craft expressive, motion-rich web experiences.","모션","부분 채택: 3상태 순환·전환 타이밍 참고, 과도한 장식 모션은 배제"
"Codrops","https://tympanus.net/codrops/2025/05/20/behind-the-curtain-building-aurels-grand-theater-from-design-to-code/","Behind the Curtain: Building Aurel’s Grand Theater from Design to Code","2025-05-20","Step inside Aurel’s Grand Theater, an unconventional creative portfolio crafted with Three.js, Vue.js, GSAP, and Blender, bursting with animations and thoughtful details.","공간 깊이 / 모션 / 건축·에디토리얼","채택: 단일 소실점, 후면-콘텐츠-전면 마스크 순서 검증에 사용"
"Codrops","https://tympanus.net/codrops/2025/05/20/motion-highlights-7/","Motion Highlights #7","2025-05-20","The latest motion designs and animation concepts to keep you inspired and up-to-date.","모션","부분 채택: 3상태 순환·전환 타이밍 참고, 과도한 장식 모션은 배제"
"Codrops","https://tympanus.net/codrops/2025/05/23/developer-spotlight-rogier-de-boeve/","Developer Spotlight: Rogier de Boevé","2025-05-23","Rogier de Boevé turns complex code into engaging digital stories, building experiences that are as artistic as they are technical.","상호작용 참고","보조 참고: 구조·간격만 검토하고 시각 스타일은 직접 전용하지 않음"
"Codrops","https://tympanus.net/codrops/2025/05/27/animated-product-grid-preview-with-gsap-clip-path/","Animated Product Grid Preview with GSAP & Clip-Path","2025-05-27","Learn how to transform a simple product grid into an interactive, animated preview experience using GSAP in this hands-on tutorial.","마스크·레이어","채택: 단일 소실점, 후면-콘텐츠-전면 마스크 순서 검증에 사용"
"Codrops","https://tympanus.net/codrops/2025/05/29/no-visuals-no-time-no-problem-launching-oxi-instruments-one-mkii-in-2-weeks/","No Visuals, No Time, No Problem: Launching OXI Instruments / ONE MKII in 2 Weeks","2025-05-29","Built in two weeks from minimal assets, the OXI ONE MKII site used structure, type, and hustle to deliver a sharp launch right on time.","상호작용 참고","보조 참고: 구조·간격만 검토하고 시각 스타일은 직접 전용하지 않음"
"Codrops","https://tympanus.net/codrops/2025/05/30/developer-spotlight-misterprada/","Developer Spotlight: MisterPrada","2025-05-30","A self-taught journey from hacking games to crafting immersive WebGL experiences—with passion, persistence, and a hint of luck.","공간 깊이","채택: 단일 소실점, 후면-콘텐츠-전면 마스크 순서 검증에 사용"
"Codrops","https://tympanus.net/codrops/2025/05/31/building-interactive-3d-cards-in-webflow-with-three-js/","Building Interactive 3D Cards in Webflow with Three.js","2025-05-31","A quick guide to integrating interactive 3D models into your Webflow project using Three.js.","공간 깊이","채택: 단일 소실점, 후면-콘텐츠-전면 마스크 순서 검증에 사용"
"Codrops","https://tympanus.net/codrops/2025/06/05/how-to-create-responsive-and-seo-friendly-webgl-text/","How to Create Responsive and SEO-friendly WebGL Text","2025-06-05","Learn how to combine responsive HTML text with WebGL rendering, enabling scroll-driven animations and custom shader effects.","공간 깊이 / 모션","채택: 단일 소실점, 후면-콘텐츠-전면 마스크 순서 검증에 사용"
"Codrops","https://tympanus.net/codrops/2025/06/08/motion-highlights-9/","Motion Highlights #9","2025-06-08","Get the latest dose of motion and animation inspiration in this roundup.","모션","부분 채택: 3상태 순환·전환 타이밍 참고, 과도한 장식 모션은 배제"
"Codrops","https://tympanus.net/codrops/2025/06/11/building-an-infinite-parallax-grid-with-gsap-and-seamless-tiling/","Building an Infinite Parallax Grid with GSAP and Seamless Tiling","2025-06-11","Learn how to create a responsive, infinitely scrolling image grid with parallax motion and staggered text animations using GSAP.","모션","부분 채택: 3상태 순환·전환 타이밍 참고, 과도한 장식 모션은 배제"
"Codrops","https://tympanus.net/codrops/2025/06/12/developer-spotlight-robin-payot/","Developer Spotlight: Robin Payot","2025-06-12","Creative Developer Robin Payot shares his journey, standout projects, and insights into WebGL, animation, and building award-winning interactive web experiences.","공간 깊이 / 모션","채택: 단일 소실점, 후면-콘텐츠-전면 마스크 순서 검증에 사용"
"Codrops","https://tympanus.net/codrops/2025/06/18/coding-a-3d-audio-visualizer-with-three-js-gsap-web-audio-api/","Coding a 3D Audio Visualizer with Three.js, GSAP & Web Audio API","2025-06-18","A music-driven visualizer where a glowing 3D orb pulses and spikes to the beat while GSAP-draggable panels drift around it with smooth, inertia-powered motion.","공간 깊이 / 모션","채택: 단일 소실점, 후면-콘텐츠-전면 마스크 순서 검증에 사용"
"Codrops","https://tympanus.net/codrops/2025/06/25/designing-truekind-a-skincare-brands-journey-through-moodboards-motion-and-meaning/","Designing TrueKind: A Skincare Brand’s Journey Through Moodboards, Motion, and Meaning","2025-06-25","From aesthetic restraint to GSAP magic, this case study reveals what happens when trust meets thoughtful execution.","마스크·레이어 / 모션","채택: 단일 소실점, 후면-콘텐츠-전면 마스크 순서 검증에 사용"
"Codrops","https://tympanus.net/codrops/2025/06/26/designer-spotlight-bimo-tri/","Designer Spotlight: Bimo Tri","2025-06-26","Meet multidisciplinary designer and creative developer, Bimo Tri who crafts expressive digital experiences that merge culture, storytelling, and motion-driven design.","모션","부분 채택: 3상태 순환·전환 타이밍 참고, 과도한 장식 모션은 배제"
"Codrops","https://tympanus.net/codrops/2025/06/30/invisible-forces-the-making-of-phantom-lands-interactive-grid-and-3d-face-particle-system/","Invisible Forces: The Making of Phantom.land’s Interactive Grid and 3D Face Particle System","2025-06-30","Inside Phantom.land’s dynamic grid and volumetric face scans, crafted with React Three Fiber, GLSL shaders, and GSAP.","공간 깊이","채택: 단일 소실점, 후면-콘텐츠-전면 마스크 순서 검증에 사용"
"Codrops","https://tympanus.net/codrops/2025/07/08/bloom-paris-tv-where-refined-art-direction-meets-world-class-production/","Bloom Paris TV: Where Refined Art Direction Meets World-Class Production","2025-07-08","A behind-the-scenes exploration of how creative ambition and modern tech defined a standout digital presence for one of Paris’s most forward-thinking production companies.","상호작용 참고","보조 참고: 구조·간격만 검토하고 시각 스타일은 직접 전용하지 않음"
"Codrops","https://tympanus.net/codrops/2025/07/09/how-to-create-kinetic-image-animations-with-react-three-fiber/","How To Create Kinetic Image Animations with React Three Fiber","2025-07-09","Bring static visuals to life with rotating textures, 3D geometry, and smooth motion powered by React Three Fiber.","공간 깊이 / 모션","채택: 단일 소실점, 후면-콘텐츠-전면 마스크 순서 검증에 사용"
"Codrops","https://tympanus.net/codrops/2025/07/17/designing-momentum-the-story-behind-meet-your-legend/","Designing Momentum: The Story Behind Meet Your Legend","2025-07-17","An inside look at how movement in design, storytelling and technology shaped a platform to inspire the next generation of creatives.","상호작용 참고","보조 참고: 구조·간격만 검토하고 시각 스타일은 직접 전용하지 않음"
"Codrops","https://tympanus.net/codrops/2025/07/22/interactive-text-destruction-with-three-js-webgpu-and-tsl/","Interactive Text Destruction with Three.js, WebGPU, and TSL","2025-07-22","Learn how to create an interactive 3D text effect where letters explode into dynamic shapes using Three.js, WebGPU, and Three Shader Language (TSL).","공간 깊이","채택: 단일 소실점, 후면-콘텐츠-전면 마스크 순서 검증에 사용"
"Codrops","https://tympanus.net/codrops/2025/07/24/motion-highlights-11/","Motion Highlights #11","2025-07-24","A fresh roundup of standout motion design and animation work from across the creative community.","모션","부분 채택: 3상태 순환·전환 타이밍 참고, 과도한 장식 모션은 배제"
"Codrops","https://tympanus.net/codrops/2025/07/24/reform-collective-a-new-website-designed-to-be-seen/","Reform Collective: A New Website, Designed to Be Seen","2025-07-24","Reform Collective’s new site strips away the noise in favor of clarity, performance, and structure—with the tech lead detailing how AI, GSAP, and CSS hacks brought it to life.","상호작용 참고","보조 참고: 구조·간격만 검토하고 시각 스타일은 직접 전용하지 않음"
"Codrops","https://tympanus.net/codrops/2025/07/25/designer-spotlight-ivor-jian/","Designer Spotlight: Ivor Jian","2025-07-25","A glimpse into the early work, process, and inspiration of Ivor Jian, a self-taught designer and developer blending precision with expressive web experiences.","상호작용 참고","보조 참고: 구조·간격만 검토하고 시각 스타일은 직접 전용하지 않음"
"Codrops","https://tympanus.net/codrops/2025/07/29/built-to-move-a-closer-look-at-the-animations-behind-eduard-bodaks-portfolio/","Built to Move: A Closer Look at the Animations Behind Eduard Bodak’s Portfolio","2025-07-29","A hands-on walkthrough from Eduard Bodak on crafting scroll-driven and interactive animations for his portfolio.","모션 / 건축·에디토리얼","부분 채택: 3상태 순환·전환 타이밍 참고, 과도한 장식 모션은 배제"
"Codrops","https://tympanus.net/codrops/2025/07/29/exploring-the-process-of-building-a-procedural-3d-kitchen-designer-with-three-js/","Exploring the Process of Building a Procedural 3D Kitchen Designer with Three.js","2025-07-29","How procedural modeling and a few smart abstractions can turn complex 3D design into a simple, intuitive web experience.","공간 깊이","채택: 단일 소실점, 후면-콘텐츠-전면 마스크 순서 검증에 사용"
"Codrops","https://tympanus.net/codrops/2025/07/30/interactive-webgl-backgrounds-a-quick-guide-to-bayer-dithering/","Interactive WebGL Backgrounds: A Quick Guide to Bayer Dithering","2025-07-30","Discover how to create a subtle, interactive WebGL background with Bayer dithering in this quick tutorial.","공간 깊이","채택: 단일 소실점, 후면-콘텐츠-전면 마스크 순서 검증에 사용"
"Codrops","https://tympanus.net/codrops/2025/08/04/wish-you-were-here-win-a-free-ticket-to-penpot-fest-2025/","Wish You Were Here – Win a Free Ticket to Penpot Fest 2025!","2025-08-04","Share your “I wish…” for the future of design and development — and win a free ticket to Penpot Fest 2025 in Madrid!","상호작용 참고","보조 참고: 구조·간격만 검토하고 시각 스타일은 직접 전용하지 않음"
"Codrops","https://tympanus.net/codrops/2025/08/06/building-aether-1-sound-without-boundaries/","Building Aether 1: Sound Without Boundaries","2025-08-06","A case study on Aether 1, where 3D, sound, and WebGL merge into an unbounded experience.","공간 깊이","채택: 단일 소실점, 후면-콘텐츠-전면 마스크 순서 검증에 사용"
"Codrops","https://tympanus.net/codrops/2025/08/07/designer-spotlight-julie-marting/","Designer Spotlight: Julie Marting","2025-08-07","Meet Julie Marting, a designer who turns interactive concepts into immersive experiences that connect, surprise, and inspire.","상호작용 참고","보조 참고: 구조·간격만 검토하고 시각 스타일은 직접 전용하지 않음"
"Codrops","https://tympanus.net/codrops/2025/08/12/building-a-blended-material-shader-in-webgl-with-solid-js/","Building a Blended Material Shader in WebGL with Solid.js","2025-08-12","A step-by-step breakdown of a wireframe and solid blend effect using Three.js render targets, along with a quick look at managing the WebGL lifecycle in Solid.js.","공간 깊이","채택: 단일 소실점, 후면-콘텐츠-전면 마스크 순서 검증에 사용"
"Codrops","https://tympanus.net/codrops/2025/08/14/setting-the-stage-inside-the-process-of-bringing-christian-flemings-work-to-life-in-print-web-and-3d/","Setting the Stage: Inside the Process of Bringing Christian Fleming’s Work to Life in Print, Web, and 3D","2025-08-14","A detailed, behind-the-scenes look at how theatrical design, visual storytelling, and creative collaboration shaped this multi-format project.","공간 깊이","채택: 단일 소실점, 후면-콘텐츠-전면 마스크 순서 검증에 사용"
"Codrops","https://tympanus.net/codrops/2025/08/15/designer-spotlight-clarisse-michard/","Designer Spotlight: Clarisse Michard","2025-08-15","A peek into the creative world of Clarisse Michard, a Toulouse-based web designer crafting playful, custom digital experiences with Okey Studio.","상호작용 참고","보조 참고: 구조·간격만 검토하고 시각 스타일은 직접 전용하지 않음"
"Codrops","https://tympanus.net/codrops/2025/08/21/developer-spotlight-ruud-luijten/","Developer Spotlight: Ruud Luijten","2025-08-21","Meet Ruud Luijten, a freelance developer who brings passion and creativity together to craft immersive web experiences.","상호작용 참고","보조 참고: 구조·간격만 검토하고 시각 스타일은 직접 전용하지 않음"
"Codrops","https://tympanus.net/codrops/2025/08/22/designer-spotlight-andres-briganti/","Designer Spotlight: Andrés Briganti","2025-08-22","Discover how Buenos Aires–based creative Andrés Briganti transforms abstract concepts into timeless visual forms.","상호작용 참고","보조 참고: 구조·간격만 검토하고 시각 스타일은 직접 전용하지 않음"
"Codrops","https://tympanus.net/codrops/2025/08/28/interactive-video-projection-mapping-with-three-js/","Interactive Video Projection Mapping with Three.js","2025-08-28","Learn how to map video textures onto 3D grids of cubes with masks, motion, and interactivity using Three.js.","공간 깊이 / 마스크·레이어 / 모션","채택: 단일 소실점, 후면-콘텐츠-전면 마스크 순서 검증에 사용"
"Codrops","https://tympanus.net/codrops/2025/08/29/designer-spotlight-enrico-gisana/","Design as Rhythm and Rebellion: The Work of Enrico Gisana","2025-08-29","Discover the work of Enrico Gisana, where branding, typography, and motion converge through experimental design.","모션","부분 채택: 3상태 순환·전환 타이밍 참고, 과도한 장식 모션은 배제"
"Codrops","https://tympanus.net/codrops/2025/08/30/motion-highlights-12/","Motion Highlights #12","2025-08-30","Your latest roundup of exceptional motion design and animation, spotlighting talent from the global creative community.","모션","부분 채택: 3상태 순환·전환 타이밍 참고, 과도한 장식 모션은 배제"
"Codrops","https://tympanus.net/codrops/2025/09/01/recreating-palmers-draggable-product-grid-with-gsap/","Recreating Palmer’s Draggable Product Grid with GSAP","2025-09-01","Learn how to use GSAP and its plugins to recreate a refined grid animation.","모션","부분 채택: 3상태 순환·전환 타이밍 참고, 과도한 장식 모션은 배제"
"Codrops","https://tympanus.net/codrops/2025/09/03/7-must-know-gsap-animation-tips-for-creative-developers/","7 Must-Know GSAP Animation Tips for Creative Developers","2025-09-03","Discover seven practical GSAP tips that will help you create smoother, smarter, and more creative web animations with less code.","모션","부분 채택: 3상태 순환·전환 타이밍 참고, 과도한 장식 모션은 배제"
"Codrops","https://tympanus.net/codrops/2025/09/05/between-strategy-and-story-thierry-chopains-creative-path/","Between Strategy and Story: Thierry Chopain’s Creative Path","2025-09-05","Thierry Chopain, co-founder of type8 studio, is a designer focused on typography, strategy, and digital imagery, creating clear and enduring visual work.","상호작용 참고","보조 참고: 구조·간격만 검토하고 시각 스타일은 직접 전용하지 않음"
"Codrops","https://tympanus.net/codrops/2025/09/11/when-cells-collide-the-making-of-an-organic-particle-experiment-with-rapier-three-js/","When Cells Collide: The Making of an Organic Particle Experiment with Rapier & Three.js","2025-09-11","A behind-the-scenes look at a cellular particle experiment by Unseen Studio — from early concept and design explorations to the technical approach and techniques that brought it to life.","공간 깊이","채택: 단일 소실점, 후면-콘텐츠-전면 마스크 순서 검증에 사용"
"Codrops","https://tympanus.net/codrops/2025/09/15/the-journey-behind-inspo-page-a-better-way-to-collect-web-design-inspiration/","The Journey Behind inspo.page: A Better Way to Collect Web Design Inspiration","2025-09-15","How a simple idea grew into a curated platform for discovering the details that make websites unforgettable.","상호작용 참고","보조 참고: 구조·간격만 검토하고 시각 스타일은 직접 전용하지 않음"
"Codrops","https://tympanus.net/codrops/2025/09/17/the-making-of-a-personal-project-platform-a-portfolio-that-grew-out-of-process-and-play/","The Making of a Personal Project Platform: A Portfolio that Grew out of Process and Play","2025-09-17","Mike van der Sanden invites us backstage to see how his portfolio evolved into a living archive of projects and resources.","건축·에디토리얼","보조 참고: 구조·간격만 검토하고 시각 스타일은 직접 전용하지 않음"
"Codrops","https://tympanus.net/codrops/2025/09/18/creating-an-immersive-3d-weather-visualization-with-react-three-fiber/","Creating an Immersive 3D Weather Visualization with React Three Fiber","2025-09-18","A step-by-step guide to simulating sun, rain, snow, and storms in an interactive 3D weather app.","공간 깊이","채택: 단일 소실점, 후면-콘텐츠-전면 마스크 순서 검증에 사용"
"Codrops","https://tympanus.net/codrops/2025/09/19/lo2s-x-snp-dashdigital-designing-a-website-full-of-movement-and-energy/","LO2S × SNP & DashDigital: Designing a Website Full of Movement and Energy","2025-09-19","The teams at SNP and DashDigital share how they brought the LO2S website to life with motion, interactivity and a focus on performance.","모션","부분 채택: 3상태 순환·전환 타이밍 참고, 과도한 장식 모션은 배제"
"Codrops","https://tympanus.net/codrops/2025/09/22/where-silence-speaks-kakeru-taira-on-transforming-everyday-spaces-into-liminal-experiences/","Where Silence Speaks: Kakeru Taira on Transforming Everyday Spaces into Liminal Experiences","2025-09-22","An interview with Kakeru Taira about his Blender practice and the art of evoking nostalgia through liminal spaces.","상호작용 참고","보조 참고: 구조·간격만 검토하고 시각 스타일은 직접 전용하지 않음"
"Codrops","https://tympanus.net/codrops/2025/09/23/lax-space-designing-with-duct-tape-and-everyday-chaos/","Lax Space: Designing With Duct Tape and Everyday Chaos","2025-09-23","Lax Chee invites us behind the scenes of his experimental portfolio, where duct tape, design, and code transform everyday chaos into playful digital experiences.","건축·에디토리얼","보조 참고: 구조·간격만 검토하고 시각 스타일은 직접 전용하지 않음"
"Codrops","https://tympanus.net/codrops/2025/09/25/global-by-design-leading-across-borders-to-shape-digital-experiences/","Global by Design: Leading Across Borders to Shape Digital Experiences","2025-09-25","Oliver Muñoz shares how leading creative teams across borders is less about control and more about trust, collaboration, and shaping digital experiences that transcend time zones and cultures.","상호작용 참고","보조 참고: 구조·간격만 검토하고 시각 스타일은 직접 전용하지 않음"
"Codrops","https://tympanus.net/codrops/2025/09/30/abstract-feelings-concrete-forms-daiki-fujita-portfolio-2025/","Abstract Feelings, Concrete Forms: Daiki Fujita Portfolio 2025","2025-09-30","In this case study, Tokyo-based designer Daiki Fujita shares the background and process of creating his digital portfolio.","건축·에디토리얼","보조 참고: 구조·간격만 검토하고 시각 스타일은 직접 전용하지 않음"
"Codrops","https://tympanus.net/codrops/2025/10/01/developing-creativity-emotional-design-skills-for-beginners/","Developing Creativity & Emotional Design Skills for Beginners","2025-10-01","Learn how analytical and systematic thinking can lead to natural creative insight, and discover what makes projects emotionally resonate.","모션","부분 채택: 3상태 순환·전환 타이밍 참고, 과도한 장식 모션은 배제"
"Codrops","https://tympanus.net/codrops/2025/10/03/fluid-worlds-and-layered-visions-tomoya-okadas-digital-craft/","Fluid Worlds and Layered Visions: Tomoya Okada’s Digital Craft","2025-10-03","Frontend engineer and designer Tomoya Okada offers a glimpse into his world of immersive web experiences shaped by motion, interactivity, and elegance.","마스크·레이어 / 모션","채택: 단일 소실점, 후면-콘텐츠-전면 마스크 순서 검증에 사용"
"Codrops","https://tympanus.net/codrops/2025/10/06/self-doubt-and-the-quest-for-fun-how-i-ended-up-turning-my-portfolio-into-a-game/","Self Doubt and the Quest for Fun: How I Ended up Turning my Portfolio into a Game","2025-10-06","From early design experimentations to radical UX decisions: a deep dive into the creative and technical process of my 2025 portfolio.","건축·에디토리얼","보조 참고: 구조·간격만 검토하고 시각 스타일은 직접 전용하지 않음"
"Codrops","https://tympanus.net/codrops/2025/10/07/ponpon-mania-how-webgl-and-gsap-bring-a-comic-sheeps-dream-to-life/","Ponpon Mania: How WebGL and GSAP Bring a Comic Sheep’s Dream to Life","2025-10-07","This article takes you behind the scenes of Ponpon Mania, exploring how illustration, animation, WebGL, and GSAP came together to create an interactive comic experience.","공간 깊이 / 모션","채택: 단일 소실점, 후면-콘텐츠-전면 마스크 순서 검증에 사용"
"Codrops","https://tympanus.net/codrops/2025/10/08/how-to-animate-webgl-shaders-with-gsap-ripples-reveals-and-dynamic-blur-effects/","How to Animate WebGL Shaders with GSAP: Ripples, Reveals, and Dynamic Blur Effects","2025-10-08","A hands-on guide to animating WebGL shaders with GSAP, exploring how to control shader uniforms and sync JavaScript timelines.","공간 깊이 / 마스크·레이어","채택: 단일 소실점, 후면-콘텐츠-전면 마스크 순서 검증에 사용"
"Codrops","https://tympanus.net/codrops/2025/10/10/nitex-building-a-brand-and-digital-platform-for-fashions-new-supply-chain/","NITEX: Building a Brand and Digital Platform for Fashion’s New Supply Chain","2025-10-10","Behind the scenes of creating a scalable brand system and digital platform that transforms how fashion moves from concept to delivery.","상호작용 참고","보조 참고: 구조·간격만 검토하고 시각 스타일은 직접 전용하지 않음"
"Codrops","https://tympanus.net/codrops/2025/10/13/how-to-build-an-immersive-3d-circular-carousel-in-wordpress-using-droip/","How to Build an Immersive 3D Circular Carousel in WordPress Using Droip","2025-10-13","Learn how to create an immersive 3D circular marquee in WordPress using Droip — a no-code tutorial to build orbiting, animated cards that bring your website to life.","공간 깊이 / 캐러셀","채택: 단일 소실점, 후면-콘텐츠-전면 마스크 순서 검증에 사용"
"Codrops","https://tympanus.net/codrops/2025/10/14/the-underdogs-crown-clay-boans-3d-playground-of-design-motion-and-gsap-magic/","The Underdog’s Crown: Clay Boan’s 3D Playground of Design, Motion, and GSAP Magic","2025-10-14","A collaborative case study exploring how 3D, WebGL, and GSAP animation converge in Clay Boan’s portfolio to shape a deeply personal and dynamic digital experience.","공간 깊이 / 모션 / 건축·에디토리얼","채택: 단일 소실점, 후면-콘텐츠-전면 마스크 순서 검증에 사용"
"Codrops","https://tympanus.net/codrops/2025/10/15/from-blank-canvas-to-mayhem-eloy-benoffis-brutalist-glitchy-portfolio-built-with-webflow-and-gsap/","From Blank Canvas to Mayhem: Eloy Benoffi’s Brutalist, Glitchy Portfolio Built with Webflow and GSAP","2025-10-15","Crafting an unapologetically glitchy web experience that fuses brutalist structure, maximalist energy, ASCII art, and a bold motion design.","모션 / 건축·에디토리얼","부분 채택: 3상태 순환·전환 타이밍 참고, 과도한 장식 모션은 배제"
"Codrops","https://tympanus.net/codrops/2025/10/16/creating-smooth-scroll-synchronized-animation-for-optikka-from-html5-video-to-frame-sequences/","Creating Smooth Scroll-Synchronized Animation for OPTIKKA: From HTML5 Video to Frame Sequences","2025-10-16","Learn how Zajno built OPTIKKA’s smooth scroll-synced animation using frame sequences instead of HTML5 video for better control and performance.","모션","부분 채택: 3상태 순환·전환 타이밍 참고, 과도한 장식 모션은 배제"
"Codrops","https://tympanus.net/codrops/2025/10/17/fragments-a-platform-for-learning-creative-coding-with-shaders/","Fragments: A Platform for Learning Creative Coding with Shaders","2025-10-17","A hands-on way to learn shaders: explore techniques, tweak ready-made utilities, and remix 120+ sketches to turn fundamentals into distinctive generative art.","상호작용 참고","보조 참고: 구조·간격만 검토하고 시각 스타일은 직접 전용하지 않음"
"Codrops","https://tympanus.net/codrops/2025/10/20/from-garage-to-browser-forged-build-and-the-webgpu-revolution/","From Garage to Browser: Forged.build and the WebGPU Revolution","2025-10-20","Forged.build reimagines what a studio website can be, turning it from a static showcase into a living, explorable world powered by WebGPU.","상호작용 참고","보조 참고: 구조·간격만 검토하고 시각 스타일은 직접 전용하지 않음"
"Codrops","https://tympanus.net/codrops/2025/10/21/the-vision-behind-daria-nevezhynas-interactive-configurators/","The Vision Behind Daria Nevezhyna’s Interactive Configurators","2025-10-21","Designer Daria Nevezhyna shows how animation and AI can transform product design into an interactive storytelling experience.","모션","부분 채택: 3상태 순환·전환 타이밍 참고, 과도한 장식 모션은 배제"
"Codrops","https://tympanus.net/codrops/2025/10/22/weisdevice-crafting-a-glitched-out-world-between-2d-3d-and-sound/","Weisdevice: Crafting a Glitched-Out World Between 2D, 3D, and Sound","2025-10-22","Behind the scenes of a 2D-3D-audio experiment that turns creative chaos into digital art.","공간 깊이","채택: 단일 소실점, 후면-콘텐츠-전면 마스크 순서 검증에 사용"
"Codrops","https://tympanus.net/codrops/2025/10/23/a-studio-reborn-future-three-and-the-art-of-self-redesign/","A Studio Reborn: FUTURE THREE® and the Art of Self-Redesign","2025-10-23","How FUTURE THREE® reimagined their brand, team, and digital presence to reflect who they’ve become.","상호작용 참고","보조 참고: 구조·간격만 검토하고 시각 스타일은 직접 전용하지 않음"
"Codrops","https://tympanus.net/codrops/2025/10/24/the-human-side-of-the-interface-abhishek-jhas-art-of-storytelling-through-design/","The Human Side of the Interface: Abhishek Jha’s Art of Storytelling Through Design","2025-10-24","From experimental portfolios to award-winning websites, Abhishek Jha shares how curiosity and emotion shape his creative process.","모션 / 건축·에디토리얼","부분 채택: 3상태 순환·전환 타이밍 참고, 과도한 장식 모션은 배제"
"Codrops","https://tympanus.net/codrops/2025/10/25/dissecting-a-wavy-shader-sine-refraction-and-serendipity/","Dissecting a Wavy Shader: Sine, Refraction, and Serendipity","2025-10-25","Step by step through the math and GPU logic behind an accidental animation experiment.","모션","부분 채택: 3상태 순환·전환 타이밍 참고, 과도한 장식 모션은 배제"
"Codrops","https://tympanus.net/codrops/2025/10/26/motion-highlights-14/","Motion Highlights #14","2025-10-26","Freshly cherry-picked motion moments from the creative community, ready to spark your next concept.","모션","부분 채택: 3상태 순환·전환 타이밍 참고, 과도한 장식 모션은 배제"
"Codrops","https://tympanus.net/codrops/2025/10/27/interpol-a-low-level-take-on-tweening-and-motion/","Interpol: A Low-Level Take on Tweening and Motion","2025-10-27","Exploring the design and mechanics of Interpol, a minimal library for low-level, time-based animations.","모션","부분 채택: 3상태 순환·전환 타이밍 참고, 과도한 장식 모션은 배제"
"Codrops","https://tympanus.net/codrops/2025/10/29/building-a-layered-zoom-scroll-effect-with-gsap-scrollsmoother-and-scrolltrigger/","Building a Layered Zoom Scroll Effect with GSAP ScrollSmoother and ScrollTrigger","2025-10-29","Learn how to recreate Telescope’s smooth, layered zoom scroll animation using GSAP’s ScrollSmoother and ScrollTrigger plugins to achieve a cinematic, depth-filled scrolling experience.","마스크·레이어 / 모션","채택: 단일 소실점, 후면-콘텐츠-전면 마스크 순서 검증에 사용"
"Codrops","https://tympanus.net/codrops/2025/11/03/in-the-foundry-of-imagination-the-forged-studio-story/","In the Foundry of Imagination: The Forged Studio Story","2025-11-03","Inside the creative engine redefining what’s possible with WebGPU and real-time design.","상호작용 참고","보조 참고: 구조·간격만 검토하고 시각 스타일은 직접 전용하지 않음"
"Codrops","https://tympanus.net/codrops/2025/11/04/creating-3d-scroll-driven-text-animations-with-css-and-gsap/","Creating 3D Scroll-Driven Text Animations with CSS and GSAP","2025-11-04","A step-by-step guide to building high-performance 3D scroll effects with GSAP, ScrollTrigger, and CSS transform math.","공간 깊이 / 모션","채택: 단일 소실점, 후면-콘텐츠-전면 마스크 순서 검증에 사용"
"Codrops","https://tympanus.net/codrops/2025/11/10/crafting-generative-css-worlds/","Crafting Generative CSS Worlds","2025-11-10","Learn how stacked grids and 3D transforms can bring heightmaps to life using nothing but the power of CSS.","공간 깊이","채택: 단일 소실점, 후면-콘텐츠-전면 마스크 순서 검증에 사용"
"Codrops","https://tympanus.net/codrops/2025/11/11/building-a-3d-infinite-carousel-with-reactive-background-gradients/","Building a 3D Infinite Carousel with Reactive Background Gradients","2025-11-11","Learn how to build a smooth, infinite 3D carousel where each image drives a reactive, canvas-based background gradient that adapts to its colors.","공간 깊이 / 캐러셀","채택: 단일 소실점, 후면-콘텐츠-전면 마스크 순서 검증에 사용"
"Codrops","https://tympanus.net/codrops/2025/11/12/blood-sugar-battler-building-a-real-game-as-a-designer-using-ai/","Blood Sugar Battler: Building a Real Game as a Designer using AI","2025-11-12","A look behind Alex’s design-first diabetes education game, built by hand-crafted pixel art and powered by an AI that mostly knew what it was doing.","상호작용 참고","보조 참고: 구조·간격만 검토하고 시각 스타일은 직접 전용하지 않음"
"Codrops","https://tympanus.net/codrops/2025/11/19/how-to-build-cinematic-3d-scroll-experiences-with-gsap/","How to Build Cinematic 3D Scroll Experiences with GSAP","2025-11-19","Learn how to build smooth, immersive 3D scroll experiences using GSAP, WebGL, and Three.js, turning simple scrolling into responsive visual motion.","공간 깊이 / 모션","채택: 단일 소실점, 후면-콘텐츠-전면 마스크 순서 검증에 사용"
"Codrops","https://tympanus.net/codrops/2025/11/20/behind-the-kai-design-dept-experience-webgl-line-blur-video-scrubbing-and-3d-animation/","Behind the KAI Design Dept. Experience: WebGL Line Blur, Video Scrubbing, and 3D Animation","2025-11-20","A look at the technical insights behind the KAI Design Dept. site, covering WebGL line DoF, video scrubbing, and Blender integration.","공간 깊이 / 모션","채택: 단일 소실점, 후면-콘텐츠-전면 마스크 순서 검증에 사용"
"Codrops","https://tympanus.net/codrops/2025/11/21/one-canvas-to-rule-them-all-how-ink-games-new-site-handles-complex-3d/","One Canvas to Rule Them All: How INK Games’ New Site Handles Complex 3D","2025-11-21","A look at how ToyFight® crafted a bold new site for INK Games, a global leader in mobile gaming, through layered 3D, scroll-driven animation, and a single shared WebGL canvas.","공간 깊이 / 마스크·레이어 / 모션","채택: 단일 소실점, 후면-콘텐츠-전면 마스크 순서 검증에 사용"
"Codrops","https://tympanus.net/codrops/2025/11/24/building-a-different-kind-of-agency-inside-14islands-people-first-creative-vision/","Building a Different Kind of Agency: Inside 14islands’ People-First Creative Vision","2025-11-24","A look inside 14islands, a creative agency shaping digital products through creative storytelling and a strong, people-centered culture.","상호작용 참고","보조 참고: 구조·간격만 검토하고 시각 스타일은 직접 전용하지 않음"
"Codrops","https://tympanus.net/codrops/2025/11/25/why-design-awards-matter-and-how-readymag-rethinks-them/","Why Design Awards Matter and How Readymag Rethinks Them","2025-11-25","As a website design tool, Readymag has taken part in and won international design awards while running its own for years. Let’s look at their insights from this experience.","상호작용 참고","보조 참고: 구조·간격만 검토하고 시각 스타일은 직접 전용하지 않음"
"Codrops","https://tympanus.net/codrops/2025/11/26/creating-wavy-infinite-carousels-in-react-three-fiber-with-glsl-shaders/","Creating Wavy Infinite Carousels in React Three Fiber with GLSL Shaders","2025-11-26","Experimenting with infinitely scrolling, wavy 3D carousels in React Three Fiber with smooth scroll-driven distortion effects.","공간 깊이 / 캐러셀 / 모션","채택: 단일 소실점, 후면-콘텐츠-전면 마스크 순서 검증에 사용"
"Codrops","https://tympanus.net/codrops/2025/11/27/letting-the-creative-process-shape-a-webgl-portfolio/","Letting the Creative Process Shape a WebGL Portfolio","2025-11-27","Exploring how experimenting with Three.js, React Three Fiber, and GSAP shaped the final experience.","공간 깊이 / 건축·에디토리얼","채택: 단일 소실점, 후면-콘텐츠-전면 마스크 순서 검증에 사용"
"Codrops","https://tympanus.net/codrops/2025/11/28/the-geometry-of-movement-a-shopify-powered-digital-tribute-to-raymond-templiers-modernist-vision/","The Geometry of Movement: A Shopify-Powered Digital Tribute to Raymond Templier’s Modernist Vision","2025-11-28","How a custom Shopify experience reimagines Templier’s modernist legacy through motion and refined digital design.","모션","부분 채택: 3상태 순환·전환 타이밍 참고, 과도한 장식 모션은 배제"
"Codrops","https://tympanus.net/codrops/2025/11/29/building-the-monolith-composable-rendering-systems-for-a-13-scene-webgl-epic/","Building The Monolith: Composable Rendering Systems for a 13-Scene WebGL Epic","2025-11-29","An exploration of how composable materials, particles, and transitions were engineered to bring The Monolith Project’s stylized universe to life.","공간 깊이 / 모션","채택: 단일 소실점, 후면-콘텐츠-전면 마스크 순서 검증에 사용"
"Codrops","https://tympanus.net/codrops/2025/12/01/from-a-founders-restless-urge-to-a-rule-breaking-studio-the-unfiltered-creative-evolution-of-zajno/","From a Founder’s Restless Urge to a Rule-Breaking Studio: The Unfiltered Creative Evolution of Zajno","2025-12-01","How one founder’s drive to make “cool sh*t only” sparked a studio culture built on experimentation, attitude, and fearless digital craft.","상호작용 참고","보조 참고: 구조·간격만 검토하고 시각 스타일은 직접 전용하지 않음"
"Codrops","https://tympanus.net/codrops/2025/12/02/two-portfolios-one-process-where-design-motion-and-code-come-together/","Two Portfolios, One Process: Where Design, Motion, and Code Come Together","2025-12-02","An exploration of how design and development come together to transform ideas into motion, shaping two portfolio websites through animation and creative coding.","모션 / 건축·에디토리얼","부분 채택: 3상태 순환·전환 타이밍 참고, 과도한 장식 모션은 배제"
"Codrops","https://tympanus.net/codrops/2025/12/04/crafting-nature-beyond-technology-a-project-from-roots-to-leaves/","Crafting Nature Beyond Technology: A Project from Roots to Leaves","2025-12-04","A deep dive into how a nature-inspired concept evolved into a polished WebGL experience blending design, animation, and technology.","공간 깊이 / 모션","채택: 단일 소실점, 후면-콘텐츠-전면 마스크 순서 검증에 사용"
"Codrops","https://tympanus.net/codrops/2025/12/05/from-illusions-to-optimization-the-creative-webgl-worlds-of-adrian-gubrica/","From Illusions to Optimization: The Creative WebGL Worlds of Adrián Gubrica","2025-12-05","A look at Adrián Gubrica’s journey from design roots to high-performance WebGL, and the creative, technical worlds he’s built along the way.","공간 깊이","채택: 단일 소실점, 후면-콘텐츠-전면 마스크 순서 검증에 사용"
"Codrops","https://tympanus.net/codrops/2025/12/08/building-with-perfect-pitch-how-fiddle-digital-composes-high-performance-digital-experiences/","Building With Perfect Pitch: How Fiddle.Digital Composes High-Performance Digital Experiences","2025-12-08","Fiddle.Digital reveals how a trio of specialists and their custom StringTune engine shape fast, immersive, and precisely crafted digital experiences.","마스크·레이어","채택: 단일 소실점, 후면-콘텐츠-전면 마스크 순서 검증에 사용"
"Codrops","https://tympanus.net/codrops/2025/12/10/simulating-life-in-the-browser-creating-a-living-particle-system-for-the-untillabs-website/","Simulating Life in the Browser: Creating a Living Particle System for the UntilLabs Website","2025-12-10","Learn how a real photograph was transformed into a living, physics-driven particle system using WebGL, shaders, and data-driven motion for the UntilLabs homepage.","공간 깊이 / 모션","채택: 단일 소실점, 후면-콘텐츠-전면 마스크 순서 검증에 사용"
"Codrops","https://tympanus.net/codrops/2025/12/12/from-a-single-story-to-countless-worlds-pavel-mazhugas-path-in-creative-development/","From a Single Story to Countless Worlds: Pavel Mazhuga’s Path in Creative Development","2025-12-12","Exploring the projects and motivations behind Pavel Mazhuga’s path into advanced 3D experiences on the web.","공간 깊이","채택: 단일 소실점, 후면-콘텐츠-전면 마스크 순서 검증에 사용"
"Codrops","https://tympanus.net/codrops/2025/12/15/from-basement-to-breakthroughs-inside-the-studio-powering-the-internets-boldest-brands/","From Basement to Breakthroughs: Inside the Studio Powering the Internet’s Boldest Brands","2025-12-15","A look at the studio where branding, engineering, and experimentation collide to shape the web’s next chapter.","상호작용 참고","보조 참고: 구조·간격만 검토하고 시각 스타일은 직접 전용하지 않음"
"Codrops","https://tympanus.net/codrops/2025/12/16/designing-in-the-open-how-community-collaboration-is-shaping-penpots-ai-future/","Designing in the Open: How Community Collaboration Is Shaping Penpot’s AI Future","2025-12-16","Why the next wave of AI-powered design tools will be built collectively — and how Penpot’s MCP Server opens the door.","상호작용 참고","보조 참고: 구조·간격만 검토하고 시각 스타일은 직접 전용하지 않음"
"Codrops","https://tympanus.net/codrops/2025/12/18/spain-collection-evolving-a-luxury-website-into-a-digital-ecosystem/","Spain Collection: Evolving a Luxury Website into a Digital Ecosystem","2025-12-18","An in-depth look at the evolution of Spain Collection’s first website into a more ambitious digital ecosystem, connecting strategy, design, and technology across Spain and Portugal.","상호작용 참고","보조 참고: 구조·간격만 검토하고 시각 스타일은 직접 전용하지 않음"
"Codrops","https://tympanus.net/codrops/2025/12/22/how-to-create-interactive-and-animated-wordpress-websites-in-2026-and-why-it-matters/","How to Create Interactive and Animated WordPress Websites in 2026 And Why It Matters","2025-12-22","The new standard for WordPress design is interactive, animated, and intentional.","상호작용 참고","보조 참고: 구조·간격만 검토하고 시각 스타일은 직접 전용하지 않음"
"Codrops","https://tympanus.net/codrops/2025/12/23/building-a-nostalgic-8-bit-universe-with-modern-tech-a-vibe-coding-journey/","Building a Nostalgic 8-bit Universe with Modern Tech: A Vibe Coding Journey","2025-12-23","A nostalgic 8-bit portfolio experiment built with modern AI workflows and performance-first web tech.","건축·에디토리얼","보조 참고: 구조·간격만 검토하고 시각 스타일은 직접 전용하지 않음"
"Codrops","https://tympanus.net/codrops/2025/12/29/2025-a-very-special-year-in-review/","2025: A Very Special Year in Review","2025-12-29","A look back at the ideas, experiments, and people that shaped a remarkable year at Codrops.","상호작용 참고","보조 참고: 구조·간격만 검토하고 시각 스타일은 직접 전용하지 않음"
"Codrops","https://tympanus.net/codrops/2025/12/29/frequency-breathwork-translating-the-invisible-rhythm-of-breath-into-digital-form/","Frequency Breathwork: Translating the Invisible Rhythm of Breath into Digital Form","2025-12-29","An exploration of how concept, motion, sound, and code came together to create a website that doesn’t just present breathwork, but embodies it.","모션","부분 채택: 3상태 순환·전환 타이밍 참고, 과도한 장식 모션은 배제"
"Codrops","https://tympanus.net/codrops/2025/12/30/the-increasing-importance-of-psychological-safety-and-self-awareness-for-creative-work/","The Increasing Importance of Psychological Safety and Self-Awareness for Creative Work","2025-12-30","This article dives into how psychological safety and self awareness help creative people take risks, speak honestly, and learn faster, and why that matters more than ever in modern teams.","상호작용 참고","보조 참고: 구조·간격만 검토하고 시각 스타일은 직접 전용하지 않음"
"Codrops","https://tympanus.net/codrops/2026/01/04/efecto-building-real-time-ascii-and-dithering-effects-with-webgl-shaders/","Efecto: Building Real-Time ASCII and Dithering Effects with WebGL Shaders","2026-01-04","An exploration of how classic image algorithms and CRT-era visuals come alive through real-time shaders on the web.","공간 깊이","채택: 단일 소실점, 후면-콘텐츠-전면 마스크 순서 검증에 사용"
"Codrops","https://tympanus.net/codrops/2026/01/05/how-to-create-a-pixel-to-voxel-video-drop-effect-with-three-js-and-rapier/","How to Create a Pixel-to-Voxel Video Drop Effect with Three.js and Rapier","2026-01-05","A tutorial showing how video pixels are voxelized in 3D and dropped into a physics-driven world using Three.js, shaders, and Rapier.","공간 깊이","채택: 단일 소실점, 후면-콘텐츠-전면 마스크 순서 검증에 사용"
"Codrops","https://tympanus.net/codrops/2026/01/06/best-wordpress-plugins-2026-animation-data-ui/","8 Best WordPress Plugins 2026: Animation, Data UI & Builder","2026-01-06","Discover the best 8 WordPress plugins for 2026 – animation, data UI, maps, grids, forms, builder &#038; booking – to extend your site while keeping pages lean with smart setup.","모션","부분 채택: 3상태 순환·전환 타이밍 참고, 과도한 장식 모션은 배제"
"Codrops","https://tympanus.net/codrops/2026/01/07/infinite-canvas-building-a-seamless-pan-anywhere-image-space/","Infinite Canvas: Building a Seamless, Pan-Anywhere Image Space","2026-01-07","Learn how to build an infinite, pannable image canvas with React Three Fiber. We’ll use chunk-based rendering and performance-first techniques to create a smooth, endlessly explorable image space.","상호작용 참고","보조 참고: 구조·간격만 검토하고 시각 스타일은 직접 전용하지 않음"
"Codrops","https://tympanus.net/codrops/2026/01/08/from-whats-a-string-to-sites-of-the-day-nathan-dallaires-high-end-web-experiences/","From “What’s a String?” to Sites of the Day: Nathan Dallaire’s High-End Web Experiences","2026-01-08","10 years ago, my brain couldn’t grasp what a string was and it turns out I was overcomplicating everything because code is called “code” (we should rename this).","상호작용 참고","보조 참고: 구조·간격만 검토하고 시각 스타일은 직접 전용하지 않음"
"Codrops","https://tympanus.net/codrops/2026/01/09/the-spark-engineering-an-immersive-story-first-web-experience/","The Spark: Engineering an Immersive, Story-First Web Experience","2026-01-09","An in-depth look at how The Spark was imagined, designed, and engineered as a cinematic, scroll-driven web experience that brings story, motion, sound, and performance together in the browser.","모션","부분 채택: 3상태 순환·전환 타이밍 참고, 과도한 장식 모션은 배제"
"Codrops","https://tympanus.net/codrops/2026/01/12/obys-design-books-turning-a-reading-list-into-a-tactile-web-library/","Obys’ Design Books: Turning a Reading List Into a Tactile Web Library","2026-01-12","A case study on how Obys turned book recommendations into a tactile, animated web library.","상호작용 참고","보조 참고: 구조·간격만 검토하고 시각 스타일은 직접 전용하지 않음"
"Codrops","https://tympanus.net/codrops/2026/01/13/best-wordpress-themes-for-designers-2026/","8 Best WordPress Themes for Designers (2026): Fast Builds, Clean UI","2026-01-13","Compare the 8 best WordPress themes for designers in 2026—fast builds, clean UI, dependable updates, and WooCommerce depth for reliable, high-performance sites.","상호작용 참고","보조 참고: 구조·간격만 검토하고 시각 스타일은 직접 전용하지 않음"
"Codrops","https://tympanus.net/codrops/2026/01/14/a-site-for-sore-eyes-combining-gsap-and-webflow-to-showcase-flim/","A Site for Sore Eyes: Combining GSAP and Webflow to Showcase Flim","2026-01-14","A deep dive into how Flim was built, breaking down the animations, interactions, and technical decisions behind a GSAP-powered Webflow experience.","모션","부분 채택: 3상태 순환·전환 타이밍 참고, 과도한 장식 모션은 배제"
"Codrops","https://tympanus.net/codrops/2026/01/15/building-a-scroll-driven-dual-wave-text-animation-with-gsap/","Building a Scroll-Driven Dual-Wave Text Animation with GSAP","2026-01-15","Learn how to create smooth, opposing wave text animations across dual columns with scroll-driven sine wave mathematics and synchronized image updates.","모션","부분 채택: 3상태 순환·전환 타이밍 참고, 과도한 장식 모션은 배제"
"Codrops","https://tympanus.net/codrops/2026/01/19/naked-city-films-designing-and-building-a-website-that-refuses-to-stand-still/","Naked City Films: Designing and Building a Website That Refuses to Stand Still","2026-01-19","A behind-the-scenes look at how restraint, rhythm, and custom technical systems shaped a website that behaves with the same confidence and control as the films it represents.","상호작용 참고","보조 참고: 구조·간격만 검토하고 시각 스타일은 직접 전용하지 않음"
"Codrops","https://tympanus.net/codrops/2026/01/20/animating-responsive-grid-layout-transitions-with-gsap-flip/","Animating Responsive Grid Layout Transitions with GSAP Flip","2026-01-20","We’ll explore how to use GSAP’s Flip plugin to animate dynamic grid layout changes, showing how grid items can resize and rearrange fluidly.","모션 / 건축·에디토리얼","부분 채택: 3상태 순환·전환 타이밍 참고, 과도한 장식 모션은 배제"
"Codrops","https://tympanus.net/codrops/2026/01/22/from-design-first-to-motion-driven-dylan-brouwers-journey-into-the-no-code-frontier/","From Design-First to Motion-Driven: Dylan Brouwer’s Journey into the No-Code Frontier","2026-01-22","A look at how Dylan blends visual design, UX, and motion to build expressive, experience-rich websites, powered by tools like Webflow, GSAP, and curiosity.","모션","부분 채택: 3상태 순환·전환 타이밍 참고, 과도한 장식 모션은 배제"
"Codrops","https://tympanus.net/codrops/2026/01/27/top-web-design-tools-2026/","12 Top Web Design Tools and Resources for 2026 – AI and Creative Picks","2026-01-27","Discover the top 12 web design tools for 2026 – from AI-powered builders to creative resources for designers.","상호작용 참고","보조 참고: 구조·간격만 검토하고 시각 스타일은 직접 전용하지 않음"
"Codrops","https://tympanus.net/codrops/2026/01/28/webgpu-gommage-effect-dissolving-msdf-text-into-dust-and-petals-with-three-js-tsl/","WebGPU Gommage Effect: Dissolving MSDF Text into Dust and Petals with Three.js & TSL","2026-01-28","Build a Three.js WebGPU scene where MSDF text dissolves with a noise-driven TSL shader while synchronized dust and spinning petal particles burst out, finished with selective bloom using MRT.","공간 깊이","채택: 단일 소실점, 후면-콘텐츠-전면 마스크 순서 검증에 사용"
"Codrops","https://tympanus.net/codrops/2026/01/30/from-art-on-the-walls-to-motion-on-the-screen-daniele-buffas-approach-to-design/","From Art on the Walls to Motion on the Screen: Daniele Buffa’s Approach to Design","2026-01-30","From discovering design as a teenager to creating award-winning experiences, Daniele Buffa’s journey has been shaped by curiosity, craft, and a lifelong exposure to art.","모션","부분 채택: 3상태 순환·전환 타이밍 참고, 과도한 장식 모션은 배제"
"Codrops","https://tympanus.net/codrops/2026/02/02/building-a-scroll-revealed-webgl-gallery-with-gsap-three-js-astro-and-barba-js/","Building a Scroll-Revealed WebGL Gallery with GSAP, Three.js, Astro and Barba.js","2026-02-02","Learn how to build a multi-page WebGL image gallery with scroll-triggered shader reveals, smooth scrolling, and seamless page transitions using GSAP, Three.js, Astro, and Barba.js.","공간 깊이 / 마스크·레이어 / 캐러셀 / 모션","채택: 단일 소실점, 후면-콘텐츠-전면 마스크 순서 검증에 사용"
"Codrops","https://tympanus.net/codrops/2026/02/04/making-motion-behave-inside-vladyslav-penevs-production-ready-interaction-systems/","Making Motion Behave: Inside Vladyslav Penev’s Production-Ready Interaction Systems","2026-02-04","Vladyslav Penev shares how he builds production-ready motion and layout-driven 3D systems, where CSS, WebGL, and interaction behave as one.","공간 깊이 / 모션 / 건축·에디토리얼","채택: 단일 소실점, 후면-콘텐츠-전면 마스크 순서 검증에 사용"
"Codrops","https://tympanus.net/codrops/2026/02/08/motion-highlights-16/","Motion Highlights #16","2026-02-08","A fresh selection of UI animations and motion work from the creative community.","모션","부분 채택: 3상태 순환·전환 타이밍 참고, 과도한 장식 모션은 배제"
"Codrops","https://tympanus.net/codrops/2026/02/09/exo-ape-crafting-unforgettable-digital-journeys/","Exo Ape: Crafting Unforgettable Digital Journeys","2026-02-09","A studio story shaped by narrative, motion, and the belief that digital journeys should feel human.","모션","부분 채택: 3상태 순환·전환 타이밍 참고, 과도한 장식 모션은 배제"
"Codrops","https://tympanus.net/codrops/2026/02/10/building-an-endless-procedural-snake-with-three-js-and-webgl/","Building an Endless Procedural Snake with Three.js and WebGL","2026-02-10","A deep dive into building a GPU-enhanced procedural curve system in Three.js, where organic motion emerges from simple steering rules and endless Bézier paths.","공간 깊이 / 모션","채택: 단일 소실점, 후면-콘텐츠-전면 마스크 순서 검증에 사용"
"Codrops","https://tympanus.net/codrops/2026/02/13/1820-productions-minimal-design-maximal-motion/","1820 Productions: Minimal Design, Maximal Motion","2026-02-13","A detailed behind-the-build on turning a strict minimal brief into a high-end experience through rhythm, transitions, and micro-interactions.","모션","부분 채택: 3상태 순환·전환 타이밍 참고, 과도한 장식 모션은 배제"
"Codrops","https://tympanus.net/codrops/2026/02/16/inside-metalab-silicon-valleys-best-kept-design-secret/","Inside Metalab, Silicon Valley’s Best-Kept Design Secret","2026-02-16","You may not have known it at the time, but chances are you’ve probably used a product we’ve designed.","상호작용 참고","보조 참고: 구조·간격만 검토하고 시각 스타일은 직접 전용하지 않음"
"Codrops","https://tympanus.net/codrops/2026/02/17/reactive-depth-building-a-scroll-driven-3d-image-tube-with-react-three-fiber/","Reactive Depth: Building a Scroll-Driven 3D Image Tube with React Three Fiber","2026-02-17","Build a scroll-driven, infinitely looping 3D image tube in React Three Fiber powered by shaders, inertia, and a unified motion system.","공간 깊이 / 모션","채택: 단일 소실점, 후면-콘텐츠-전면 마스크 순서 검증에 사용"
"Codrops","https://tympanus.net/codrops/2026/02/18/joffrey-spitzer-portfolio-a-minimalist-astro-gsap-build-with-reveals-flip-transitions-and-subtle-motion/","Joffrey Spitzer Portfolio: A Minimalist Astro + GSAP Build with Reveals, Flip Transitions and Subtle Motion","2026-02-18","Building a minimalist, smooth portfolio with Astro + GSAP: reveals, page transitions and subtle animations, crafted with restraint and precision.","마스크·레이어 / 모션 / 건축·에디토리얼","채택: 단일 소실점, 후면-콘텐츠-전면 마스크 순서 검증에 사용"
"Codrops","https://tympanus.net/codrops/2026/02/19/creating-a-smooth-horizontal-parallax-gallery-from-dom-to-webgl/","Creating a Smooth Horizontal Parallax Gallery: From DOM to WebGL","2026-02-19","Build a smooth horizontal parallax gallery in DOM/CSS/JS, then upgrade it to GPU-powered WebGL (Three.js) with shaders.","공간 깊이 / 캐러셀 / 모션","채택: 단일 소실점, 후면-콘텐츠-전면 마스크 순서 검증에 사용"
"Codrops","https://tympanus.net/codrops/2026/02/20/cinematic-presence-the-directors-cut-of-the-jason-bergh-experience/","Cinematic Presence: The Director’s Cut of the Jason Bergh Experience","2026-02-20","This is Brooklyn grit in a darkroom palette—italicized first letters, cream-toned “film stock” whites, and UI details pulled straight from the edge of a 35mm strip.","상호작용 참고","보조 참고: 구조·간격만 검토하고 시각 스타일은 직접 전용하지 않음"
"Codrops","https://tympanus.net/codrops/2026/02/23/composite-rendering-the-brilliance-behind-inspiring-webgl-transitions/","Composite Rendering: The Brilliance Behind Inspiring WebGL Transitions","2026-02-23","Explore composite rendering in WebGL and how render targets power seamless transitions and advanced scene compositing.","공간 깊이 / 모션","채택: 단일 소실점, 후면-콘텐츠-전면 마스크 순서 검증에 사용"
"Codrops","https://tympanus.net/codrops/2026/02/24/from-flat-to-spatial-creating-a-3d-product-grid-with-react-three-fiber/","From Flat to Spatial: Creating a 3D Product Grid with React Three Fiber","2026-02-24","A practical walkthrough of building a curved 3D product grid with React Three Fiber and GLSL, covering shaders, animation, and performance.","공간 깊이 / 모션","채택: 단일 소실점, 후면-콘텐츠-전면 마스크 순서 검증에 사용"
"Codrops","https://tympanus.net/codrops/2026/02/25/reshaping-telha-clarkes-digital-home-from-wordmark-to-motion-system/","Reshaping Telha Clarke’s Digital Home from Wordmark to Motion System","2026-02-25","A behind-the-scenes look at balancing clean layouts and thoughtful motion for Telha Clarke’s new identity.","모션 / 건축·에디토리얼","부분 채택: 3상태 순환·전환 타이밍 참고, 과도한 장식 모션은 배제"
"Codrops","https://tympanus.net/codrops/2026/02/26/building-async-page-transitions-in-vanilla-javascript/","Building Async Page Transitions in Vanilla JavaScript","2026-02-26","Learn how to build a lightweight SPA router with true async crossfade page transitions using Vanilla JavaScript, GSAP, and Vite — no framework required.","모션","부분 채택: 3상태 순환·전환 타이밍 참고, 과도한 장식 모션은 배제"
"Codrops","https://tympanus.net/codrops/2026/02/27/gabriel-norman-from-gaming-culture-to-high-end-interactive-experiences/","Gabriel Norman: From Gaming Culture to High-End Interactive Experiences","2026-02-27","How gaming culture, typographic discipline, and a passion for motion design converged into a career building immersive digital experiences.","모션","부분 채택: 3상태 순환·전환 타이밍 참고, 과도한 장식 모션은 배제"
"Codrops","https://tympanus.net/codrops/2026/02/28/when-community-becomes-ui-building-the-website-for-the-first-three-js-conference/","When Community Becomes UI: Building the Website for the First Three.js Conference","2026-02-28","How Makio64 &#038; Hervé Studio designed threejs.paris , the website of the very first Three.js conference, to make every visitor part of the show!","공간 깊이","채택: 단일 소실점, 후면-콘텐츠-전면 마스크 순서 검증에 사용"
"Codrops","https://tympanus.net/codrops/2026/03/02/sticky-grid-scroll-building-a-scroll-driven-animated-grid/","Sticky Grid Scroll: Building a Scroll-Driven Animated Grid","2026-03-02","Learn how to build a structured scroll-driven image grid where movement unfolds progressively within a sticky layout.","모션 / 건축·에디토리얼","부분 채택: 3상태 순환·전환 타이밍 참고, 과도한 장식 모션은 배제"
"Codrops","https://tympanus.net/codrops/2026/03/03/the-lookback-a-digital-capsule-for-better-off-studios-creative-past/","The Lookback: A Digital Capsule for Better Off® Studio’s Creative Past","2026-03-03","How we designed and built a digital capsule for Better Off® Studio to document what shaped them into who they are today.","상호작용 참고","보조 참고: 구조·간격만 검토하고 시각 스타일은 직접 전용하지 않음"
"Codrops","https://tympanus.net/codrops/2026/03/04/webgl-for-designers-creating-interactive-shader-driven-graphics-directly-in-the-browser/","WebGL for Designers: Creating Interactive, Shader-Driven Graphics Directly in the Browser","2026-03-04","A look at how Unicorn Studio brings the power of WebGL shaders to designers through a layer-based workflow, making it easier to create expressive, interactive graphics directly in the browser.","공간 깊이 / 마스크·레이어","채택: 단일 소실점, 후면-콘텐츠-전면 마스크 순서 검증에 사용"
"Codrops","https://tympanus.net/codrops/2026/03/05/inside-corentin-bernadous-portfolio-swiss-inspired-layouts-webgl-geometry-and-thoughtful-motion/","Inside Corentin Bernadou’s Portfolio: Swiss-Inspired Layouts, WebGL Geometry, and Thoughtful Motion","2026-03-05","An overview of how I redesigned my portfolio as a creative playground, blending editorial design, WebGL experiments, and thoughtful motion.","공간 깊이 / 모션 / 건축·에디토리얼","채택: 단일 소실점, 후면-콘텐츠-전면 마스크 순서 검증에 사용"
"Codrops","https://tympanus.net/codrops/2026/03/06/obys-the-small-studio-designing-big-digital-narratives/","Obys: The Small Studio Designing Big Digital Narratives","2026-03-06","An inside look at Obys and how a small team creates award-winning digital experiences through storytelling, structure, and intentional design.","상호작용 참고","보조 참고: 구조·간격만 검토하고 시각 스타일은 직접 전용하지 않음"
"Codrops","https://tympanus.net/codrops/2026/03/09/building-a-scroll-reactive-3d-gallery-with-three-js-velocity-and-mood-based-backgrounds/","Building a Scroll-Reactive 3D Gallery with Three.js, Velocity, and Mood-Based Backgrounds","2026-03-09","A tutorial on building a scroll-driven WebGL gallery in Three.js with depth-layered images, palette-driven backgrounds, and motion that responds to scroll velocity.","공간 깊이 / 마스크·레이어 / 캐러셀 / 모션","채택: 단일 소실점, 후면-콘텐츠-전면 마스크 순서 검증에 사용"
"Codrops","https://tympanus.net/codrops/2026/03/11/svg-mask-transitions-on-scroll-with-gsap-and-scrolltrigger/","SVG Mask Transitions on Scroll with GSAP and ScrollTrigger","2026-03-11","In this tutorial, we’ll create four scroll-driven transitions that reveal fullscreen images using SVG masks, GSAP, and grid- and blind-based patterns.","마스크·레이어 / 모션","채택: 단일 소실점, 후면-콘텐츠-전면 마스크 순서 검증에 사용"
"Codrops","https://tympanus.net/codrops/2026/03/12/what-happens-when-you-cant-stop-creating-huy-nguyens-story-of-starting-his-own-studio/","What Happens When You Can’t Stop Creating: Huy Nguyen’s Story of Starting His Own Studio","2026-03-12","How I went from having no idea what to do with my life to dropping out of university and building a design studio in my twenties.","상호작용 참고","보조 참고: 구조·간격만 검토하고 시각 스타일은 직접 전용하지 않음"
"Codrops","https://tympanus.net/codrops/2026/03/16/jonas-reymondins-portfolio-reclaiming-the-ui-eye-through-systems-code-and-pixel-motion/","Jonas Reymondin’s Portfolio: Reclaiming the UI Eye Through Systems, Code, and Pixel Motion","2026-03-16","A candid journey through the challenging process of defining my narrative as a creative who cares deeply about both design and engineering.","모션 / 건축·에디토리얼","부분 채택: 3상태 순환·전환 타이밍 참고, 과도한 장식 모션은 배제"
"Codrops","https://tympanus.net/codrops/2026/03/18/building-seamless-3d-transitions-with-webflow-gsap-and-three-js/","Building Seamless 3D Transitions with Webflow, GSAP, and Three.js","2026-03-18","Build a single, persistent Three.js scene in Webflow and drive smooth, GSAP-powered page transitions with Barba.js.","공간 깊이 / 모션","채택: 단일 소실점, 후면-콘텐츠-전면 마스크 순서 검증에 사용"
"Codrops","https://tympanus.net/codrops/2026/03/19/yeva-tykhonova-design-as-a-bridge-between-human-emotion-and-the-digital-world/","Yeva Tykhonova: Design as a Bridge Between Human Emotion and the Digital World","2026-03-19","Because behind every interface is a real person, and behind every interaction is a feeling.","모션","부분 채택: 3상태 순환·전환 타이밍 참고, 과도한 장식 모션은 배제"
"Codrops","https://tympanus.net/codrops/2026/03/20/jackie-zhangs-portfolio-from-chasing-references-to-finding-direction/","Jackie Zhang’s Portfolio: From Chasing References to Finding Direction","2026-03-20","How I stopped chasing references and built a portfolio that actually feels like me.","건축·에디토리얼","보조 참고: 구조·간격만 검토하고 시각 스타일은 직접 전용하지 않음"
"Codrops","https://tympanus.net/codrops/2026/03/23/building-a-dual-scene-fluid-x-ray-reveal-effect-in-three-js/","Building a Dual-Scene Fluid X-Ray Reveal Effect in Three.js","2026-03-23","Learn how to use Three.js to blend two scenes with a fluid simulation, creating a smooth, dynamic reveal effect.","공간 깊이 / 마스크·레이어","채택: 단일 소실점, 후면-콘텐츠-전면 마스크 순서 검증에 사용"
"Codrops","https://tympanus.net/codrops/2026/03/24/digital-craft-wild-soul-building-san-ritas-topographic-web-experience/","Digital Craft, Wild Soul: Building San Rita’s Topographic Web Experience","2026-03-24","Designed as a digital landscape to explore, San Rita’s portfolio combines 3D terrain, vintage map textures, and immersive motion with a strong sense of place.","공간 깊이 / 모션 / 건축·에디토리얼","채택: 단일 소실점, 후면-콘텐츠-전면 마스크 순서 검증에 사용"
"Codrops","https://tympanus.net/codrops/2026/03/25/from-web-ui-to-game-ui-how-gaming-creativity-reshaped-maria-vargas-career/","From Web UI to Game UI: How Gaming & Creativity Reshaped María Vargas’ Career","2026-03-25","After a decade designing websites, María Vargas shares how gaming unexpectedly became the next chapter of her career.","상호작용 참고","보조 참고: 구조·간격만 검토하고 시각 스타일은 직접 전용하지 않음"
"Codrops","https://tympanus.net/codrops/2026/03/27/pell-mell-crafting-a-visual-exploration-platform-with-editorial-rhythm/","Pell Mell: Crafting a Visual Exploration Platform with Editorial Rhythm","2026-03-27","A refined case study on how Pell Mell reimagines creative discovery through immersive scrolling, restrained interactions, editorial-inspired design, and a performance-conscious visual system.","모션 / 건축·에디토리얼","부분 채택: 3상태 순환·전환 타이밍 참고, 과도한 장식 모션은 배제"
"Codrops","https://tympanus.net/codrops/2026/03/29/motion-highlights-17/","Motion Highlights #17","2026-03-29","From fluid simulations to bold microinteractions, this edition showcases vibrant animation and visual storytelling from across the creative web.","모션","부분 채택: 3상태 순환·전환 타이밍 참고, 과도한 장식 모션은 배제"
"Codrops","https://tympanus.net/codrops/2026/03/30/where-confidence-needs-no-decoration-the-malvah-studio-story/","Where Confidence Needs No Decoration: The Malvah.Studio Story","2026-03-30","A look at how Malvah.Studio creates distinctive brand experiences for businesses looking beyond the ordinary.","상호작용 참고","보조 참고: 구조·간격만 검토하고 시각 스타일은 직접 전용하지 않음"
"Codrops","https://tympanus.net/codrops/2026/03/31/arnaud-roccas-portfolio-from-a-gsap-powered-motion-system-to-fluid-webgl/","Arnaud Rocca’s Portfolio: From a GSAP-Powered Motion System to Fluid WebGL","2026-03-31","An exploration of how reusable GSAP animations, custom text transitions, and fluid WebGL interactions shape a distinctive portfolio experience.","공간 깊이 / 모션 / 건축·에디토리얼","채택: 단일 소실점, 후면-콘텐츠-전면 마스크 순서 검증에 사용"
"Codrops","https://tympanus.net/codrops/2026/04/01/animating-160000-cubes-in-three-js-to-visualize-dithering/","Animating 160,000 Cubes in Three.js to Visualize Dithering","2026-04-01","A step-by-step breakdown of how I built a Three.js visual explainer on dithering by animating 160,000 cubes with custom shaders.","공간 깊이","채택: 단일 소실점, 후면-콘텐츠-전면 마스크 순서 검증에 사용"
"Codrops","https://tympanus.net/codrops/2026/04/02/where-engineering-meets-craft-edoardo-lunardis-obsession-with-the-details/","Where Engineering Meets Craft: Edoardo Lunardi’s Obsession with the Details","2026-04-02","How obsessing over craft, code quality, and the details nobody notices shaped a decade of creative frontend work.","상호작용 참고","보조 참고: 구조·간격만 검토하고 시각 스타일은 직접 전용하지 않음"
"Codrops","https://tympanus.net/codrops/2026/04/06/building-the-maxima-therapy-website-react-gsap-and-dabbling-with-ai/","Building the Maxima Therapy Website: React, GSAP, and Dabbling with AI","2026-04-06","A behind-the-scenes look at how we built Maxima Therapy with playful interactions, creative code, and a little AI help along the way.","상호작용 참고","보조 참고: 구조·간격만 검토하고 시각 스타일은 직접 전용하지 않음"
"Codrops","https://tympanus.net/codrops/2026/04/07/r-k-26-the-thinking-and-code-behind-a-portfolio-led-by-presence/","R—K ’26: The Thinking and Code Behind a Portfolio Led by Presence","2026-04-07","More than a year of iteration, motion studies, and technical refinement went into shaping R—K ’26 into a portfolio where identity, rhythm, and interaction work as one.","모션 / 건축·에디토리얼","부분 채택: 3상태 순환·전환 타이밍 참고, 과도한 장식 모션은 배제"
"Codrops","https://tympanus.net/codrops/2026/04/08/creating-custom-page-transitions-in-astro-with-barba-js-and-gsap/","Creating Custom Page Transitions in Astro with Barba.js and GSAP","2026-04-08","Follow along as we build page transitions in Astro with Barba.js and GSAP, from the initial setup to a working animated transition flow.","모션","부분 채택: 3상태 순환·전환 타이밍 참고, 과도한 장식 모션은 배제"
"Codrops","https://tympanus.net/codrops/2026/04/09/a-single-dm-a-first-sotd-and-the-start-of-chanh-m-hos-creative-journey/","A Single DM, a First SOTD, and the Start of Chanh M. Ho’s Creative Journey","2026-04-09","How one direct message opened the door to my first SOTD and shaped my journey as a creative developer.","상호작용 참고","보조 참고: 구조·간격만 검토하고 시각 스타일은 직접 전용하지 않음"
"Codrops","https://tympanus.net/codrops/2026/04/10/the-exat-microsite-pushing-a-typography-showcase-to-new-creative-extremes/","The Exat Microsite: Pushing a Typography Showcase to New Creative Extremes","2026-04-10","A case study on how motion, interaction, and scroll-driven design turned the Exat microsite into an expressive showcase for contemporary type.","모션","부분 채택: 3상태 순환·전환 타이밍 참고, 과도한 장식 모션은 배제"
"Codrops","https://tympanus.net/codrops/2026/04/13/lusion-where-digital-craft-meets-ambitious-experimentation/","Lusion: Where Digital Craft Meets Ambitious Experimentation","2026-04-13","What began with one person teaching himself to make things grew into a creative practice shaped by curiosity, persistence, and the urge to push digital work further.","상호작용 참고","보조 참고: 구조·간격만 검토하고 시각 스타일은 직접 전용하지 않음"
"Codrops","https://tympanus.net/codrops/2026/04/14/they-call-me-giulio-the-making-of-a-cinematic-cyberpunk-portfolio/","They Call Me Giulio: The Making of a Cinematic Cyberpunk Portfolio","2026-04-14","A deep dive into four cinematic scenes, exploring how film-inspired ideas evolved into a cohesive and immersive portfolio experience.","건축·에디토리얼","보조 참고: 구조·간격만 검토하고 시각 스타일은 직접 전용하지 않음"
"Codrops","https://tympanus.net/codrops/2026/04/16/the-art-of-complex-motion-corentin-bernadous-world-of-shaders-and-experimentation/","The Art of Complex Motion: Corentin Bernadou’s World of Shaders and Experimentation","2026-04-16","A story of how sharing experiments, studying shaders, and pushing animation further helped shape a distinct motion practice.","모션","부분 채택: 3상태 순환·전환 타이밍 참고, 과도한 장식 모션은 배제"
"Codrops","https://tympanus.net/codrops/2026/04/20/interactive-storytelling-for-the-web-building-immersive-stories-with-timelines-3d-and-layered-scenes/","Interactive Storytelling for the Web: Building Immersive Stories with Timelines, 3D, and Layered Scenes","2026-04-20","A step by step tutorial on creating an immersive Moon story in Instorier with motion, interaction, and 3D scene building.","공간 깊이 / 마스크·레이어 / 모션","채택: 단일 소실점, 후면-콘텐츠-전면 마스크 순서 검증에 사용"
"Codrops","https://tympanus.net/codrops/2026/04/21/false-earth-from-webgl-limits-to-a-webgpu-driven-world/","False Earth: From WebGL Limits to a WebGPU-Driven World","2026-04-21","A deep dive into building an infinite procedural landscape using WebGPU and Three.js, where compute shaders and indirect drawing bring millions of interactive grass blades to life.","공간 깊이","채택: 단일 소실점, 후면-콘텐츠-전면 마스크 순서 검증에 사용"
"Codrops","https://tympanus.net/codrops/2026/04/22/a-playful-clip-menu-with-gsaps-easereverse/","A Playful Clip Menu with GSAP’s easeReverse","2026-04-22","A playful GSAP menu demo exploring how easeReverse makes reversed UI animations feel smoother, snappier, and more intentional.","마스크·레이어 / 모션","채택: 단일 소실점, 후면-콘텐츠-전면 마스크 순서 검증에 사용"
"Codrops","https://tympanus.net/codrops/2026/04/23/building-4wide-turning-distortion-blur-and-motion-into-a-coherent-experience/","Building 4WIDE: Turning Distortion, Blur, and Motion into a Coherent Experience","2026-04-23","A look at designing and building the 4WIDE website, exploring how distortion, blur, and motion were used to create an expressive experience while balancing clarity and performance.","모션","부분 채택: 3상태 순환·전환 타이밍 참고, 과도한 장식 모션은 배제"
"Codrops","https://tympanus.net/codrops/2026/04/24/susurrus-crafting-a-cozy-watercolor-world-with-three-js-and-shaders/","Susurrus: Crafting a Cozy Watercolor World with Three.js and Shaders","2026-04-24","A behind-the-scenes look at blending NPR shading, sound, and interaction to shape a meditative WebGL scene.","공간 깊이","채택: 단일 소실점, 후면-콘텐츠-전면 마스크 순서 검증에 사용"
"Codrops","https://tympanus.net/codrops/2026/04/27/rhumb-studio-small-but-mighty-shaped-by-curiosity/","Rhumb Studio: Small but Mighty, Shaped by Curiosity","2026-04-27","A two-person studio working between Bristol and Paris, redefining web design by crafting immersive, spatial experiences that feel less like pages and more like places.","상호작용 참고","보조 참고: 구조·간격만 검토하고 시각 스타일은 직접 전용하지 않음"
"Codrops","https://tympanus.net/codrops/2026/04/28/more-than-a-portfolio-building-a-scroll-driven-3d-world-with-something-to-say/","More Than a Portfolio: Building a Scroll-Driven 3D World with Something to Say","2026-04-28","A scroll-driven 3D world built from scratch with Three.js, GSAP, and WebGL — where every technical decision serves a message worth sharing.","공간 깊이 / 모션 / 건축·에디토리얼","채택: 단일 소실점, 후면-콘텐츠-전면 마스크 순서 검증에 사용"
"Codrops","https://tympanus.net/codrops/2026/04/29/between-human-and-machine-sofia-papadopoulous-approach-to-augmented-creativity/","Between Human and Machine: Sofia Papadopoulou’s Approach to Augmented Creativity","2026-04-29","From painting to immersive design, Sofia Papadopoulou’s path reflects a constant evolution across mediums.","상호작용 참고","보조 참고: 구조·간격만 검토하고 시각 스타일은 직접 전용하지 않음"
"Codrops","https://tympanus.net/codrops/2026/05/02/designing-against-the-gallery-a-two-year-journey-to-a-layered-portfolio-experience/","Designing Against the Gallery: A Two-Year Journey to a Layered Portfolio Experience","2026-05-02","A two-year journey to create a layered, engaging portfolio beyond the traditional gallery.","마스크·레이어 / 캐러셀 / 건축·에디토리얼","채택: 단일 소실점, 후면-콘텐츠-전면 마스크 순서 검증에 사용"
"Codrops","https://tympanus.net/codrops/2026/05/04/akaru-crafting-precision-driven-digital-experiences/","Akaru: Crafting Precision-Driven Digital Experiences","2026-05-04","In a digital world increasingly shaped by templates and automated systems, we still believe in the power of crafted experiences.","상호작용 참고","보조 참고: 구조·간격만 검토하고 시각 스타일은 직접 전용하지 않음"
"Codrops","https://tympanus.net/codrops/2026/05/05/reverse-engineering-claude-ais-mascot-animations-with-svg-and-gsap/","Reverse-Engineering Claude AI’s Mascot Animations with SVG and GSAP","2026-05-05","How I rebuilt Claude AI’s mascot animations from scratch, frame by frame, purely in code using SVG and GSAP.","모션","부분 채택: 3상태 순환·전환 타이밍 참고, 과도한 장식 모션은 배제"
"Codrops","https://tympanus.net/codrops/2026/05/06/from-shader-uniforms-to-clip-path-wipes-how-gsap-drives-my-portfolio/","From Shader Uniforms to Clip-Path Wipes: How GSAP Drives My Portfolio","2026-05-06","A look at how my portfolio came together as a technical handshake, with GSAP orchestrating everything from shader uniforms to text reveals.","마스크·레이어 / 건축·에디토리얼","채택: 단일 소실점, 후면-콘텐츠-전면 마스크 순서 검증에 사용"
"Codrops","https://tympanus.net/codrops/2026/05/11/lemma-studio-building-the-feeling-behind-the-screen/","Le:mma Studio: Building the Feeling Behind the Screen","2026-05-11","Between rhythm, atmosphere, and digital craft, Le:mma Studio explores how the web can feel cinematic, emotional, and deeply human.","모션","부분 채택: 3상태 순환·전환 타이밍 참고, 과도한 장식 모션은 배제"
"Codrops","https://tympanus.net/codrops/2026/05/13/exploring-the-html-in-canvas-proposal/","Exploring the HTML-in-Canvas Proposal","2026-05-13","A look at the HTML-in-Canvas proposal, how it works, and what it enables with a few practical demos.","상호작용 참고","보조 참고: 구조·간격만 검토하고 시각 스타일은 직접 전용하지 않음"
"Codrops","https://tympanus.net/codrops/2026/05/14/designing-ourselves-the-new-obys-identity-and-website/","Designing Ourselves: The New Obys Identity and Website","2026-05-14","An inside look at the new Obys – from rethinking our identity to building a system where type, motion, and structure work as one, shaping a more precise and consistent experience.","모션","부분 채택: 3상태 순환·전환 타이밍 참고, 과도한 장식 모션은 배제"
"Codrops","https://tympanus.net/codrops/2026/05/18/merlin-the-code-boutique-turning-motion-into-digital-magic/","Merlin: The Code Boutique Turning Motion Into Digital Magic","2026-05-18","A code boutique from Amsterdam crafting high-performance digital experiences where motion, technology, and design become one seamless language.","모션","부분 채택: 3상태 순환·전환 타이밍 참고, 과도한 장식 모션은 배제"
"Codrops","https://tympanus.net/codrops/2026/05/19/80s-business-tech-seamless-scene-transitions-inside-shader-ses-scroll-driven-webgpu-pipeline/","80s Business Tech and Seamless Scene Transitions: Inside Shader.se’s Scroll-Driven WebGPU Pipeline","2026-05-19","How we built the scroll-driven WebGPU pipeline behind Shader.se, from selective scene rendering to seamless scene transitions using React Three Fiber.","모션","부분 채택: 3상태 순환·전환 타이밍 참고, 과도한 장식 모션은 배제"
"Codrops","https://tympanus.net/codrops/2026/05/20/made-with-gsap-building-a-fun-gravity-based-mouse-trail/","Made With Gsap: Building a Fun Gravity-Based Mouse Trail","2026-05-20","A creative GSAP experiment where images cascade from the mouse position and rebound off the bottom of the screen with satisfying motion.","모션","부분 채택: 3상태 순환·전환 타이밍 참고, 과도한 장식 모션은 배제"
"Codrops","https://tympanus.net/codrops/2026/05/21/creating-scroll-driven-svg-map-animations-with-gsap/","Creating Scroll-Driven SVG Map Animations with GSAP","2026-05-21","A tutorial on building cinematic scroll-driven SVG map animations with GSAP using path drawing, motion tracking, and smooth camera movement.","모션","부분 채택: 3상태 순환·전환 타이밍 참고, 과도한 장식 모션은 배제"
"Codrops","https://tympanus.net/codrops/2026/05/26/building-a-scroll-driven-3d-cube-gallery-in-webflow-with-gsap/","Building a Scroll-Driven 3D Cube Gallery in Webflow with GSAP","2026-05-26","A step-by-step guide to building a scroll-driven 3D cube gallery in Webflow with GSAP animations and CMS-powered content.","공간 깊이 / 캐러셀 / 모션","채택: 단일 소실점, 후면-콘텐츠-전면 마스크 순서 검증에 사용"
"Codrops","https://tympanus.net/codrops/2026/05/27/whooshes-snaps-and-shaders-adrien-vanderpotte-and-the-feeling-of-the-interface/","Whooshes, Snaps and Shaders: Adrien Vanderpotte and the Feeling of the Interface","2026-05-27","An exploration of the meticulously messy hunt for a project’s digital signature: the singular, reactive behavior that makes a brand feel unforgettable.","상호작용 참고","보조 참고: 구조·간격만 검토하고 시각 스타일은 직접 전용하지 않음"
"Codrops","https://tympanus.net/codrops/2026/05/28/the-never-ending-story-building-a-seamless-infinite-scroll-experience-with-gsap-lenis/","The Never Ending Story: Building a Seamless Infinite Scroll Experience with GSAP & Lenis","2026-05-28","Most pages end when you stop scrolling. This one doesn’t. Learn how to build a seamless infinite scroll with a layered parallax depth effect.","마스크·레이어 / 모션","채택: 단일 소실점, 후면-콘텐츠-전면 마스크 순서 검증에 사용"
"Codrops","https://tympanus.net/codrops/2026/05/30/the-future-of-emotional-technology-comfort-websites-for-growth-and-self-awareness/","The Future of Emotional Technology: Comfort Websites for Growth and Self-Awareness","2026-05-30","Personalized digital spaces designed with care and emotional intention may offer a new way to support self-awareness, emotional growth, and the processing of difficult experiences in an increasingly AI-driven world.","모션","부분 채택: 3상태 순환·전환 타이밍 참고, 과도한 장식 모션은 배제"
"Codrops","https://tympanus.net/codrops/2026/06/01/beaucoup-and-the-pursuit-of-memorable-experiences/","Beaucoup and the Pursuit of Memorable Experiences","2026-06-01","Through branding, immersive web experiences, and 3D design, Beaucoup explores new ways to make brands feel memorable.","공간 깊이","채택: 단일 소실점, 후면-콘텐츠-전면 마스크 순서 검증에 사용"
"Codrops","https://tympanus.net/codrops/2026/06/03/forging-her-own-path-houmahani-kanes-journey-in-creative-development/","Forging Her Own Path: Houmahani Kane’s Journey in Creative Development","2026-06-03","From self-taught beginnings to real client work, I share my journey, key projects, and the challenges that shaped my approach to building interactive experiences.","상호작용 참고","보조 참고: 구조·간격만 검토하고 시각 스타일은 직접 전용하지 않음"
"Codrops","https://tympanus.net/codrops/2026/06/04/creating-a-thumbnail-flow-animation-with-gsap-motionpath/","Creating a Thumbnail Flow Animation with GSAP MotionPath","2026-06-04","A creative exploration of GSAP MotionPath, where stacked thumbnails unfold into a flowing image strip through curved trajectories.","모션","부분 채택: 3상태 순환·전환 타이밍 참고, 과도한 장식 모션은 배제"
"Codrops","https://tympanus.net/codrops/2026/06/05/the-making-of-the-new-lesse-studio-website-clarity-performance-and-intentionality/","The Making of the New Lesse Studio Website: Clarity, Performance, and Intentionality","2026-06-05","What rebuilding the Lesse Studio website taught us about self-hosting, performance, and choosing tools with intention.","상호작용 참고","보조 참고: 구조·간격만 검토하고 시각 스타일은 직접 전용하지 않음"
"Codrops","https://tympanus.net/codrops/2026/06/08/no-two-paths-alike-inside-san-ritas-approach-to-digital-experiences/","No Two Paths Alike: Inside San Rita’s Approach to Digital Experiences","2026-06-08","Exploring the philosophy, projects, and process behind a studio that treats every brief as a new path to uncover.","상호작용 참고","보조 참고: 구조·간격만 검토하고 시각 스타일은 직접 전용하지 않음"
"Codrops","https://tympanus.net/codrops/2026/06/09/building-an-interactive-digital-stamp-collection-with-shaders-postcards-and-playful-inspection/","Building an Interactive Digital Stamp Collection with Shaders, Postcards, and Playful Inspection","2026-06-09","How we turned a small archive of stamp illustrations into a tactile web experience with draggable stamps, a shader-based loupe, and a postcard feedback dialog.","상호작용 참고","보조 참고: 구조·간격만 검토하고 시각 스타일은 직접 전용하지 않음"
"Codrops","https://tympanus.net/codrops/2026/06/10/building-horeca-advanced-motion-design-in-webflow-without-the-performance-trade-offs/","Building Horeca: Advanced Motion Design in Webflow Without the Performance Trade-Offs","2026-06-10","An inside look at how we built Horeca’s motion system in Webflow , from scroll-triggered animations and sticky layouts to performance tuning, mobile optimization, and production-ready architecture.","모션 / 건축·에디토리얼","부분 채택: 3상태 순환·전환 타이밍 참고, 과도한 장식 모션은 배제"
"Codrops","https://tympanus.net/codrops/2026/06/11/sketching-the-impossible-a-3d-portfolio-built-without-a-single-3d-model/","Sketching the Impossible: A 3D Portfolio Built Without a Single 3D Model","2026-06-11","How a complete lack of Blender skills accidentally led to an award-winning 3D universe. Here’s what happens when you ignore the &#8220;correct&#8221; way to code and build an infinite corridor out of flat geometry.","공간 깊이 / 건축·에디토리얼","채택: 단일 소실점, 후면-콘텐츠-전면 마스크 순서 검증에 사용"
"Codrops","https://tympanus.net/codrops/2026/06/16/designing-a-better-lou-reducing-cognitive-load-through-design-content-and-systems/","Designing A Better Lou: Reducing Cognitive Load Through Design, Content, and Systems","2026-06-16","A look at the design, content, and development decisions behind A Better Lou, a healthcare platform built to reduce complexity and improve clarity.","상호작용 참고","보조 참고: 구조·간격만 검토하고 시각 스타일은 직접 전용하지 않음"
"Codrops","https://tympanus.net/codrops/2026/06/17/always-building-always-learning-cyd-stumpels-journey-through-the-modern-web/","Always Building, Always Learning: Cyd Stumpel’s Journey Through the Modern Web","2026-06-17","From award-winning client work to teaching the next generation of developers, Cyd Stumpel shares how curiosity, thoughtful motion, and modern CSS continue to shape her evolving creative practice.","모션","부분 채택: 3상태 순환·전환 타이밍 참고, 과도한 장식 모션은 배제"
"Codrops","https://tympanus.net/codrops/2026/06/18/exploring-3d-image-rotations-on-scroll/","Exploring 3D Image Rotations on Scroll","2026-06-18","Some ideas for animating images in 3D while scrolling.","공간 깊이 / 모션","채택: 단일 소실점, 후면-콘텐츠-전면 마스크 순서 검증에 사용"
"Codrops","https://tympanus.net/codrops/2026/06/19/creative-entrepreneurship-designing-the-machine/","Creative Entrepreneurship: Designing the Machine","2026-06-19","From freelancer to multi-studio founder, Lewis Webber’s career is built on the idea that taste has to become a system — or it disappears.","상호작용 참고","보조 참고: 구조·간격만 검토하고 시각 스타일은 직접 전용하지 않음"
"Codrops","https://tympanus.net/codrops/2026/06/22/designing-beyond-the-surface-how-dashdigital-turns-complexity-into-clarity/","Designing Beyond the Surface: How DashDigital Turns Complexity into Clarity","2026-06-22","Research-led and strategy-driven, DashDigital believes the strongest digital work comes from understanding the problem before creating the solution.","상호작용 참고","보조 참고: 구조·간격만 검토하고 시각 스타일은 직접 전용하지 않음"
"Codrops","https://tympanus.net/codrops/2026/06/23/podium-building-a-website-where-running-becomes-storytelling/","Podium: Building a Website Where Running Becomes Storytelling","2026-06-23","How we designed and built a portfolio that preserves cinematic storytelling through rhythm, motion, and restraint.","모션 / 건축·에디토리얼","부분 채택: 3상태 순환·전환 타이밍 참고, 과도한 장식 모션은 배제"
"Codrops","https://tympanus.net/codrops/2026/06/25/shaping-stories-into-experience-the-work-of-kevin-lam/","Shaping Stories into Experience: The Work of Kevin Lam","2026-06-25","A spotlight on Brisbane-based designer Kevin Lam, and his practice of turning brand stories into soulful experiences across digital, print and motion.","모션","부분 채택: 3상태 순환·전환 타이밍 참고, 과도한 장식 모션은 배제"
"Codrops","https://tympanus.net/codrops/2026/06/26/engineering-the-web-experience-behind-shopifys-spring-26-edition-everywhere/","Engineering the Web Experience Behind Shopify’s Spring ’26 Edition: Everywhere","2026-06-26","A detailed look at the rendering architecture, custom tooling, and performance techniques behind Shopify’s Spring ’26 Edition: Everywhere.","건축·에디토리얼","보조 참고: 구조·간격만 검토하고 시각 스타일은 직접 전용하지 않음"
"Codrops","https://tympanus.net/codrops/2026/06/29/inside-bisous-designing-an-editorial-experience-for-cinematic-cgi/","Inside Bisous: Designing an Editorial Experience for Cinematic CGI","2026-06-29","A behind-the-scenes look at how editorial composition, purposeful motion, and minimalist design create a portfolio that lets cinematic CGI take the spotlight.","모션 / 건축·에디토리얼","부분 채택: 3상태 순환·전환 타이밍 참고, 과도한 장식 모션은 배제"
"Codrops","https://tympanus.net/codrops/2026/06/30/building-persistent-page-transitions-with-webgpu-and-vanilla-javascript/","Building Persistent Page Transitions with WebGPU and Vanilla JavaScript","2026-06-30","A step-by-step tutorial showing how to build seamless GPU-powered page transitions by combining a persistent WebGPU scene, DOM tracking, and a lightweight vanilla JavaScript router.","모션","부분 채택: 3상태 순환·전환 타이밍 참고, 과도한 장식 모션은 배제"
"Codrops","https://tympanus.net/codrops/2026/07/01/sculpting-a-digital-athlete-capturing-stefanos-tsitsipas-beyond-the-court/","Sculpting a Digital Athlete: Capturing Stefanos Tsitsipas Beyond the Court","2026-07-01","Explore the complete 3D workflow behind Stefanos Tsitsipas’ digital character, from photogrammetry and rigging to animation and WebGL optimization.","공간 깊이 / 모션","채택: 단일 소실점, 후면-콘텐츠-전면 마스크 순서 검증에 사용"
"Codrops","https://tympanus.net/codrops/2026/07/02/from-years-of-client-work-to-a-next-js-sanity-starter-kit/","From Years of Client Work to a Next.js + Sanity Starter Kit","2026-07-02","How years of refining my workflow became a headless foundation other developers can build on.","상호작용 참고","보조 참고: 구조·간격만 검토하고 시각 스타일은 직접 전용하지 않음"
"Codrops","https://tympanus.net/codrops/2026/07/07/building-a-scroll-driven-3d-gallery-using-a-blender-camera-path-with-three-js-and-gsap/","Building a Scroll-Driven 3D Gallery Using a Blender Camera Path with Three.js and GSAP","2026-07-07","Build a cinematic, scroll-driven 3D gallery using a camera path authored in Blender, rendered with Three.js, and animated with GSAP.","공간 깊이 / 캐러셀 / 모션","채택: 단일 소실점, 후면-콘텐츠-전면 마스크 순서 검증에 사용"
"Codrops","https://tympanus.net/codrops/2026/07/08/ten-years-away-designing-an-interactive-comic-for-studio375s-tenth-anniversary/","Ten Years Away: Designing an Interactive Comic for Studio375’s Tenth Anniversary","2026-07-08","The story behind &#8220;Ten Years Away&#8221;, a scroll-driven interactive comic created to celebrate Studio375’s tenth anniversary, from its printed origins to its WebGL implementation.","공간 깊이 / 모션","채택: 단일 소실점, 후면-콘텐츠-전면 마스크 순서 검증에 사용"
"Codrops","https://tympanus.net/codrops/2026/07/09/building-an-interactive-wave-propagation-cube-grid-with-three-js/","Building an Interactive Wave Propagation Cube Grid with Three.js","2026-07-09","A tutorial on how to create a minimalistic and customizable 3D wave grid background with Three.js.","공간 깊이","채택: 단일 소실점, 후면-콘텐츠-전면 마스크 순서 검증에 사용"
"Codrops","https://tympanus.net/codrops/2026/07/10/the-sleepers-creating-an-atmospheric-webgl-experience-with-lightweight-techniques/","The Sleepers: Creating an Atmospheric WebGL Experience with Lightweight Techniques","2026-07-10","From swirling transitions and animated fog to mesh outlines and infinite worlds, here’s a breakdown of the techniques behind it.","공간 깊이 / 모션","채택: 단일 소실점, 후면-콘텐츠-전면 마스크 순서 검증에 사용"
"Codrops","https://tympanus.net/codrops/2026/07/13/where-stories-become-interactive-worlds-how-makemepulse-brings-ideas-to-life-across-web-xr-and-beyond/","Where Stories Become Interactive Worlds: How makemepulse Brings Ideas to Life Across Web, XR, and Beyond","2026-07-13","For more than 15 years, makemepulse has combined creative storytelling and technical innovation to craft award-winning digital experiences across web, immersive media, and interactive installations.","상호작용 참고","보조 참고: 구조·간격만 검토하고 시각 스타일은 직접 전용하지 않음"
"Codrops","https://tympanus.net/codrops/2026/07/15/the-architecture-behind-trionn-coordinating-gsap-three-js-lenis-and-web-audio/","The Architecture Behind Trionn: Coordinating GSAP, Three.js, Lenis, and Web Audio","2026-07-15","A behind-the-scenes look at how multiple animation, rendering, and interaction layers were unified into one performant web experience.","공간 깊이 / 마스크·레이어 / 모션 / 건축·에디토리얼","채택: 단일 소실점, 후면-콘텐츠-전면 마스크 순서 검증에 사용"
"Codrops","https://tympanus.net/codrops/2026/07/16/meet-the-speakers-of-the-first-three-js-conference/","Meet the Speakers of the First Three.js Conference","2026-07-16","Before they take the stage, we asked a handful of speakers to share what they’re building, exploring, and excited to bring to Paris.","공간 깊이","채택: 단일 소실점, 후면-콘텐츠-전면 마스크 순서 검증에 사용"
"Codrops","https://tympanus.net/codrops/2026/07/17/zero-the-engineering-behind-a-defiant-interactive-narrative/","ZERO: The Engineering Behind a Defiant Interactive Narrative","2026-07-17","A technical breakdown of the pipeline, rendering techniques, and performance optimizations behind ZERO, an immersive scroll driven WebGL experience built for desktop and mobile.","공간 깊이 / 모션","채택: 단일 소실점, 후면-콘텐츠-전면 마스크 순서 검증에 사용"
"Codrops","https://tympanus.net/codrops/2026/07/20/the-craft-behind-memorable-digital-experiences-inside-unseen-studio/","The Craft Behind Memorable Digital Experiences: Inside Unseen Studio","2026-07-20","A look inside Unseen Studio’s approach to transforming abstract ideas, hidden stories, and complex concepts into experiences people can explore and remember.","상호작용 참고","보조 참고: 구조·간격만 검토하고 시각 스타일은 직접 전용하지 않음"
"Codrops","https://tympanus.net/codrops/2026/07/21/magnetic-commerce-building-the-dash-creative-website/","Magnetic Commerce: Building the Dash Creative Website","2026-07-21","How a simple branding concept shaped the interaction design, animation, and WebGL implementation of the Dash Creative website.","공간 깊이 / 모션","채택: 단일 소실점, 후면-콘텐츠-전면 마스크 순서 검증에 사용"
"Codrops","https://tympanus.net/codrops/2026/07/22/building-ridgeline-engineering-a-real-time-3d-experience-in-webflow/","Building Ridgeline: Engineering a Real-Time 3D Experience in Webflow","2026-07-22","A behind-the-scenes look at the engineering behind Ridgeline, covering the architectural decisions, Webflow integration, real-time terrain rendering, animation techniques, and performance optimizations that brought a cinematic 3D experience to life.","공간 깊이 / 모션","채택: 단일 소실점, 후면-콘텐츠-전면 마스크 순서 검증에 사용"
"Codrops","https://tympanus.net/codrops/2026/07/23/building-cerebrium-making-serverless-infrastructure-tangible/","Building Cerebrium: Making Serverless Infrastructure Tangible","2026-07-23","Go behind the scenes of Cerebrium to explore the design, 3D, and WebGL techniques that turned complex AI infrastructure into an intuitive interactive experience.","공간 깊이","채택: 단일 소실점, 후면-콘텐츠-전면 마스크 순서 검증에 사용"
"Codrops","https://tympanus.net/codrops/2026/07/24/the-art-of-continuous-transformation-how-garden-eight-blends-integrity-with-play/","The Art of Continuous Transformation: How Garden Eight Blends Integrity with Play","2026-07-24","Inside Garden Eight’s approach to creating websites that are not only visually striking, but thoughtfully crafted to evolve, engage, and endure.","상호작용 참고","보조 참고: 구조·간격만 검토하고 시각 스타일은 직접 전용하지 않음"
"Codrops","https://tympanus.net/codrops/2026/07/27/between-print-and-digital-the-making-of-mersis-website/","Between Print and Digital: The Making of MERSI’s Website","2026-07-27","FLOT NOIR reimagines MERSI’s digital presence as a quiet, immersive space between architectural print and interactive web, combining a tailored Webflow build with precise motion and editorial storytelling.","모션 / 건축·에디토리얼","부분 채택: 3상태 순환·전환 타이밍 참고, 과도한 장식 모션은 배제"
"Codrops","https://tympanus.net/codrops/2026/07/29/studio-freight-moving-missions-forward/","Studio Freight: Moving Missions Forward","2026-07-29","A look inside Studio Freight’s mission driven approach to strategy, design, and digital experiences, and the bold work they create with teams shaping what comes next.","상호작용 참고","보조 참고: 구조·간격만 검토하고 시각 스타일은 직접 전용하지 않음"
"Codrops","https://tympanus.net/codrops/2026/07/30/building-an-infinite-gsap-scroll-gallery-with-parallax-and-flip-transitions/","Building an Infinite GSAP Scroll Gallery with Parallax and Flip Transitions","2026-07-30","Learn how to build an infinite GSAP gallery with parallax scrolling, reveal animations, and Flip-powered fullscreen transitions.","마스크·레이어 / 캐러셀 / 모션","채택: 단일 소실점, 후면-콘텐츠-전면 마스크 순서 검증에 사용"
